Price,Close,High,Low,Open,Volume
Ticker,0388.HK,0388.HK,0388.HK,0388.HK,0388.HK
Date,,,,,
2020-01-02,220.1413116455078,222.17025871423667,213.37813755010382,214.2235343120293,7135253
2020-01-03,225.3827667236328,228.5952638830019,223.18473013063604,223.18473013063604,10823936
2020-01-06,227.0735626220703,228.76435605067925,224.0301292906822,225.04461566763166,5701213
2020-01-07,228.08804321289062,229.94792646733794,227.0735825463887,229.77883678985634,3501948
2020-01-08,226.7354278564453,227.2426452874272,224.19923750368625,226.39724850317418,4634563
2020-01-09,232.3149871826172,232.3149871826172,229.10249025891744,231.80776983637057,5823897
2020-01-10,232.48410034179688,232.48410034179688,230.62421721927822,232.31501067630947,3352012
2020-01-13,236.8801727294922,237.21832625969245,232.4840994385071,233.8367393587687,6789892
2020-01-14,234.68212890625,238.7400227434636,233.8367322068755,238.5709588832646,4719690
2020-01-15,236.5419921875,236.5419921875,231.8077911900391,233.49858463183529,3981073
2020-01-16,235.02029418945312,238.06372761942458,233.66765424285902,236.71108767283047,3373083
2020-01-17,236.71107482910156,237.38738186597226,234.1748847416469,236.37292131066621,2849141
2020-01-20,236.8801727294922,239.75451643538526,235.86568633943082,237.5564797898927,5339574
2020-01-21,229.77883911132812,236.71110316670976,228.59528875538714,236.37294960779272,7716198
2020-01-22,232.48410034179688,232.48410034179688,228.08802703373132,229.7788204907626,3526956
2020-01-23,227.7498779296875,231.97686165443844,225.21368769483695,230.96240104017494,4943325
2020-01-24,229.440673828125,229.9479170403121,226.90448356665095,228.25712353266275,1650852
2020-01-29,223.01565551757812,225.21369225888495,221.15579812067367,221.4939516656143,5600820
2020-01-30,218.1123504638672,225.0446137828904,215.914313865192,224.03012741443723,5688105
2020-01-31,218.78868103027344,222.33935790210745,218.61961715032976,222.33935790210745,5022051
2020-02-03,220.1413116455078,221.1557980796031,216.42157105292796,216.7597245978058,4114799
2020-02-04,223.1847686767578,223.8610758378107,218.4505411509943,218.4505411509943,5738311
2020-02-05,225.3827667236328,225.55183058496488,222.5084230863878,224.87552354071664,6371086
2020-02-06,230.79330444335938,232.31500821880616,227.74987109300542,228.25711428464115,7939798
2020-02-07,228.76437377929688,230.79332089097343,225.89002988779993,230.79332089097343,3445259
2020-02-10,226.9044952392578,228.08804559560522,225.72094488291037,226.39725200097666,2822520
2020-02-11,228.4262237548828,229.10253086939855,226.22818693351266,228.25713407652256,3420248
2020-02-12,228.59530639648438,230.28610012101382,227.74990953421968,229.94794653600087,2975436
2020-02-13,227.24264526367188,229.94792529278368,225.89003104857835,229.94792529278368,3371279
2020-02-14,227.91896057128906,229.102510817836,225.89001360585715,225.89001360585715,2100590
2020-02-17,230.6242218017578,230.793311470605,227.9189676964311,228.25712123466428,2727836
2020-02-18,228.25714111328125,230.45517800241296,227.41174429434318,230.45517800241296,2088046
2020-02-19,228.59530639648438,229.77885684376201,227.74990953421968,229.77885684376201,1789838
2020-02-20,229.440673828125,229.77882736976258,225.72093327118873,229.77882736976258,3235987
2020-02-21,226.22817993164062,229.10252377856418,225.0446296181382,228.59528055864547,3685494
2020-02-24,220.4794921875,224.03016934214256,219.46503142864847,224.03016934214256,6114497
2020-02-25,221.3248748779297,221.8321181246009,218.28146699682887,219.80317093737926,4172326
2020-02-26,219.63409423828125,220.6485807915917,217.26699334650985,218.11239020778032,3885392
2020-02-27,220.4794921875,220.4794921875,216.5906872460385,219.63409532205796,4145590
2020-02-28,216.25247192382812,217.43603500800296,211.34916863162846,216.7597021887063,8706351
2020-03-02,215.40708923339844,218.11235618756166,214.05444930645163,216.59065239440946,5124136
2020-03-03,217.26695251464844,219.8031426218233,215.91431263092983,218.11234921704005,4638528
2020-03-04,215.74525451660156,217.26697129236982,214.39262741570948,216.42157451691313,4806574
2020-03-05,219.4650115966797,219.80316515240628,215.57618120716768,217.4360644628577,6438732
2020-03-06,215.914306640625,218.45049667743606,215.7452298847835,217.94325351018202,3210325
2020-03-09,209.6584014892578,212.8709118339588,209.6584014892578,212.53274538204064,8555533
2020-03-10,211.8563995361328,213.03994965208622,207.4603267632115,210.33468303010073,7200182
2020-03-11,210.99227905273438,213.5590950360742,210.82114754277742,213.04572661720576,4461430
2020-03-12,203.976318359375,209.28108218551228,202.77847604376458,207.91210834867002,7937671
2020-03-13,203.80519104003906,205.17416481741105,193.3668084179576,196.78922980588604,12435490
2020-03-16,195.59136962890625,200.72500124063083,195.07800124553367,198.32930387739262,8727347
2020-03-17,197.81594848632812,198.67155381114398,191.48447430489117,195.07801405801757,8224395
2020-03-18,189.7732696533203,200.7250207682097,189.7732696533203,198.5004416311769,9442867
2020-03-19,182.24391174316406,188.40426671211478,176.25467520700374,186.69305627321182,17920363
2020-03-20,186.52195739746094,189.77326018337925,184.63962832840326,186.3508389467286,13621900
2020-03-23,180.87493896484375,183.95512299060724,178.65037321779198,178.8214916513345,9343515
2020-03-24,191.48446655273438,191.65558499966966,186.17971636473652,186.6930717055424,9158338
2020-03-25,198.5004119873047,199.3560172113879,194.90687265725512,197.30256989578805,9657066
2020-03-26,198.32931518554688,200.21164427273735,195.5913807809515,200.21164427273735,6661467
2020-03-27,200.72500610351562,203.46294041833283,198.3293086822378,201.9228482864042,6793499
2020-03-30,198.5004119873047,201.0672276595543,195.76247788133833,195.76247788133833,5956231
2020-03-31,200.04049682617188,202.77843083392673,197.64479967357417,202.77843083392673,4822887
2020-04-01,197.6448516845703,202.43624725063972,195.59140390225633,202.43624725063972,5251052
2020-04-02,201.06724548339844,201.06724548339844,196.10473213270802,197.64482428368103,3364568
2020-04-03,202.26512145996094,202.4362529929269,199.01383122165512,199.01383122165512,4059519
2020-04-06,205.68746948242188,205.68746948242188,200.89608855388275,203.63402237811914,4420068
2020-04-07,208.5965576171875,209.1099129217205,206.37197879771185,208.76767605203182,4519948
2020-04-08,207.3987274169922,208.25433274966213,205.6875167516523,206.54312208432225,2749718
2020-04-09,211.6767578125,212.53236316025544,208.25433642147814,209.4521917416367,5242656
2020-04-14,213.38795471191406,213.90132310957733,211.16338878487488,211.5056256796499,3125430
2020-04-15,211.33450317382812,214.92804272195912,209.79441106591472,213.90131900185034,4256171
2020-04-16,209.45217895507812,211.3345079941281,208.08320526004138,210.30778425060092,3539366
2020-04-17,211.33450317382812,214.58580583375633,209.96552951001613,213.90131900185034,3211940
2020-04-20,208.93881225585938,212.19011501640446,208.59657535706552,211.5056281633159,2460706
2020-04-21,207.3987274169922,211.3345171694744,205.0030429299174,211.3345171694744,3520232
2020-04-22,207.56985473632812,207.91209164028456,204.48967037871608,205.34527569410818,2765730
2020-04-23,209.10992431640625,210.6500164249265,207.22759531954833,210.4788979807577,3198414
2020-04-24,209.623291015625,209.623291015625,206.88535676448015,207.0564752072704,2235381
2020-04-27,211.33450317382812,211.50562161792953,209.62329262181333,210.13666100961794,2532890
2020-04-28,216.1259002685547,216.2970187144984,210.99226855723987,212.19011073434643,5517186
2020-04-29,215.61253356933594,217.8371125505849,215.61253356933594,216.46813886127774,3347887
2020-05-04,210.8211212158203,211.33448957058025,208.76767390777968,211.33448957058025,4951916
2020-05-05,216.9815216064453,216.9815216064453,211.50563954262716,213.55910021237204,4326301
2020-05-06,216.81039428710938,218.17936809342572,215.61255199820894,215.61255199820894,4521808
2020-05-07,210.8211212158203,217.15260768402814,207.91206868684617,217.15260768402814,9624132
2020-05-08,207.74095153808594,212.5323329716359,207.22758318015218,212.5323329716359,8393554
2020-05-11,213.90133666992188,215.27031044680996,210.30779682496748,210.47891528320312,6513615
2020-05-12,215.2703094482422,215.9547832780097,212.53236190716643,214.75694102041513,5180274
2020-05-13,217.8370819091797,218.52155560205316,213.38792457250923,214.24352974409987,4837463
2020-05-14,213.55908203125,216.29701630231722,213.21683208767882,216.12589785828183,3363018
2020-05-15,215.9547576904297,216.46812605742988,212.53233672509484,213.73019189626197,2579800
2020-05-18,218.00823974609375,219.03496352652408,215.09917380345638,215.09917380345638,3630823
2020-05-19,226.9065399169922,227.93325062809498,223.14185564327576,223.31298715062724,11463814
2020-05-20,227.41989135742188,229.98670740484653,224.85307530999725,226.56428600828033,6248734
2020-05-21,231.86904907226562,234.9492335441347,230.84231221130827,231.0134437251355,12803812
2020-05-22,221.6017608642578,228.78883977819586,220.40391873043484,228.61773439393556,13517566
2020-05-25,235.2914276123047,235.2914276123047,218.17932378595526,220.74613935990766,14691447
2020-05-26,233.06687927246094,240.25395859414886,233.06687927246094,237.85827419058677,9395396
2020-05-27,233.40911865234375,237.17380291367346,230.50006581395422,235.80482919237193,6831271
2020-05-28,230.67120361328125,233.06688810765993,225.87980851352117,232.55351968429233,10499383
2020-05-29,231.18458557128906,234.7781125232392,226.90655864444068,226.90655864444068,6496883
2020-06-01,241.96514892578125,242.64964877730367,236.31817528896843,238.71385949179813,15034166
2020-06-02,246.41429138183594,246.927659711081,242.30739696987115,243.84747584660846,12036797
2020-06-03,250.17898559570312,251.89019620321272,247.44106429028878,248.98114339264674,11716826
2020-06-04,249.8367919921875,252.7458453068816,247.4411071709115,252.57473988307973,6971498
2020-06-05,251.71910095214844,252.23244326628523,248.2966795992219,249.49452185054562,7169644
2020-06-08,250.52122497558594,255.65485684894634,249.83675117020536,252.40356710688553,8429072
2020-06-09,248.8099822998047,253.2591397946507,248.46774544120083,250.69232418862384,8360605
2020-06-10,253.60142517089844,254.1147936125184,250.69237214972352,251.54797751542225,6524580
2020-06-11,251.8901824951172,256.33934027691555,251.8901824951172,254.62812976253161,9078417
2020-06-12,253.43026733398438,253.43026733398438,246.7565311956138,247.26989953102665,6301599
2020-06-15,245.90097045898438,253.60141854920937,244.8742597135561,251.2057340322072,8343223
2020-06-16,253.08802795410156,253.08802795410156,250.52121214884292,250.86347514501122,5745974
2020-06-17,251.2056884765625,255.82595127062157,250.00784643528766,255.82595127062157,5893851
2020-06-18,253.2591094970703,253.2591094970703,248.29661036348537,252.2323729330894,7694884
2020-06-19,257.02386474609375,257.36610169428985,253.0880745643249,253.25920609392568,12513822
2020-06-22,266.6065673828125,266.948804217302,256.5104110438934,257.02377935112605,12955661
2020-06-23,273.7936706542969,273.7936706542969,261.81519756317135,269.5156445503235,12959881
2020-06-24,271.9113464355469,275.3337675416507,271.22687265872645,273.7936884883043,6410223
2020-06-26,273.2802734375,275.3337205283354,270.3712212162335,273.4514049079848,5938642
2020-06-29,273.7936706542969,274.6492758750915,271.0557235033542,272.08246021270753,5694721
2020-06-30,282.3497314453125,284.23207343268126,273.79367897727275,275.1626525943591,11224546
2020-07-02,299.4617919921875,299.4617919921875,283.54753153840346,284.9165049525669,13069603
2020-07-03,295.52606201171875,303.2265096234885,291.7614039570538,299.46185156882353,10697868
2020-07-06,302.37091064453125,303.73988435962,295.5260681800891,296.0394365871226,9104748
2020-07-07,297.5794982910156,308.01789288312153,296.8950245290088,303.7398665930782,9460517
2020-07-08,306.30670166015625,306.30670166015625,297.9217800479382,299.4618591649572,7153071
2020-07-09,317.0873107910156,317.429547668728,306.8200477936444,308.0178899211377,9399595
2020-07-10,311.2692565917969,319.6542057849394,309.9003087415754,313.32273058914217,8028498
2020-07-13,309.0446472167969,316.23172657069875,309.0446472167969,311.4403316310969,8063068
2020-07-14,304.4243469238281,307.50453114132233,299.46184676469915,304.5954784235226,8730639
2020-07-15,305.10882568359375,312.2959042860594,302.1997731672385,312.2959042860594,5872640
2020-07-16,287.6545104980469,305.2799586785649,286.9700105957443,304.93772178291437,10573670
2020-07-17,296.723876953125,298.43508737640946,290.0501667467152,290.0501667467152,6100371
2020-07-20,296.0394287109375,301.3441919241466,292.2747706778541,299.11961296018796,3935782
2020-07-21,325.1300354003906,325.1300354003906,307.8467967583896,312.9804288962905,14526198
2020-07-22,309.0446472167969,325.98562184463714,308.87351571106035,325.1300165379583,7919604
2020-07-23,321.5364685058594,321.5364685058594,311.7825730893345,313.15154682223323,8663758
2020-07-24,308.36016845703125,318.11406440004487,306.4778523198201,317.42959055215056,8702497
2020-07-27,302.713134765625,313.15152952761235,300.4885819473988,309.3868715533057,7739812
2020-07-28,310.7558898925781,314.34941688479245,307.1623367893593,308.01794218431576,4558359
2020-07-29,314.3493957519531,315.718369514052,308.70239530267196,308.87352681456036,4249828
2020-07-30,310.2424621582031,320.509724936008,310.0713306675066,315.5471989268026,5191921
2020-07-31,316.7450866699219,318.62740262864844,312.46706024872356,313.15153403171485,5294034
2020-08-03,317.6007385253906,319.48305476012973,314.69165924360345,319.14081781845033,3028743
2020-08-04,322.3920593261719,324.2744013881287,317.429559142469,319.9963749845914,5173621
2020-08-05,330.26361083984375,331.6325843971309,321.19419039768974,324.78774272169375,6301703
2020-08-06,329.40802001953125,331.9748357599432,322.56317804509945,331.6325988834216,5717924
2020-08-07,326.3278503417969,330.605876765027,317.42956060367834,330.26363987336885,5254574
2020-08-10,319.99639892578125,323.4188203046666,317.7718198073052,323.4188203046666,5728426
2020-08-11,319.99639892578125,324.7877940784213,316.9162144625838,320.85200427050256,6091648
2020-08-12,316.40283203125,318.4563056565078,306.47783136051237,317.4295688438789,9859902
2020-08-13,318.28515625,321.70757728494624,316.57394573252685,320.68084053006226,2764840
2020-08-14,315.2049865722656,319.31190766941336,314.00714437722314,316.9161971683268,2948889
2020-08-17,322.2209777832031,322.2209777832031,312.6381874856867,312.6381874856867,4939259
2020-08-18,324.2744140625,324.4455455697306,321.1942297093629,323.0765718448917,2925996
2020-08-19,319.6541442871094,326.49898666537297,317.60069679583063,323.418802372954,2995328
2020-08-20,317.4295959472656,319.14080670708915,313.1515690477068,319.14080670708915,6658270
2020-08-21,322.04986572265625,323.2477080544479,317.7718387441114,319.825286471612,3139012
2020-08-24,325.9856262207031,326.4989946338023,322.2209680429794,323.4188102662094,3539109
2020-08-25,320.8519592285156,326.8411958007813,320.8519592285156,325.9855905761719,3535702
2020-08-26,326.84130859375,327.35467712787903,319.14085891483967,319.14085891483967,3379748
2020-08-27,324.6166687011719,329.579195460962,323.41882641812026,326.84124786169826,3341823
2020-08-28,325.64337158203125,329.921397939885,323.9321610388897,327.52568751288646,5936037
2020-08-31,334.7127685546875,340.3597420511847,328.2101637372981,329.40800580894904,8167226
2020-09-01,340.50885009765625,340.85436368852453,333.77121645123697,337.2264050819144,5190038
2020-09-02,340.3360595703125,342.7546809213378,337.2263847182831,341.1998566758209,4289596
2020-09-03,333.94403076171875,340.16335530601987,331.8709225802851,338.09024712458614,3493541
2020-09-04,328.76123046875,328.76123046875,319.60497457362993,326.51535240224894,9019972
2020-09-07,319.60498046875,326.86087205043515,319.60498046875,323.9239666913007,6492762
2020-09-08,317.87738037109375,323.57844735647086,312.17631338571664,322.88739375645577,4795510
2020-09-09,317.5318603515625,319.6049683878243,312.521820706181,312.6945906929524,4213711
2020-09-10,313.9039001464844,320.9870477971943,313.9039001464844,318.91393976998614,2880813
2020-09-11,318.7411804199219,319.6049776568322,313.5583969984597,313.5583969984597,2783637
2020-09-14,321.1598205566406,326.5153742770133,319.6049959854363,320.6415632735733,2707320
2020-09-15,320.46881103515625,323.5784867109324,319.25950003929955,321.3326083694828,1779603
2020-09-16,323.4056396484375,325.9970310340195,320.8142482628555,320.8142482628555,2139899
2020-09-17,319.60498046875,324.6149939425088,318.7411832242399,323.40568307239465,2673720
2020-09-18,321.850830078125,321.850830078125,317.8773578330128,320.9870329101005,3422523
2020-09-21,317.01361083984375,324.09675928311833,317.01361083984375,322.88742196768,2865329
2020-09-22,314.594970703125,318.5684169859067,314.594970703125,316.8408224765233,3297242
2020-09-23,318.0501403808594,319.259451191688,313.90389799387725,314.5949515722069,1944877
2020-09-24,308.8939208984375,316.14981297316217,308.72115089339576,316.14981297316217,5721780
2020-09-25,307.33905029296875,313.0401174019496,306.1297394179728,308.3756175349653,4186161
2020-09-28,311.48529052734375,313.3856286418623,305.43870983742136,305.43870983742136,3364064
2020-09-29,310.1032409667969,314.5949976199091,308.0301326503614,314.0767139505497,2848408
2020-09-30,312.5218200683594,315.631495296905,308.72111761613644,310.96699563458594,3118842
2020-10-05,316.1497802734375,317.35909110064426,313.73115861902386,316.1497802734375,3027347
2020-10-06,323.9239501953125,324.7877473958333,318.22288339967525,318.7411669921875,4500250
2020-10-07,325.6515808105469,326.5153781071266,321.3325943276484,326.5153781071266,3170865
2020-10-08,326.3426208496094,328.2429855207092,322.1964042084856,328.2429855207092,2326474
2020-10-09,321.33258056640625,327.3791613835161,321.33258056640625,326.515364123929,2473918
2020-10-12,325.47882080078125,329.7978074162959,321.33260419428814,321.67811785132886,6191023
2020-10-14,322.1962890625,324.61491017862556,319.25938446120665,323.57836956928304,5168561
2020-10-15,312.6946105957031,320.64155599502175,312.6946105957031,319.6049887304148,5171806
2020-10-16,312.0035400390625,316.32252577403847,310.9669729182695,312.52179723846206,4880405
2020-10-19,317.1864013671875,318.9139960884445,310.9670498262609,310.9670498262609,3384560
2020-10-20,317.01361083984375,318.05017814993334,315.28601623036235,316.3225835404519,2206501
2020-10-21,320.81427001953125,322.0235808092822,319.6049592297804,320.64152639870866,3604832
2020-10-22,319.60498046875,320.6415477065621,315.4587642395013,320.6415477065621,3218224
2020-10-23,317.87738037109375,320.46877205890155,315.63150230279376,320.46877205890155,3286031
2020-10-27,315.1131896972656,318.0501210953331,312.8673381966215,317.87735112097727,4717452
2020-10-28,326.1698303222656,328.58845195514414,314.2494130605104,315.1132102666811,8730112
2020-10-29,331.17987060546875,332.3891815206153,319.9505060086777,321.3325869235598,8250993
2020-10-30,319.7777099609375,330.834302745906,319.43217001809757,330.48878916406255,7374458
2020-11-02,323.4056396484375,323.9239231977532,316.3225190111111,319.95045113432815,4085313
2020-11-03,326.515380859375,331.6981646825397,324.26950259713664,326.515380859375,7010006
2020-11-04,320.9870910644531,321.3326047220613,312.6946314768446,313.5584288013663,11034254
2020-11-05,331.0071105957031,332.04365145984855,324.787759966832,326.5153544347407,9625066
2020-11-06,329.1067199707031,335.15330012764514,328.2429228054257,331.6981114665354,4834083
2020-11-09,334.9805603027344,340.85439737194,333.42573580967985,336.0171275387706,7150862
2020-11-10,328.76123046875,338.60851360233227,324.4422443258631,336.8809191451775,7192472
2020-11-11,315.63153076171875,326.86089575471533,315.2860171110577,325.3060711462396,8236127
2020-11-12,319.0867004394531,323.9239703353274,317.8773895557346,317.8773895557346,5040584
2020-11-13,320.46881103515625,325.6515950411156,319.77778371209604,322.8874330268696,4462545
2020-11-16,323.0601501464844,324.6149745493141,316.14977260324406,323.57843373442705,4481080
2020-11-17,322.1962890625,326.5152741705764,320.46869501926943,326.5152741705764,2447195
2020-11-18,319.60498046875,323.06016944679055,318.05015597303174,322.71465582118645,3769532
2020-11-19,319.950439453125,321.3325200805091,317.013534595556,318.9138987533335,3262491
2020-11-20,324.9605407714844,326.3425953030012,320.9870680908723,320.9870680908723,3923833
2020-11-23,325.47882080078125,328.24298277911157,324.2695098206376,327.5519554650301,3059445
2020-11-24,338.60858154296875,338.60858154296875,326.6881879412151,328.24301272022484,9088307
2020-11-25,330.8343505859375,344.1368231179762,329.4522696977126,340.68163407791417,8665708
2020-11-26,330.66156005859375,333.9440052594442,328.93396564582997,333.9440052594442,1887248
2020-11-27,333.5984802246094,336.1898717550098,329.6250079391292,329.9705215376497,2550658
2020-11-30,332.907470703125,336.70817351159786,328.5884842478146,333.7712679941871,6109399
2020-12-01,333.5984802246094,336.01710177525064,330.83431871444986,334.4622774014095,3306955
2020-12-02,328.0701599121094,336.0171045486621,326.5153355254351,334.80779376336005,4440677
2020-12-03,332.38922119140625,333.4257885915328,329.4523153723863,332.561991211762,4582671
2020-12-04,338.60858154296875,338.60858154296875,332.73476975448244,335.15339193538745,4891068
2020-12-07,332.04364013671875,337.0536797394047,330.143302103423,337.0536797394047,4167750
2020-12-08,331.6981201171875,336.0171060562134,330.14329572353745,331.6981201171875,2705795
2020-12-09,332.2164001464844,334.98053530127856,330.31603580925264,334.4622780829407,2409324
2020-12-10,331.8709411621094,333.25299578644746,328.76126553534425,328.76126553534425,1986228
2020-12-11,333.42572021484375,334.9805446351767,331.5253558246602,333.42572021484375,2584766
2020-12-14,334.9805603027344,336.0171275387706,332.5619385666496,336.0171275387706,3726291
2020-12-15,330.3160095214844,335.1532786086538,327.724618192036,335.1532786086538,3557003
2020-12-16,334.63507080078125,335.844381756,331.69816523496365,333.4257598455624,3536979
2020-12-17,339.64508056640625,339.64508056640625,334.63504082781367,336.8809188926311,4166768
2020-12-18,340.3360595703125,341.027086710321,336.01707404277045,339.4722624648041,4110715
2020-12-21,348.11029052734375,351.5654795152082,338.95403443730294,341.19991255161483,9959184
2020-12-22,342.7547607421875,350.70170650795063,342.06373344125234,349.8379092012808,3653927
2020-12-23,348.80133056640625,348.80133056640625,340.68164141948415,341.1999250588624,2983900
2020-12-24,356.748291015625,356.748291015625,356.748291015625,356.748291015625,0
2020-12-28,357.78485107421875,364.004175797972,355.88448647582106,358.4758783676353,3984999
2020-12-29,356.9210510253906,362.2765784105859,356.0572537347783,360.03070018279374,2302202
2020-12-30,367.2865905761719,367.97761781170027,357.4392811233974,357.4392811233974,4645458
2020-12-31,371.4328308105469,371.4328308105469,371.4328308105469,371.4328308105469,0
2021-01-04,381.6256408691406,381.6256408691406,366.5955729530304,367.1138566110346,5015593
2021-01-05,394.7553405761719,397.3467323086194,380.5890710443254,381.6256119207045,7687814
2021-01-06,387.84490966796875,396.4828809300616,387.3266261200439,393.8914895514337,5333736
2021-01-07,382.6622009277344,397.17398491061584,382.6622009277344,391.81845750881496,5704257
2021-01-08,390.4364013671875,401.1474832121398,384.90810361118014,388.3632930038101,10271690
2021-01-11,388.88153076171875,395.61913873729895,388.88153076171875,394.75534149114765,3779470
2021-01-12,388.88153076171875,392.6822333725845,381.4528691726175,388.88153076171875,3621313
2021-01-13,391.6456298828125,394.5825349756925,387.3266440518133,389.05423838421297,3231606
2021-01-14,395.61920166015625,397.001282746017,387.8450252083191,392.1640121260064,3956847
2021-01-15,395.9646301269531,407.36676368022864,391.64564413874245,393.8915221248117,6907409
2021-01-18,416.3502502441406,418.94164184317054,390.60910423817614,391.300131453518,10741474
2021-01-19,432.7624206542969,453.493554577856,418.42338108496847,418.42338108496847,17172323
2021-01-20,437.9451904296875,449.17455428685895,432.33050850110175,432.33050850110175,12117751
2021-01-21,444.8555908203125,453.4935634576001,436.64951681488924,440.96850313353303,8243153
2021-01-22,440.9684753417969,449.17454883003796,438.80898231857554,441.40037394644116,7813752
2021-01-25,477.6799011230469,478.1117997678236,447.4469959886768,448.3107932782303,11868997
2021-01-26,443.1280517578125,468.1781755413926,442.6961530718887,462.13159393845945,18985693
2021-01-27,439.6727600097656,450.47022464654765,433.62617981316765,443.12794869353587,12243662
2021-01-28,426.1975402832031,442.26417374212866,425.8520266696669,427.57962109834705,14294303
2021-01-29,429.6527099609375,441.4003568237496,428.44339918704463,429.3071963628249,9998874
2021-02-01,435.35382080078125,440.53660438174296,423.7789427421669,431.8986317468068,6694803
2021-02-02,450.038330078125,456.94870750734765,443.12795264890235,447.44693854216655,7652162
2021-02-03,450.038330078125,456.08491032869483,447.87883713149296,453.4935187927363,4814234
2021-02-04,441.400390625,449.17456580234835,435.7857085524707,442.2641878669276,6620948
2021-02-05,446.58319091796875,459.5401500355114,444.85559636896306,445.2874950062145,6656415
2021-02-08,447.87890625,457.38067668153326,445.2875143141273,453.925487433703,4538849
2021-02-09,444.4237060546875,449.17459115342564,443.128010118668,448.74269250808584,3770129
2021-02-10,461.26776123046875,461.26776123046875,448.74270029818075,450.9021935623683,5424291
2021-02-11,462.99530029296875,462.99530029296875,462.99530029296875,462.99530029296875,0
2021-02-16,473.36090087890625,478.11178583298283,464.72292823513055,469.905711821396,5662561
2021-02-17,486.74981689453125,492.7963984708608,467.3143761134719,468.17817348151897,6039425
2021-02-18,488.4773254394531,497.97909481139646,481.998846322219,490.63681847853115,7518475
2021-02-19,489.7730712890625,491.0687672448537,475.52041577535965,481.13509825045475,6015649
2021-02-22,485.8858947753906,507.048924858941,483.72640190972226,500.5704462619358,8483046
2021-02-23,481.9988098144531,489.7729841662992,468.17805541117133,481.13501266424805,5486915
2021-02-24,439.6727600097656,488.04540158254923,422.91510016567935,482.86261855689384,40339810
2021-02-25,431.8986511230469,451.334090423584,427.5796646118164,446.15130661010744,21813268
2021-02-26,408.7488708496094,423.260654162199,404.2571145875696,423.0878841671204,22444157
2021-03-01,422.9151306152344,424.12444146942386,408.74886126401566,413.93164466282735,10509974
2021-03-02,421.1875305175781,439.67278578732066,414.622666361324,429.30721912828756,11416451
2021-03-03,430.1710510253906,431.5531319635359,420.4965108193749,425.8520645693124,5474542
2021-03-04,417.2140808105469,424.8154862312249,412.89509446675237,419.8054726168235,8625288
2021-03-05,414.44989013671875,422.2240650140219,401.6657019939975,409.0943632600647,9559584
2021-03-08,393.373291015625,419.63272405512834,387.4994798324078,418.59618309626757,17693509
2021-03-09,384.5276794433594,396.7404463700578,375.2808914962345,391.50640340147277,14013786
2021-03-10,388.0170593261719,396.91494343201737,384.70217594180144,396.0426028970019,7375540
2021-03-11,402.3234558105469,405.2894082345774,388.36600758290217,389.5872789784771,7973377
2021-03-12,395.6936950683594,409.1277347661883,392.72774240079536,406.5107130086221,6862165
2021-03-15,389.06390380859375,399.3575121395942,382.95751966810013,395.17028794908737,6403885
2021-03-16,395.3447570800781,403.0213434494747,392.55325660663124,394.29793774710515,5021633
2021-03-17,396.5660400390625,399.5319927394212,389.06390559341014,394.29794916641566,3008874
2021-03-18,410.00006103515625,415.40858312728716,400.4043149258228,400.57879368559,8352973
2021-03-19,407.3830261230469,409.6511168176691,397.787280325716,405.6383450689867,6347720
2021-03-22,397.9617614746094,406.33620928711656,397.78728271946534,401.1021660934394,5002905
2021-03-23,391.6808776855469,404.06812321872167,389.58726584631535,400.22980378812514,6247829
2021-03-24,380.1659851074219,391.8553692848617,378.77026158329755,389.7617307552356,7947715
2021-03-25,392.2043762207031,398.3107609988938,367.25542737403646,377.0256536678314,9788749
2021-03-26,404.0682067871094,408.25543133156384,395.3448001347255,396.9150026834648,7664306
2021-03-29,407.20855712890625,410.5234671841043,401.6255829464454,408.95323822478287,5927791
2021-03-30,404.4171142578125,409.47667917386474,401.97454456386913,409.30222702397634,3397691
2021-03-31,399.008544921875,413.3149239963898,396.9149330171177,407.55749791373705,5022933
2021-04-01,408.7788391113281,410.69797259269257,391.1575471086114,401.62563504169674,7945089
2021-04-07,399.008544921875,408.7787693063689,397.26386389762393,407.55749791373705,5655011
2021-04-08,404.94049072265625,408.7787837876389,397.26387797097044,397.26387797097044,2896533
2021-04-09,403.7192077636719,413.83836376559486,402.4979362821016,413.83836376559486,3878615
2021-04-12,398.3106689453125,405.63832366130197,396.3915092384425,405.2893927932489,2430976
2021-04-13,396.0426025390625,403.71918859157205,395.34474076036906,397.9617623630501,2205737
2021-04-14,402.4979248046875,405.638356111833,399.00856260157497,401.2766533579423,3084799
2021-04-15,404.2426452636719,405.6383956051526,399.53201115518254,404.06819310956394,2215430
2021-04-16,407.3830261230469,411.2213191176352,404.2425949013945,404.7660045419566,3087729
2021-04-19,418.37457275390625,422.91072807076733,405.98732512127236,410.00009735590896,6001039
2021-04-20,424.6553955078125,425.7022148816203,412.7915845871782,419.42135188221886,4486544
2021-04-21,418.37457275390625,422.212866213319,415.2341411519418,419.2469133865784,3977736
2021-04-22,417.6767272949219,422.73631945858614,417.6767272949219,418.72354681063894,3803016
2021-04-23,422.9107666015625,425.1788577774973,416.2809984866042,416.97886040763376,2881423
2021-04-26,428.6681823730469,434.4256358838034,422.38734577908616,425.7022295407551,4911101
2021-04-27,427.4468688964844,431.63409288188404,426.22559745255285,429.7149596476262,3561380
2021-04-28,426.4000549316406,432.85539637078193,423.957512013175,426.5745336922687,4288924
2021-04-29,418.7235107421875,430.06393915812174,416.2809675782143,427.4469172159831,4385722
2021-04-30,410.00006103515625,417.8511260337018,408.4298586841356,415.40858312728716,4189807
2021-05-03,405.6383972167969,410.0001004126764,404.06819471496965,410.0001004126764,2243059
2021-05-04,410.34906005859375,411.91928929202294,405.8129043904911,405.8129043904911,1383311
2021-05-05,408.9532775878906,411.7447782586727,405.812872610415,409.6511660664478,1378951
2021-05-06,407.3830261230469,413.6638885663515,405.1149354284246,411.5702500041032,3099136
2021-05-07,396.39154052734375,412.44260132023345,394.29792853204873,410.00005842934274,5561936
2021-05-10,397.7872619628906,403.021304883455,395.51917137296897,400.0553525528123,2926135
2021-05-11,387.4936828613281,393.42558795114934,384.70218245334115,393.42558795114934,5607962
2021-05-12,390.1106872558594,390.80854901612884,384.70216543775183,388.54045836267346,4249350
2021-05-13,384.0043029785156,387.6681171458411,383.829824227906,386.272367006123,5986341
2021-05-14,385.7489929199219,390.98303609863603,383.82983310570523,387.31919522484804,3405703
2021-05-17,388.1915283203125,390.80854985955057,384.5276875166913,384.7021662679951,4898808
2021-05-18,396.21710205078125,402.1490073455849,390.8085798065554,391.85539915115453,3839817
2021-05-20,399.18304443359375,402.1489970047291,393.42559142978916,396.7404748995779,3629375
2021-05-21,395.6936950683594,401.1021907276297,394.2979448066463,401.1021907276297,2124916
2021-05-24,392.90216064453125,399.35747509853917,389.9362082328757,399.35747509853917,1978023
2021-05-25,414.01287841796875,416.97883130794827,392.72777185128024,392.9022240085002,8859520
2021-05-26,421.166015625,427.44687836393416,417.5022012120563,420.46815381921687,6430186
2021-05-27,421.34051513671875,421.86392482769276,415.234130859375,420.2936957547707,4026338
2021-05-28,416.45538330078125,423.60858663218045,415.93197363379954,423.60858663218045,2947739
2021-05-31,423.7829895019531,425.5276704412312,418.0255636997103,420.9915159721393,3142675
2021-06-01,425.5277404785156,427.44690047628194,423.08519741019745,424.82987863663124,2536293
2021-06-02,422.561767578125,431.8085829618545,419.9447458632047,427.44688010365394,3305667
2021-06-03,415.05963134765625,425.5277181571479,411.2213381751869,425.5277181571479,3502109
2021-06-04,417.3277587890625,417.502237566562,404.94053761659006,411.91926276898823,3824369
2021-06-07,411.2213134765625,418.37451634877067,408.95322281305357,416.62983531864376,3394423
2021-06-08,410.00006103515625,415.23410436752,405.63835825818654,412.0936730437575,2474584
2021-06-09,406.8596496582031,413.48944352857535,405.6383781451214,413.48944352857535,1804367
2021-06-10,407.3830261230469,412.44259053113325,406.5106855960168,407.55750487714096,1899071
2021-06-11,408.4299011230469,412.96605650940313,406.5107410530767,411.7447849292966,2424925
2021-06-15,405.11492919921875,415.2340844815156,403.7191790530882,410.69790316202125,3191469
2021-06-16,404.4171142578125,410.5234985600866,403.021363950091,406.51072640853334,3326923
2021-06-17,403.5447998046875,404.59159263704925,399.00861766594625,400.4043680641532,2788852
2021-06-18,409.8255615234375,412.2681309278911,404.5915184561051,406.85960910962643,3723390
2021-06-21,401.27667236328125,406.51071591584576,399.53199117909304,403.89369413956354,3448030
2021-06-22,394.1234436035156,405.28941843982415,392.5532412870556,405.28941843982415,4870334
2021-06-23,400.57879638671875,402.67240840943737,396.04261481939403,397.08943414161394,2560520
2021-06-24,400.9277038574219,403.3702466375691,398.1362035757796,400.9277038574219,1934823
2021-06-25,413.1405029296875,416.4553864763119,402.14900632614695,403.0213469038609,5614706
2021-06-28,413.31494140625,415.7575109161205,410.8723985181004,413.8383510599166,1985816
2021-06-29,408.7788391113281,417.85117666232395,407.3830887292386,417.85117666232395,3375888
2021-06-30,403.7192077636719,410.00007055706453,402.14900537618456,407.7319797360215,2364401
2021-07-02,397.61279296875,404.5915170339968,396.3915215816757,403.1957935183231,5813291
2021-07-05,397.4383544921875,403.0213286118166,396.0426043068501,397.61280662677933,4304578
2021-07-06,406.6852111816406,408.0809348882361,397.6128473584304,397.78732613261644,4394712
2021-07-07,428.3192443847656,431.8086068644786,406.3362501138848,416.10647570577026,19324146
2021-07-08,427.4468688964844,444.8936798718511,420.4681445063377,431.808571640326,14650691
2021-07-09,427.4468688964844,433.3787739794207,418.723463408801,433.3787739794207,8041791
2021-07-12,438.7872619628906,443.14896436808834,434.4255595576929,438.7872619628906,10410165
2021-07-13,441.4043273925781,446.20220051641047,438.78730568866956,444.8936896644562,8223237
2021-07-14,442.27667236328125,444.8936940932415,439.2234803449943,442.71284265160796,4914221
2021-07-15,440.5320129394531,446.2022269673867,437.9149910804069,444.0213754181815,5192102
2021-07-16,457.10650634765625,463.2128909744379,432.6809678405296,439.6596931282801,16894102
2021-07-19,455.3617858886719,460.5958294046336,451.87242354469737,457.10646706065916,6526306
2021-07-20,454.4894104003906,462.3404750714147,452.308559102884,453.617069881388,4146530
2021-07-21,466.70220947265625,466.70220947265625,452.74476021739923,459.28731455580095,7588063
2021-07-22,471.0639343261719,474.55329680266203,464.0852093731915,470.1915937070493,6565914
2021-07-23,454.4894104003906,471.06388026144134,448.383026767372,471.06388026144134,7116870
2021-07-26,436.1703186035156,451.4362797546387,434.9490470357705,445.766065612793,12369435
2021-07-27,407.5575256347656,437.04262630142244,403.02134401448535,432.6809234441228,17102762
2021-07-28,412.26812744140625,418.723441845514,393.42556723401424,411.74471781475546,13086182
2021-07-29,436.1703186035156,436.1703186035156,422.0383896320723,428.8426625753213,13546806
2021-07-30,432.680908203125,433.0298390950737,422.7362313631231,430.5872962297121,5184756
2021-08-02,451.4362487792969,452.30858935664816,436.6064589643248,445.3298647378378,7435985
2021-08-03,451.8724365234375,457.97882080078125,441.40434919084817,454.9256286621094,4700768
2021-08-04,451.8724365234375,460.159672328404,449.25541469029014,451.8724365234375,2892462
2021-08-05,455.3617858886719,459.72348881864,450.56391266570694,454.05327500968144,3150137
2021-08-06,461.9043273925781,463.21283823505,454.48943261857073,458.4149651459864,3791910
2021-08-09,454.4894104003906,463.6489858499187,451.00004832438,460.159623773908,3398186
2021-08-10,449.6915283203125,455.7979118280568,443.58514481256816,454.4894010763973,5532717
2021-08-11,451.4362487792969,454.92561108870206,446.2022053151891,447.510716181216,4426918
2021-08-12,435.4724426269531,447.94690268597475,430.063920202893,446.63839177257853,8385251
2021-08-13,437.0426330566406,437.47880334911235,431.11072772771433,431.8085895469803,3110132
2021-08-16,426.7490234375,434.25113114663066,423.4341132522889,433.37879056447855,5039242
2021-08-17,414.1872863769531,426.2256020529215,408.42985999031737,423.6085803783703,8366384
2021-08-18,420.81707763671875,426.7490093728841,414.71069376290563,414.71069376290563,3484711
2021-08-19,412.26812744140625,422.2128038608933,410.0000368070658,419.4213035999021,5078934
2021-08-20,404.0682067871094,411.22138426902944,396.2171407999639,410.00011266204064,9480683
2021-08-23,426.9234313964844,431.45961260289226,420.46811708099546,422.5617289371379,9995056
2021-08-24,431.75897216796875,433.34436763931535,427.53120611219424,431.58280516923685,4171514
2021-08-25,432.463623046875,440.21448782022645,431.23053458920265,435.9867482855461,3876050
2021-08-26,428.7643127441406,431.4066565619048,426.12196892637644,429.46895388979783,2133308
2021-08-27,427.883544921875,430.52588882270004,421.8942428317298,424.360419720775,1969136
2021-08-30,432.9920959472656,435.63443986857203,425.4173713303249,427.8835482384859,2144080
2021-08-31,432.2873840332031,435.6343685800681,423.6557393878353,431.23046276522575,3470278
2021-09-01,435.2820739746094,439.50981292638625,428.5881315682055,429.997386845234,3297597
2021-09-02,438.9813232421875,452.72151466628657,436.33897977137264,441.27135962608867,5097781
2021-09-03,429.4689636230469,435.9867398120515,425.06505716029886,435.9867398120515,7340349
2021-09-06,438.6290588378906,440.3906213231833,425.06503307699865,428.0596839261342,4857157
2021-09-07,443.032958984375,448.3176463678864,437.3959644844915,438.6290528314488,2930244
2021-09-08,438.6290588378906,444.79452753641516,436.1628821102049,442.59257442979924,2688132
2021-09-09,433.5205383300781,438.4528917848557,430.1735534808386,436.86749630000725,2882895
2021-09-10,443.91375732421875,445.6753198532831,435.9867259434291,436.51520007801065,4758167
2021-09-13,447.4369201660156,447.4369201660156,439.50988811583034,441.2714507936493,3751716
2021-09-14,444.35418701171875,453.60239110215093,443.03301499879984,446.9965310375565,4059272
2021-09-15,444.35418701171875,450.9600470763132,443.03301499879984,446.9965310375565,3333209
2021-09-16,433.5205383300781,449.19843369557196,430.34972048107085,449.19843369557196,4233032
2021-09-17,433.1681823730469,436.8674741559296,429.997391564072,433.5205163556521,3377205
2021-09-20,421.71807861328125,432.2874542865897,412.2056512590286,430.70205868731836,5347562
2021-09-21,426.6504211425781,427.00272825764796,414.31948395996426,420.13264543620136,3082590
2021-09-23,426.6504211425781,433.34436384614474,422.9511561153799,431.0543272792259,3266474
2021-09-24,419.6042175292969,426.29816096997723,417.6665147433847,425.5935466622479,2628239
2021-09-27,418.37109375,424.1842553758621,416.96183837413787,418.37109375,2110728
2021-09-28,417.4903564453125,421.365788977381,416.2572679413789,418.37113778802416,3248548
2021-09-29,418.1949157714844,419.78033810745654,406.2163125893476,414.14334363127864,2884898
2021-09-30,422.5987854003906,422.5987854003906,412.9101927416302,414.14330785619126,4043322
2021-10-04,418.54730224609375,421.01347923886385,415.5526241957558,417.4903538895847,3333718
2021-10-05,417.4903564453125,420.1327004734474,412.38183540931044,414.1433980947337,1690357
2021-10-06,415.0242004394531,420.3088887631509,409.5633450865729,420.3088887631509,2011283
2021-10-07,421.71807861328125,422.775026932337,417.3141720827361,419.2519017079009,2324786
2021-10-08,415.7287292480469,425.2411555214903,413.4386927364966,424.7127083013173,3619347
2021-10-11,415.0242004394531,422.5988988666347,415.0242004394531,415.7288147975536,3795792
2021-10-12,407.09710693359375,416.4333667359171,403.3978149097711,413.96718997290924,4907619
2021-10-15,413.0864562988281,413.0864562988281,401.2839914947244,409.5633308719724,4247153
2021-10-18,414.4956970214844,417.1380409971258,411.8533530458429,413.9672228504935,1711446
2021-10-19,425.2411804199219,425.4173474231672,414.1433580775488,414.84797233190835,3566702
2021-10-20,432.2873840332031,435.9866756693939,426.2980828767407,427.1788640397092,4999975
2021-10-21,424.00811767578125,432.2874566220738,419.2519039729589,430.17358685185417,3481111
2021-10-22,422.7749938964844,426.65042596467345,417.1379993537266,425.59350460751835,4101783
2021-10-25,426.474365234375,429.4690166227437,417.4903841899537,420.3088954256626,3022705
2021-10-26,424.36041259765625,432.1113040375607,422.7750170354978,428.0597047484415,2079665
2021-10-27,418.1949157714844,423.8319371269722,416.60952031482213,422.77498890299074,2650835
2021-10-28,411.8533020019531,418.72338473543783,410.9725207859007,416.96182230333307,4342199
2021-10-29,414.6717834472656,417.49029407459847,412.20560680783143,412.91022102500995,3083195
2021-11-01,412.3818359375,416.4334086157121,409.9156320471606,415.20032011019913,2178736
2021-11-02,408.6824645996094,419.0756716976175,407.97785041236784,419.0756716976175,2796711
2021-11-03,407.6255187988281,410.4440293227247,401.4600505471992,407.97785277379654,3382168
2021-11-04,409.0348205566406,413.9672010944797,407.62556513449925,407.62556513449925,2076888
2021-11-05,410.4440612792969,411.8533166509677,403.3978113002531,408.68249878453594,2729110
2021-11-08,411.148681640625,412.73410403707663,405.3355468249017,410.0917602556348,3250840
2021-11-09,409.5633239746094,413.6149235231241,406.04019860708587,413.6149235231241,1796280
2021-11-10,408.6824645996094,410.0917198534007,403.39777755737305,407.6255164394388,2335347
2021-11-11,409.2109680175781,411.14867061106776,405.15936895219414,405.86398318995214,2459065
2021-11-12,409.5633239746094,412.0295009801505,406.39250576797554,412.0295009801505,2533852
2021-11-15,409.7394714355469,412.20564832336356,406.2163462362019,409.5633044238548,1741675
2021-11-16,410.4440612792969,413.0864050214383,405.68784791930443,408.15402466024557,2561839
2021-11-17,406.5686340332031,408.8586706796656,403.57398313212644,408.8586706796656,3399004
2021-11-18,409.3870849609375,411.1486473349163,405.159346015112,405.33551300423335,3377394
2021-11-19,409.0348205566406,409.73946170736707,405.33555531274493,406.74478385557484,2361772
2021-11-22,407.9779052734375,410.9725562908692,406.2163426891468,410.9725562908692,1916967
2021-11-23,403.22161865234375,406.74474341777903,402.5170044509802,403.57395263233434,2874535
2021-11-24,398.993896484375,404.27858385502896,394.06151622923596,403.22163562917416,4860170
2021-11-25,400.579345703125,404.27863811076594,397.23238733759354,398.9939500308866,1823528
2021-11-26,395.1184997558594,400.5793277324984,394.59002559571695,400.5793277324984,3040771
2021-11-29,391.9476623535156,398.113131199526,388.60070430312015,390.1860998260841,3124668
2021-11-30,378.73590087890625,391.77145136673613,376.0935573844023,390.18605602175694,10435689
2021-12-01,382.9636535644531,389.8337630261374,380.14516986266466,380.14516986266466,4950587
2021-12-02,380.49749755859375,381.90675292541357,375.38897709309606,380.49749755859375,4613427
2021-12-03,397.0561828613281,400.0508606608825,376.97438080387417,378.7359433309951,7261881
2021-12-06,401.6362609863281,412.9102505429917,394.2377036598107,394.7661778001286,8795590
2021-12-07,416.4333801269531,416.6095471353946,406.3924788699539,415.7287658518103,7794854
2021-12-08,415.0242004394531,418.37115895940246,412.557996427472,418.37115895940246,3482675
2021-12-09,415.0242004394531,419.95655470478584,414.1434190521702,415.55264776837106,2709193
2021-12-10,412.3818359375,414.31953876635936,410.09179906765394,410.44410622932713,2225917
2021-12-13,416.4333801269531,421.71806782845914,414.84798456822597,416.0810729893817,2982680
2021-12-14,407.6255187988281,414.4956281210854,407.0970715949924,412.9102058716529,2122950
2021-12-15,401.4601135253906,405.68787997445725,399.52241075563364,401.8124475556306,2691892
2021-12-16,402.5170593261719,404.27862194904355,396.3515901461211,399.1701010944408,3055726
2021-12-17,398.993896484375,404.6308909705439,398.4654223714476,402.51702139814427,2784836
2021-12-20,390.8907165527344,400.57931051476464,388.07223261863953,395.1184827728434,3326459
2021-12-21,394.2376708984375,399.8746652083319,392.29994150473516,395.47075920383486,2171543
2021-12-22,394.5899963378906,397.40850706345685,392.65226685415007,396.35155882154197,1804560
2021-12-23,398.1131286621094,399.69852417496867,395.6469518911481,396.35156614590534,1418396
2021-12-24,398.993896484375,402.6931883955567,398.4654223714476,401.283933054187,957927
2021-12-28,401.1078186035156,403.5740224938228,397.05621904604305,401.63629278567527,1610618
2021-12-29,399.5223693847656,401.9885460651954,397.76080693322723,401.6362389507497,840475
2021-12-30,400.05084228515625,402.69318595446555,398.6415869523293,402.3408519617765,1206822
2021-12-31,401.1078186035156,404.27863681715996,400.40320428017844,404.27863681715996,1080028
2022-01-03,400.40313720703125,405.1593502911086,398.289267711809,403.75009500119074,853712
2022-01-04,395.9992370605469,402.86931974107523,390.7145498049683,402.3408456396555,2599577
2022-01-05,387.7198791503906,398.11308613402474,386.4867640173256,398.11308613402474,3123277
2022-01-06,383.13983154296875,384.1967797610181,377.1505299855152,378.7359254332795,4372394
2022-01-07,395.82305908203125,397.2323143536042,381.5544200155402,386.1344660490165,4773532
2022-01-10,403.573974609375,406.92093256707705,392.29995861845856,395.82308357574925,4585695
2022-01-11,398.6416320800781,404.4547941864927,396.70390241816904,403.5740128636818,3378343
2022-01-12,406.7447509765625,409.91556870024124,399.1700540935586,403.397793138924,4701683
2022-01-13,402.1647033691406,411.5009895131338,399.69849986884117,411.5009895131338,3651213
2022-01-14,398.8177795410156,401.98859773722694,396.7039097033125,398.99394656053806,2319167
2022-01-17,397.0561828613281,400.5793079155699,395.6469543430802,397.93696412488856,1362700
2022-01-18,398.6416320800781,400.93166889524906,395.1185067888345,397.0562095714308,1677603
2022-01-19,401.9885559082031,403.22164427861117,398.28929079697906,403.22164427861117,2111757
2022-01-20,417.66650390625,418.194951183679,401.63627346786893,403.2216690587804,6457949
2022-01-21,423.4796142578125,425.9458178854544,416.43336425765386,417.6664795111301,6362815
2022-01-24,416.96185302734375,424.7127444273181,415.55259760195645,424.7127444273181,3212700
2022-01-25,412.02947998046875,416.0810793224878,408.85868881475227,412.73412114564843,3850626
2022-01-26,406.3924560546875,415.20026839605185,403.573972233037,412.7340916921939,3820025
2022-01-27,401.1078186035156,401.4601257651842,396.8800789048655,398.2893344308534,3557456
2022-01-28,384.3729553222656,398.46545617279276,381.9067784251483,396.35158642107615,10253484
2022-01-31,387.54376220703125,387.54376220703125,387.54376220703125,387.54376220703125,0
2022-02-04,389.83380126953125,394.06154067661726,386.310676137189,394.06154067661726,4800570
2022-02-07,392.47613525390625,394.23769777580054,387.89606194525675,390.53840572809816,2471800
2022-02-08,388.9529724121094,394.0614924774382,386.4867689935337,391.94762303245074,2388265
2022-02-09,396.1754150390625,397.05619633250575,390.7145871473013,390.7145871473013,3791790
2022-02-10,396.1754150390625,400.227014364764,393.8854051795595,397.7608374948476,2446926
2022-02-11,391.419189453125,394.59000738835795,389.3053197894067,394.0615332526006,2738718
2022-02-14,385.25372314453125,388.4245411008083,383.4921605998564,388.4245411008083,2817164
2022-02-15,385.07757568359375,388.2483667001697,381.9067577877071,383.1398461696322,2729082
2022-02-16,387.19146728515625,388.95302989620853,385.78221182045195,386.66299312597806,1973976
2022-02-17,385.25372314453125,387.54375982847085,381.3782909221088,383.6683276060484,2621718
2022-02-18,382.43524169921875,385.2537256615259,380.14520500031756,381.02598627840945,2392756
2022-02-21,379.4405517578125,381.37828125958544,377.1505420112034,379.7928857612698,3532801
2022-02-22,368.34271240234375,376.44588339858814,366.40498299057367,373.09892555568644,7128409
2022-02-23,367.46197509765625,370.8089333404531,366.93350093318503,366.93350093318503,3733588
2022-02-24,347.55633544921875,363.58654032349295,345.6186056752898,363.58654032349295,13410230
2022-02-25,343.50469970703125,353.36946080931676,339.1007933005309,350.72711696541654,9081739
2022-02-28,332.5829772949219,343.5046584969107,328.35521152429794,343.5046584969107,10477797
2022-03-01,331.1737365722656,333.4637731052762,326.76983050082595,330.1167883633963,7970928
2022-03-02,320.4282531738281,327.29836401999654,320.0759460000203,323.24676432291994,8225892
2022-03-03,319.8998107910156,324.3037177298825,319.01902940324226,323.77524352135555,5731813
2022-03-04,313.3819580078125,317.60972413552753,309.50652588355666,312.6773437595153,9231532
2022-03-07,299.46563720703125,306.5118874942555,299.46563720703125,305.4549391994472,9351916
2022-03-08,299.8179016113281,307.56879195009753,299.46559452304496,300.1702086996113,8053255
2022-03-09,293.3796081542969,303.1886528038326,280.0036381776572,299.6217274767287,15160524
2022-03-10,301.4051818847656,305.68548127466033,296.0547940406574,300.33509343055204,10479500
2022-03-11,309.07415771484375,314.42454696364024,288.7426622413247,292.3095884071891,16874788
2022-03-14,297.30328369140625,308.1824191341975,294.27140196237,308.1824191341975,12110865
2022-03-15,287.49420166015625,301.9402614136209,283.9272760137189,289.9910659407522,12929578
2022-03-16,321.3800048828125,324.9469306355928,292.48791172798843,295.1631060425737,18947029
2022-03-17,341.1764221191406,351.342154130996,330.1189587516228,344.3866604422216,16462669
2022-03-18,337.6095275878906,343.4949605164782,332.6158260965592,340.2847218996592,6012437
2022-03-21,333.6859130859375,341.53313881028424,332.9725116115073,341.3547816383058,3817968
2022-03-22,338.85791015625,339.74964149876644,331.5457022622228,335.6476718804946,4236957
2022-03-23,341.3547668457031,345.9917809813618,337.0744670385432,337.0744670385432,5421773
2022-03-24,342.42486572265625,344.74337286035006,337.4311643215042,339.21462716380967,4285958
2022-03-25,333.15087890625,343.31661210778356,330.65401449010267,338.8579548076825,4984150
2022-03-28,332.0807800292969,336.7177943638159,327.2654357363632,330.29731716424857,3839918
2022-03-29,331.72406005859375,336.0043596255703,329.9405973701067,334.57761124556544,3072303
2022-03-30,335.4693908691406,342.24652828994357,332.08079494525424,335.2910336892311,5173799
2022-03-31,331.1890869140625,335.46941461348587,329.7623110142547,335.29105742095237,4147679
2022-04-01,326.37371826171875,327.2654497323792,318.5264922053009,327.2654497323792,5535422
2022-04-04,330.65399169921875,332.08076737960505,324.94691619115605,328.15715466865464,4026899
2022-04-06,319.5965576171875,329.9406482482067,318.3481389854319,329.9406482482067,7157883
2022-04-07,316.3863220214844,322.62844245651297,313.354440395739,315.8513048978417,3935719
2022-04-08,316.92132568359375,317.9914142205103,312.2843388550799,314.2461315547843,3390506
2022-04-11,306.042236328125,314.24614912029466,305.8638791575086,313.1760877370465,5656964
2022-04-12,306.2205505371094,309.9658332195761,301.405206526425,306.04222058914746,4060040
2022-04-13,303.90203857421875,305.86385846433893,301.4052016354127,303.54535147060096,3400520
2022-04-14,304.7938232421875,308.1824193528563,303.1887173884666,304.0804489101974,2871927
2022-04-19,295.1631164550781,300.33514809367045,294.6280721305895,296.76822221505927,4578430
2022-04-20,290.8827819824219,298.0166328983515,289.8126934596398,294.44970744038665,6110093
2022-04-21,287.8508605957031,292.13118728038756,285.3540237730808,288.0292177459534,5932093
2022-04-22,299.26507568359375,299.6217628156776,283.92728408263577,284.4623283875034,6138534
2022-04-25,288.3859558105469,294.27138903392233,286.0674485148553,294.27138903392233,4690221
2022-04-26,286.9591979980469,292.84463159062216,286.4241808461202,290.1694369770413,4232094
2022-04-27,286.6025085449219,290.16943466797875,284.46235831378505,284.81904548339344,3832335
2022-04-28,290.52606201171875,291.7745076684949,283.92725548560395,286.60244952701385,2735413
2022-04-29,301.2268981933594,304.43713712535066,290.70447708606804,292.48794013567584,6082000
2022-05-03,304.7938232421875,310.3225695623129,297.12495392609185,304.0804489101974,5217095
2022-05-04,300.69183349609375,305.15049041499503,299.6217449501646,304.9721332528461,2056704
2022-05-05,304.6154479980469,308.53906066789006,303.3670294958444,305.50717938726046,4038739
2022-05-06,292.1312561035156,299.2651083785051,291.0611673768725,298.73006401518353,5972284
2022-05-10,290.3477783203125,293.5580171240643,285.354076538197,286.0674508441483,4655168
2022-05-11,290.1694030761719,295.8764788090153,288.02925307804105,290.347760248301,3667322
2022-05-12,286.2458190917969,289.27770082951116,284.8190432112589,286.2458190917969,3524248
2022-05-13,293.02301025390625,293.73638465106995,288.3859950318756,289.8127710396919,2677810
2022-05-16,290.8827819824219,294.98472448829614,289.27764919824875,294.2713502820958,2435729
2022-05-17,303.188720703125,303.7237650647102,290.8828364540987,290.8828364540987,5356188
2022-05-18,304.4371032714844,306.75561042085025,299.800116186236,306.75561042085025,3322783
2022-05-19,295.1631164550781,297.48162371887236,291.95287772163107,295.1631164550781,3981740
2022-05-20,299.6217346191406,301.22684016920783,296.054809207008,296.94654056004117,5289553
2022-05-23,295.519775390625,298.1949695442157,293.73631262156454,298.1949695442157,3583434
2022-05-24,289.6343078613281,295.87642679983503,286.42409703516483,295.519739731759,4260781
2022-05-25,289.45599365234375,292.1311876284033,287.49417385117454,290.34772497769694,2583876
2022-05-26,289.9910583496094,291.2394768504858,285.8890885208877,290.8827897378757,2817485
2022-05-27,294.9847412109375,299.0867111628334,291.23948559584545,296.0548297943827,3634013
2022-05-30,301.4051818847656,307.1122568091185,297.124882494871,297.6598995084979,6483120
2022-05-31,302.47528076171875,303.54534203932485,298.1949540108521,301.2268351176238,12777840
2022-06-01,306.755615234375,309.0741224201223,299.08671941081883,300.87018229008845,5284746
2022-06-02,304.9721374511719,306.2205559629538,301.2268547023434,303.9020488905116,2065091
2022-06-06,309.9658508300781,309.9658508300781,301.22686647898354,304.79379220265884,3542745
2022-06-07,314.0677795410156,319.0614531264823,305.6854834222394,309.60912297293464,7597184
2022-06-08,322.09344482421875,323.5201935249189,312.81941498874534,317.4564299064821,8347757
2022-06-09,316.92132568359375,321.3799825649428,315.6729071995124,321.201652617778,4996685
2022-06-10,316.74298095703125,316.74298095703125,308.7173989450809,310.1441473097542,4186795
2022-06-13,304.9721374511719,311.03590005896007,303.367031823664,304.9721374511719,4107754
2022-06-14,304.6154479980469,305.8638665002494,298.01664116056304,303.0103151693731,3478255
2022-06-15,316.92132568359375,320.8449382964845,304.2587564686516,304.6154435764632,7071608
2022-06-16,311.0359191894531,321.02332232495655,309.78750060088623,321.02332232495655,3696026
2022-06-17,317.4564208984375,319.9532582673003,309.07415005898497,310.14421155414635,5266963
2022-06-20,319.5965576171875,322.09342209418395,314.7812130584242,317.45640750367994,3154799
2022-06-21,324.7685852050781,326.90873511209946,316.74300264363615,320.4882581775529,4929809
2022-06-22,320.8449401855469,331.18902965387673,320.1315659657236,326.55204279806134,5520071
2022-06-23,320.4882507324219,324.94690760742355,318.3481008751175,318.3481008751175,3183033
2022-06-24,333.6859130859375,336.1827502127341,321.9150472859337,324.5902415847088,7463422
2022-06-27,356.8709411621094,360.4378670019566,344.2083435452579,345.9918064651815,20773978
2022-06-28,353.66070556640625,355.6224984674434,344.3867037441345,355.6224984674434,9409712
2022-06-29,342.9599304199219,354.73076955126766,339.21464734288895,349.55873788630305,7488932
2022-06-30,344.2083435058594,351.6988823259843,340.81977484378615,344.92171778835336,6676290
2022-07-04,333.5075988769531,338.32294379237214,326.55210368951316,337.9662566159498,7834048
2022-07-05,330.29736328125,336.1827970003461,327.26548143004516,333.5076023292558,4391073
2022-07-06,327.97882080078125,334.39929821184245,324.41189495318827,325.48198359286,3363576
2022-07-07,330.4756774902344,331.36740893126927,323.3418259619551,327.97881312724627,2733755
2022-07-08,335.1127014160156,337.78789603257826,332.61586399261864,337.0745216868896,3983906
2022-07-11,326.7303771972656,332.97249695294175,323.69849590149084,330.1189728212936,3363527
2022-07-12,324.2335510253906,327.6221195492774,322.80677530510235,323.8768638986894,2540722
2022-07-13,321.7367248535156,326.01705252181483,319.77493181734593,324.59027663238174,2372823
2022-07-14,322.8067932128906,324.23356901232967,318.52649302805844,320.4882859404878,2396709
2022-07-15,313.8894958496094,322.0934367401642,313.7111386597548,319.2398849834095,3365452
2022-07-18,317.2780456542969,318.52649148117115,310.5009082634724,315.3162527513947,3667455
2022-07-19,313.35443115234375,317.81308847441323,312.99774400927515,315.8512955807934,2088729
2022-07-20,321.0233459472656,324.23358484943554,316.38633117596623,316.38633117596623,4156364
2022-07-21,314.60284423828125,321.91505300353356,312.2843642422841,321.55836586672507,2773759
2022-07-22,313.53277587890625,317.27803155261387,311.3926258920043,315.3162387369052,1999092
2022-07-25,317.2780456542969,317.8130899781737,312.10601402161825,313.88947695888464,3330076
2022-07-26,328.3355712890625,329.76232001432317,322.09345036884065,323.87691348890405,4543216
2022-07-27,327.6221008300781,331.1890263202553,326.19532519131087,329.94060784138964,2592570
2022-07-28,327.8004455566406,331.1890137583892,326.552027125127,330.1189524800121,2567595
2022-07-29,320.1316223144531,330.8324007762176,318.52651643058323,328.870580506166,3961651
2022-08-01,323.1634521484375,324.76858498774124,317.99142094214017,321.2016594072652,2349820
2022-08-02,312.46270751953125,319.77491659639304,308.71745160321217,318.7048279268817,4313237
2022-08-03,311.2142639160156,316.20796528401223,310.1441753323438,314.7811895769442,1809836
2022-08-04,318.1697692871094,319.7749022192091,312.6410506458346,314.7812006751501,2179397
2022-08-05,319.2398986816406,320.66667462123934,315.3162852578599,318.70485430260516,1620123
2022-08-08,317.63470458984375,319.95318423296084,315.67288481576617,319.2398100679217,1616537
2022-08-09,314.24615478515625,318.16976768809667,310.50089905604744,318.16976768809667,3135963
2022-08-10,306.9339294433594,314.4244670450763,304.4370654338004,314.4244670450763,4011607
2022-08-11,310.32257080078125,312.10603385136045,308.004063392331,311.92767666090793,2496946
2022-08-12,310.8575744628906,311.3926187507166,308.53906735796653,311.0359044165107,1788425
2022-08-15,309.25244140625,313.35441132571003,307.64733575725745,309.0741114527413,2041089
2022-08-16,309.07415771484375,311.03595077797695,305.32887435529136,309.25248769504475,2871783
2022-08-17,304.2587890625,309.7875078595499,303.7237447367249,309.07413356750635,3847422
2022-08-18,298.1949768066406,304.7937837701794,296.054826874342,304.7937837701794,6115184
2022-08-19,298.0166931152344,300.3351733605955,294.80645411171287,294.80645411171287,1788912
2022-08-22,294.2713317871094,295.8764372569198,293.2012433315825,295.3414202426363,3900893
2022-08-23,291.9528503417969,293.91467027644416,289.09932623460713,292.8445817278216,3702200
2022-08-24,285.3540344238281,291.95284102718284,284.2839459093462,291.59615392684935,4739357
2022-08-25,295.6981506347656,295.87648059448713,284.81901619284844,285.53241767218617,3433443
2022-08-26,293.2012939453125,297.12493415057435,290.16941241591576,296.4115326525792,3414927
2022-08-29,286.42413330078125,289.8127016967659,282.14380630147804,289.8127016967659,4814956
2022-08-30,285.207275390625,288.8129300163193,283.5847418126472,287.9115163598957,3846435
2022-08-31,286.4692077636719,289.5340357614254,280.700166694946,281.60158022158936,3759956
2022-09-01,280.70013427734375,284.48608165559597,280.70013427734375,283.94522810028076,4682291
2022-09-02,283.4043884277344,283.4043884277344,279.97902825786826,279.97902825786826,3177214
2022-09-05,276.1930847167969,282.32271288498526,274.0296978670065,280.8804458154729,4936243
2022-09-06,276.5536193847656,279.79871311797115,274.9310862726398,274.9310862726398,1887211
2022-09-07,274.3902587890625,274.5705524892882,270.6043386649305,274.5705524892882,2908746
2022-09-08,272.22686767578125,276.0128152496891,271.32545420665616,275.11140178056394,1981218
2022-09-09,280.3396301269531,281.78189739145614,272.2269077117037,273.12832131339803,3437230
2022-09-13,278.3564758300781,282.50298340257814,277.63535603875494,278.7170632346964,2062982
2022-09-14,270.9649353027344,273.12832245404365,268.62125442674926,271.14520151845005,4176724
2022-09-15,273.6690979003906,273.6690979003906,269.7028846717666,269.7028846717666,1959606
2022-09-16,266.4578552246094,271.68604289623676,266.09729530052454,269.7029495592907,4967190
2022-09-19,262.6719055175781,265.91699983086517,260.508518478373,264.83529255678326,2573624
2022-09-20,263.7536315917969,265.5564588377983,262.67192424061176,264.114191539205,2021564
2022-09-21,260.6888122558594,263.21275921737396,259.78739869689576,262.67190558020405,3075958
2022-09-22,253.2971649169922,257.0831121933544,249.15065778310833,255.0999917135544,5957668
2022-09-23,250.0520782470703,253.65773194207912,249.87181206769264,251.1337853591548,3275883
2022-09-26,252.03526306152344,255.64091767611188,247.88875475295444,247.88875475295444,4420148
2022-09-27,253.11688232421875,258.1648030775613,251.13378926648218,252.93661614203634,3379468
2022-09-28,246.44647216796875,253.8380746744497,244.4633787579333,252.03524747862116,4682493
2022-09-29,243.02108764648438,251.67466283888803,242.1196741370456,249.33098221255577,4574438
2022-09-30,243.02108764648438,246.80700788075288,239.77599351071333,239.77599351071333,3880494
2022-10-03,240.3168487548828,241.39852846820196,237.07175459701057,239.23514153260626,2920119
2022-10-05,256.7226257324219,259.066306990934,249.8719032199529,254.3789719828744,5849089
2022-10-06,256.36199951171875,259.4267999770367,255.46058599198065,259.4267999770367,2616841
2022-10-07,253.2971649169922,256.00140511183554,251.49433812042997,255.0999917135544,2024273
2022-10-10,245.72532653808594,248.42956704839,243.74220582694684,247.88871344453779,3956691
2022-10-11,241.9393768310547,245.72532451793828,239.7759899423884,245.72532451793828,3678310
2022-10-12,243.5619659423828,249.15071376202738,237.0717770129685,240.67743141620758,4340112
2022-10-13,232.9252471923828,242.84079587518434,232.9252471923828,241.93938235856604,4989909
2022-10-14,222.28858947753906,237.97317992537424,220.84632227922987,235.9900590890793,12122162
2022-10-17,227.33648681640625,228.59847399611263,219.5843388031189,219.5843388031189,8298135
2022-10-18,232.564697265625,235.62949785182988,226.43508233873592,231.84357742497394,5799789
2022-10-19,227.87734985351562,235.08864455165084,227.6970698930961,232.5646975968192,3718381
2022-10-20,230.58157348632812,236.71118796904918,222.28857212946,227.33647942062922,6766067
2022-10-21,227.1562042236328,232.20412537483833,226.25479071480888,232.20412537483833,3533425
2022-10-24,205.7025604248047,225.35337771220466,203.35889354928491,224.09140429880776,13620704
2022-10-25,201.9166259765625,206.78425342242036,199.2123854500907,205.70255996272735,14376964
2022-10-26,210.57022094726562,215.4378488504632,203.71947213474763,204.26032579264952,10222352
2022-10-27,203.53916931152344,216.8800917484124,202.4574758716629,215.25754471138242,11452321
2022-10-28,193.6236114501953,208.0462266233275,192.54191806310592,202.4574659946343,13070036
2022-10-31,188.3954315185547,194.52504639541309,187.6742979293103,194.52504639541309,11053855
2022-11-01,204.0800323486328,207.1448468234561,188.57572126990289,188.57572126990289,15611067
2022-11-02,212.91384887695312,214.53639579774753,198.67151396805593,203.53915473043912,9076309
2022-11-03,207.1448211669922,210.93075504511137,204.62086066342002,209.12792807891384,7425608
2022-11-04,221.92800903320312,226.4350766973806,207.86596617365677,207.86596617365677,14470664
2022-11-07,234.00697326660156,239.41545480199778,222.28859660657642,223.73085009666087,13004266
2022-11-08,235.80979919433594,241.39854691256028,232.02385113605533,234.36753195742142,9062541
2022-11-09,234.3675079345703,238.87457539485052,230.94214766834003,235.80977502365133,5303460
2022-11-10,230.58157348632812,232.20412051917756,225.53365244068058,229.68015999635378,6324652
2022-11-11,256.54229736328125,259.4268041676632,247.34786830984848,254.1986166723123,15345540
2022-11-14,263.0324401855469,270.4240416612022,259.6070799947541,269.52262818899817,15156009
2022-11-15,278.717041015625,278.89730719460675,260.86903875915766,263.3930128454933,14956179
2022-11-16,274.7508544921875,282.86357689855873,269.5226666116656,278.8973625572359,8018314
2022-11-17,273.4888916015625,276.7339861922541,266.4578762458649,270.24379701087094,5802841
2022-11-18,271.3254699707031,282.14243222867134,268.8015231140935,281.241018707174,5069832
2022-11-21,263.3930358886719,265.9169826868627,258.70567468179524,265.9169826868627,5788536
2022-11-22,256.7226257324219,263.93393575309625,252.9367044769466,262.85225575537385,6082540
2022-11-23,260.14794921875,262.6718960890667,253.47749462523493,255.64088158678607,3535627
2022-11-24,262.6719055175781,268.440946791778,261.4099320371217,263.9338789980346,3051742
2022-11-25,259.2465515136719,262.67191211942446,257.0831644200934,262.67191211942446,3066508
2022-11-28,251.49435424804688,254.5591544969488,242.48021968718498,248.7901138797883,9145988
2022-11-29,270.424072265625,271.14519212141636,252.21550706282258,252.21550706282258,8108667
2022-11-30,275.83258056640625,279.43823521433313,266.81844394658907,268.98183123355284,7627170
2022-12-01,285.9283752441406,292.05797608430237,282.68328111919027,283.0438410199721,11450215
2022-12-02,284.1255798339844,287.9115004767291,278.3565107439655,287.1903805949568,5156838
2022-12-05,296.9256286621094,299.0890157589616,287.37063918297275,288.81290641719403,9197297
2022-12-06,297.4664306640625,304.6777380741004,294.22133682775456,297.6467243528953,6758970
2022-12-07,289.5340270996094,306.300296186423,289.35373339609134,296.5650413935017,11112022
2022-12-08,302.5143737792969,304.6777606608965,291.5171181601434,291.5171181601434,6534311
2022-12-09,311.7087707519531,314.5933048949738,302.6946359412089,305.5791700842296,8862820
2022-12-12,305.7594299316406,308.46367007546195,303.05518978781936,308.46367007546195,5622983
2022-12-13,309.3651123046875,309.90593837672054,302.51436446639167,307.20169798073186,4839670
2022-12-14,309.7257080078125,318.55954998606535,308.6440007207387,314.59333578172647,5762139
2022-12-15,301.9735107421875,310.987645391208,300.1706838123834,307.9228451123322,4039519
2022-12-16,299.9903869628906,306.8411347259353,293.86078646956173,300.3509743522263,7253605
2022-12-19,297.1059265136719,307.0214760620052,294.2213920051182,299.81016729958094,4131711
2022-12-20,292.9593811035156,297.28615480546193,286.64948674128607,293.500234693498,4343785
2022-12-21,295.4833068847656,299.2692542371303,293.5002138741091,296.20445412323977,2519768
2022-12-22,304.1369323730469,308.1031465708677,301.97354531141366,301.97354531141366,3985326
2022-12-23,306.4806213378906,307.922888587155,298.9087526654523,299.8101662576226,2774564
2022-12-28,308.82427978515625,315.1341744727907,305.9397454957974,310.446813129822,4307925
2022-12-29,306.4806213378906,307.0214749949847,302.87496696920954,304.49750043153216,2479668
2022-12-30,303.9566345214844,311.3482085049802,303.77634082305144,311.1679423155034,2381253
2023-01-03,309.184814453125,310.98764135955724,296.5650261080995,298.0072931350364,4683105
2023-01-04,319.1003723144531,319.1003723144531,309.36511772200146,310.80735728461923,5561041
2023-01-05,326.1313781738281,329.01591224365615,323.787725189668,324.50884495264717,7675714
2023-01-06,326.6722412109375,329.9173352562327,322.88632108222345,324.68914805083676,6264530
2023-01-09,340.1934509277344,344.7005184479984,330.8187559873767,333.5229964995351,8422963
2023-01-10,336.9483642578125,343.43855263400667,334.063857486471,342.17657920223496,5538044
2023-01-11,330.4581604003906,340.55397405013093,329.0158934478694,338.93144092164084,5271888
2023-01-12,333.7032775878906,339.29202459635474,329.9173300104182,333.7032775878906,4041576
2023-01-13,332.4413146972656,338.93150342602854,327.3934206959602,336.40755642537584,4858616
2023-01-16,327.57366943359375,336.76809839078425,324.68916265940527,332.2610307664669,5777868
2023-01-17,323.2469177246094,328.2948393124241,318.73984979066046,324.8694511772472,5470248
2023-01-18,323.2469177246094,324.14833131139915,318.55955606971867,318.55955606971867,3317176
2023-01-19,325.77081298828125,326.6722264318066,318.5595054400782,320.00177245150985,2603373
2023-01-20,332.08074951171875,332.08074951171875,324.1483211990186,326.8525618750244,3367773
2023-01-26,338.0300598144531,339.47232690478614,333.8835522456045,335.3258193359375,5785789
2023-01-27,337.1286926269531,340.73434709355155,335.3258653936539,339.11181358716647,2923621
2023-01-30,324.1483154296875,340.7343191121931,323.6074618023209,337.12866494169367,7541892
2023-01-31,317.6581115722656,329.19622086580074,312.61019047565384,326.3116866651777,7575500
2023-02-01,317.6581115722656,318.3792588768998,310.9876571809014,316.93699177658834,5972337
2023-02-02,317.6581115722656,325.9511267673391,317.297551674427,320.9032056707273,4635182
2023-02-03,317.6581115722656,317.8384052756634,310.9876571809014,315.4947246762768,4657440
2023-02-06,304.3172302246094,313.1510723083586,297.8270414425769,313.1510723083586,12313435
2023-02-07,305.7594299316406,310.08620315817336,304.31716301981197,306.48054963307834,4308221
2023-02-08,303.9566345214844,307.7425546079707,301.61295398663697,305.9397276594659,3671177
2023-02-09,309.5453796386719,310.08623322166363,300.1706850663197,301.973512003655,4608976
2023-02-10,301.9735107421875,308.8242585772343,301.0720972772854,307.3819915315998,3985809
2023-02-13,301.9735107421875,303.0552179036523,297.4664434176772,300.1706838123834,2963526
2023-02-14,303.9566345214844,304.6777542973038,299.4495671502225,301.9735138745467,2695387
2023-02-15,299.9903869628906,303.7763344792709,297.8270001716543,302.5143611434626,3085041
2023-02-16,301.61297607421875,309.18484431064707,300.53126882231834,303.5960693574253,4326675
2023-02-17,298.18756103515625,303.2354819039877,297.46644127201847,301.97350856401874,2669476
2023-02-20,299.9903869628906,301.0720941129866,295.12275980537,299.4495608967982,3384469
2023-02-21,296.9256286621094,302.3341101587196,294.76224156525717,301.2524303647732,3025255
2023-02-22,295.1227722167969,297.10589290572136,288.6326115701433,293.50023893237267,4251789
2023-02-23,295.3031005859375,300.89184839534084,293.68053960207726,296.5650741229667,3512148
2023-02-24,287.91143798828125,293.1396522777565,284.84663789249464,292.59879872933436,6937116
2023-02-27,287.1903381347656,289.3537249691927,282.14241718179846,284.1255378269143,3967241
2023-02-28,283.5846862792969,290.6157004189583,281.42129942932075,287.37060638951596,4857075
2023-03-01,298.18756103515625,299.26926818881856,283.58467951444874,283.58467951444874,5885870
2023-03-02,303.23553466796875,306.30033545802326,295.6636658016693,295.8439595283033,5093232
2023-03-03,304.49749755859375,308.8242992655634,303.05525783189665,307.20173830959,3358728
2023-03-06,306.30029296875,310.086240631202,302.8749327095461,303.05522641117017,4399715
2023-03-07,304.1369323730469,315.3144551156179,301.97354531141366,306.4806131518825,5772197
2023-03-08,298.7506408691406,301.6670708058112,296.19878553440674,301.1202367160433,4455762
2023-03-09,296.19879150390625,300.75569598858175,295.28741060697115,300.75569598858175,2540218
2023-03-10,290.1836853027344,292.9178281186769,289.0900448642408,291.8241876801833,4629798
2023-03-13,295.6519775390625,298.7506672370565,288.90776400504274,288.90776400504274,4810488
2023-03-14,292.73553466796875,299.6620067478606,291.0950324807819,293.8291749796242,3239628
2023-03-15,301.3025207519531,306.7708059641006,297.65699727718817,297.65699727718817,5640440
2023-03-16,297.2924499511719,302.39616055604296,295.2874009184462,297.1101626525107,3557995
2023-03-17,303.48980712890625,306.04166224978127,300.75566472233953,300.93795200803123,4164707
2023-03-20,298.3861083984375,303.48984712594597,294.9228720189524,303.48984712594597,3721819
2023-03-21,296.0164794921875,300.39112412022797,292.55324349814896,298.3860751890675,3950263
2023-03-22,303.1252746582031,304.03665550334915,296.9278682233283,296.9278682233283,4048112
2023-03-23,311.6922912597656,314.24414684657796,300.755719636616,303.3075752234283,5846277
2023-03-24,311.6922912597656,314.4264341655531,309.6872420035989,311.14545711598015,4418846
2023-03-27,303.672119140625,311.6922597276609,303.1252850521596,310.59859155073,3948253
2023-03-28,304.7657470703125,309.5049385594762,301.3025110065562,308.41127042716585,2521532
2023-03-29,313.1504821777344,317.16055256710473,311.5099798731253,314.4264098725607,5746735
2023-03-30,312.2391052246094,314.97324795369855,308.0467474773784,312.05681791741483,3469438
2023-03-31,317.3428649902344,320.2592674073703,314.6087220792782,320.2592674073703,7825933
2023-04-03,316.43145751953125,319.530146996479,312.2390998445372,317.7073852084936,3032828
2023-04-04,312.6036376953125,318.2542102016487,311.50996952855814,318.2542102016487,2469327
2023-04-06,317.7073974609375,320.8060870573868,309.86951590770315,309.86951590770315,4244183
2023-04-11,317.7073974609375,322.99339572469574,315.5200887936285,322.08201479555544,2754712
2023-04-12,313.5150146484375,318.98329978765446,310.780872078829,317.7073721511311,2445646
2023-04-13,314.6086730957031,314.6086730957031,306.5885051177292,309.322647602988,2086629
2023-04-14,314.06182861328125,316.97823047955626,311.6922329754027,316.4314242511598,1424550
2023-04-17,317.5251159667969,318.98333104276304,310.0518088988214,311.69228347607134,3111316
2023-04-18,316.43145751953125,318.6187661024863,313.3327402294459,316.61371701044726,1807118
2023-04-19,309.3226318359375,315.5200378411729,307.13532352185086,315.5200378411729,4305873
2023-04-20,308.2290344238281,311.32772395054155,306.77081940739293,306.77081940739293,2234506
2023-04-21,302.2138977050781,307.13534876961984,301.12022955156374,306.22396791273667,3964042
2023-04-24,300.75567626953125,304.94803368318827,297.4746996930547,303.6721060737629,3907946
2023-04-25,296.19879150390625,301.30253008937035,293.82919560924745,301.30253008937035,3379491
2023-04-26,299.8443298339844,302.39618534561373,294.5583314971211,295.2874251252612,4049456
2023-04-27,297.4747314453125,298.5683996919208,293.6469482084613,298.2038528807643,3841661
2023-04-28,295.28741455078125,301.84936822160944,292.5532718234592,301.484793607456,4307766
2023-05-02,293.8291931152344,299.84431254657744,293.46464632218215,297.2924571820743,2406738
2023-05-03,291.6418762207031,292.5532570838928,289.27228041378254,291.6418762207031,2768880
2023-05-04,293.2823791503906,295.4697156851208,290.54823629511736,290.54823629511736,4886086
2023-05-05,291.2773132324219,295.8342172948404,289.8190983698209,293.64690890750654,2764167
2023-05-08,291.0950622558594,294.55832646318606,289.6368472113607,292.0064431820287,3059754
2023-05-09,287.9963684082031,294.01148799454637,286.17360658283474,290.54822383846357,2805523
2023-05-10,285.0799560546875,287.4495521373534,282.89264729112665,286.35591166214294,3865578
2023-05-11,284.7154235839844,288.5432349730558,281.7990210232483,286.35592609921844,3451362
2023-05-12,282.16351318359375,286.72041737643883,281.43439182485696,283.43944079496316,3943550
2023-05-15,285.6267395019531,287.44950111691537,281.9812162720287,285.80902678870336,3033384
2023-05-16,284.1685485839844,289.63683388948607,283.0749082107664,289.63683388948607,2229388
2023-05-17,278.7003173828125,283.621797363685,278.3357705209701,282.34584162752236,3395438
2023-05-18,278.8825378417969,281.9812271440785,276.14839531393613,278.7002505480184,4505379
2023-05-19,277.0597839355469,278.7002583730684,275.4193094980253,277.2420712344434,1903069
2023-05-22,280.34075927734375,282.7103550859342,277.0597826049213,278.88254433258527,3568121
2023-05-23,279.0648498535156,284.89768220029634,277.9711816202461,280.88761170020575,2122770
2023-05-24,274.32568359375,278.7003013098557,273.77884942595153,277.0598266196013,3061610
2023-05-25,267.94598388671875,273.96110337333386,264.84729439759514,273.77881606856397,5761649
2023-05-29,263.3890686035156,272.5028772057134,262.6599750405945,269.0396410621329,4611428
2023-05-30,263.206787109375,264.66500208050456,258.6498827078059,262.6599808316965,5684458
2023-05-31,261.2017517089844,261.3840111872902,257.1916816154916,261.2017517089844,6190372
2023-06-01,265.21185302734375,270.315591844106,261.56632927439057,261.9308760870581,4661473
2023-06-02,275.6015930175781,279.79395093956094,271.2269755939417,271.2269755939417,6230013
2023-06-05,278.33575439453125,280.15851641127756,274.3256835203176,278.7003012352523,3405053
2023-06-06,277.78887939453125,283.2571646409837,275.41931137157815,278.15345399480435,2363564
2023-06-07,281.0698547363281,283.8039973462401,279.61163978174767,281.9812356062988,2620216
2023-06-08,281.61669921875,282.3457928163913,277.9711756042678,279.247103306709,2088557
2023-06-09,281.4344177246094,282.5280859567943,280.15848999581925,282.34579864705063,2519579
2023-06-12,282.8926086425781,283.4394427120453,279.6116320389111,283.0748959367792,1794284
2023-06-13,282.7103576660156,283.4394512384804,279.7939277498826,282.89261715256333,1950720
2023-06-14,283.62176513671875,287.81409529126086,282.8926436827387,284.53314609433914,3705142
2023-06-15,287.44952392578125,287.99635801628773,282.52807273749744,285.2622153768926,3789971
2023-06-16,288.9077453613281,290.730507161715,286.53814945819755,287.44953035839103,5937361
2023-06-19,285.4444885253906,289.81910540626865,282.1635119581642,288.90772457165775,3463755
2023-06-20,280.34075927734375,285.62675716231456,278.15345076677437,284.89766359650366,3842298
2023-06-21,276.3306579589844,280.7052744880908,275.6015366620443,278.15341948163433,3645077
2023-06-23,274.690185546875,276.3306877821926,273.41425790594127,275.96611318780873,3559882
2023-06-26,271.7737731933594,275.601555971226,268.8573434275353,272.68515401853745,3808427
2023-06-27,274.690185546875,276.6952345634399,271.5914961865683,273.41425790594127,3000664
2023-06-28,274.14337158203125,276.14842074570436,271.591516112937,276.14842074570436,2693383
2023-06-29,272.50286865234375,275.60155791720143,270.31556021909927,275.60155791720143,2649569
2023-06-30,269.0396728515625,273.41429037226277,269.0396728515625,271.5915284364477,3127270
2023-07-03,273.5965576171875,276.8775066104179,269.9510340130312,270.1332935053563,2876923
2023-07-04,276.6952209472656,277.606601762103,273.5965317394455,275.2370060808987,2030897
2023-07-05,271.0447082519531,277.78892219916986,269.5864930655746,276.5129943410167,3259242
2023-07-06,264.3004150390625,270.49779295610455,261.56627281452046,269.03960602018856,5400900
2023-07-07,257.1916809082031,262.84222535658785,255.91572549789262,262.84222535658785,8378693
2023-07-10,257.7384948730469,263.20678000738144,255.1866396022787,261.93085237199733,3757382
2023-07-11,260.83721923828125,263.20678727810645,258.46762338531886,259.9258383573832,3336818
2023-07-12,264.8472900390625,267.7636921754217,262.4776941817388,262.4776941817388,2950723
2023-07-13,276.3306579589844,277.60658546221265,269.22187133276947,270.3155393716129,6710595
2023-07-14,274.690185546875,279.064830361252,273.41425790594127,277.42432812593444,2949877
2023-07-18,269.0396728515625,272.32062208551775,267.76371724598005,271.7738157552851,3384033
2023-07-19,269.5864562988281,270.6801244927407,264.6650050524967,266.4877668335926,2815987
2023-07-20,268.4927978515625,273.0497019976748,267.2168702532782,270.13327221890864,2685800
2023-07-21,270.6800842285156,271.77375225974276,267.21684848485194,267.7636546873321,1650874
2023-07-24,264.4827575683594,267.9459939843988,261.2017806508206,267.0346130524791,3683457
2023-07-25,278.8825378417969,279.61163139063865,271.22694432641396,271.22694432641396,7236670
2023-07-26,277.0597839355469,279.2470924566212,275.05473490023223,277.0597839355469,2654248
2023-07-27,280.705322265625,283.2571777064208,278.51801362878024,279.42939454522707,3728462
2023-07-28,295.4696960449219,297.11017052378594,275.9661227232185,277.78888450557304,13626271
2023-07-31,296.9278869628906,306.2239832953253,296.19879336601406,301.3025319835637,9605312
2023-08-01,295.4696960449219,299.29747909998383,292.00643197056576,298.9329323061404,5146168
2023-08-02,289.4545593261719,294.1937229895826,287.44951035998616,292.1887018365328,4391723
2023-08-03,290.3659973144531,294.19378089448315,287.44956693745195,288.90778212595256,2646456
2023-08-04,290.73052978515625,300.208886322107,290.00143613352157,293.46467269849626,4677245
2023-08-07,289.0900573730469,290.5482446874668,286.5381739465316,289.8191510302568,2000525
2023-08-08,283.9862976074219,286.173606232559,280.88760807071606,285.4445126285594,3145760
2023-08-09,284.5331115722656,286.17358597168965,280.70530088942803,281.61668173647166,1383399
2023-08-10,284.7154235839844,286.5381856143724,281.616733694953,282.8926615535963,1486007
2023-08-11,282.528076171875,286.17359973538305,281.616695280998,283.2571697593216,2933218
2023-08-14,277.60662841796875,278.1534625220054,275.41931981496003,278.1534625220054,3477749
2023-08-15,274.87249755859375,279.42940226674966,273.5965698029379,276.1484253142496,2765712
2023-08-16,273.0497131347656,275.054734352954,270.6801173195096,272.6851663508347,3524719
2023-08-17,270.8623962402344,271.7737770784409,262.1131346308245,267.5814196600637,5235641
2023-08-18,266.4877624511719,272.1383350048999,266.1232156635752,269.95102646618284,3176466
2023-08-21,257.3739929199219,264.4827815205683,256.4626119054653,263.57140050611173,7952037
2023-08-22,258.8321533203125,259.92582143142715,254.2752492125605,257.0093916772117,5891471
2023-08-23,255.73345947265625,258.64986136108354,255.18662542697146,257.5562210828489,3604477
2023-08-24,264.4827575683594,266.4877789306995,257.5562569231417,259.19673147534166,5562333
2023-08-25,262.11309814453125,265.0294997329458,260.1080494543264,262.11309814453125,3010712
2023-08-28,270.8623962402344,283.07489390957466,270.49782165444304,280.88758546050616,10720058
2023-08-29,284.46563720703125,286.1313605832863,273.1758661136295,273.36092766161113,9566747
2023-08-30,285.9462890625,295.9405169955735,285.0208965412621,289.277707787104,11296930
2023-08-31,281.3193359375,291.31356420740485,279.8387022054705,288.1672351773044,6329180
2023-09-04,290.01800537109375,293.164334239428,285.02089149306425,285.02089149306425,7195598
2023-09-05,288.9075622558594,291.8688014391244,286.8716873717641,289.09262381939766,4456267
2023-09-06,288.7225036621094,289.46280647776666,285.02093310233874,289.46280647776666,2721522
2023-09-07,284.2806091308594,288.7224821757284,282.42982398870726,288.7224821757284,3559050
2023-09-11,277.8028564453125,280.20885449691616,272.0654113051662,277.8028564453125,9051650
2023-09-12,280.0237731933594,281.13422723719924,273.54602576171203,274.841569599894,3043017
2023-09-13,278.72821044921875,280.39390552236426,276.6923358124981,280.0237541995248,2612542
2023-09-14,277.8028564453125,280.39394430430394,274.6564991641577,279.4685517488442,2436758
2023-09-15,277.4326477050781,281.689458661452,274.47140878292777,277.2475861578581,3481496
2023-09-18,270.3997497558594,275.95210578172305,270.2146599253667,274.8416232802531,4364349
2023-09-19,269.28924560546875,270.5847895925359,266.5130678157216,269.6593969959535,3582053
2023-09-20,265.2174987792969,268.3638276623632,262.07116989623063,266.51304264400204,5953415
2023-09-21,265.587646484375,267.43843147729746,261.5159251480931,261.5159251480931,2796735
2023-09-22,273.91619873046875,273.91619873046875,263.92197034335567,263.92197034335567,5623152
2023-09-25,270.7698974609375,274.47146809405837,269.1041737315875,273.360985607825,3304284
2023-09-26,266.6981506347656,270.584782494005,264.84736549015446,268.73399734939386,4112768
2023-09-27,268.5489501953125,271.6952794619011,264.8473797073867,265.03244128733803,3660023
2023-09-28,262.44134521484375,268.3638521662261,262.0711938255212,266.69815679390445,6015377
2023-09-29,270.7698974609375,271.6952901192177,263.92199743781254,264.1070590250229,4606657
2023-10-03,264.4771728515625,265.5876551799694,262.81147759969093,265.5876551799694,2935462
2023-10-04,264.1070556640625,264.1070556640625,260.0353336675939,260.96072631409777,3322602
2023-10-05,264.2921447753906,267.0683227073995,263.55181371574287,263.55181371574287,2245698
2023-10-06,267.06829833984375,270.7698685781209,265.7727544045947,266.883208531634,2195706
2023-10-09,267.25335693359375,270.2146243875614,264.6622690919266,264.6622690919266,1305645
2023-10-10,267.80859375,272.80570778654464,266.51304985026457,270.39970979020984,2985091
2023-10-11,270.2146301269531,274.6565031615111,269.4743273681068,271.14002269588104,4811810
2023-10-12,275.7669982910156,276.69239090273044,273.54606167104834,275.0266954979403,4183307
2023-10-13,270.58477783203125,273.9161966830815,269.8444750832377,271.1400190139962,2751662
2023-10-16,266.3279724121094,270.2146325325031,265.2175182639542,269.47432976706637,2898872
2023-10-17,270.2146301269531,270.76987131645785,267.9936936096741,268.5489347991789,2077350
2023-10-18,267.62353515625,270.21462298446284,266.5130528065935,267.80859672069994,2031297
2023-10-19,261.51593017578125,265.4025617911969,259.66514514727714,264.47716927694484,4467505
2023-10-20,263.9219665527344,267.06829557454404,259.10991399650356,259.10991399650356,4323691
2023-10-24,268.3638000488281,271.1399772907126,260.9606607371363,261.5159018336603,5525316
2023-10-25,257.4442443847656,275.7670074060521,255.4083692754039,275.3968559972796,13923221
2023-10-26,252.8172607421875,259.29500871481287,249.48584185097505,256.3337412024596,8017738
2023-10-27,257.2591247558594,258.739758460156,250.22613584100463,252.44707227708008,6373842
2023-10-30,259.10992431640625,259.2950141300713,254.4829613821847,254.8531127687743,3099058
2023-10-31,254.48294067382812,259.1099032315341,252.07691449567338,259.1099032315341,3836327
2023-11-01,253.37245178222656,256.7038703853875,251.3366052541609,253.37245178222656,1953584
2023-11-02,255.0381622314453,258.7397319931768,254.48292111903837,256.3337059999041,2250742
2023-11-03,264.2921447753906,265.2175374193936,256.3337623888168,257.25915503281976,5787714
2023-11-06,272.8056945800781,273.5460255160441,268.5489117214087,270.21460690604124,7660676
2023-11-07,270.3997497558594,272.9908379382985,269.10417742389666,270.0295700948739,4261387
2023-11-08,265.95782470703125,271.3251186732573,264.4771909149434,267.80860988695594,4631028
2023-11-09,265.587646484375,268.17873417817134,264.8473437835011,267.99367262332174,1805699
2023-11-10,261.51593017578125,263.73686656183855,260.5905376615292,261.8860815333344,2095806
2023-11-13,264.2921447753906,265.4025990037488,259.66518155537585,262.6264210717399,2115378
2023-11-14,264.1070556640625,266.8832336035742,262.9966014327033,266.3279923675234,2436633
2023-11-15,272.9908142089844,272.9908142089844,267.62354848015485,270.2146364373676,5188593
2023-11-16,269.844482421875,274.28635551691593,267.4384560617527,274.28635551691593,3516339
2023-11-17,264.1070556640625,267.8086262500781,262.81151160710556,265.7727793722149,3916159
2023-11-20,270.3997497558594,271.8803554368285,263.9220010590184,266.14293782121524,3620340
2023-11-21,268.5489501953125,274.4714573278454,267.9937089739753,272.2505206832383,3756889
2023-11-22,269.28924560546875,270.5847895925359,266.6981576313345,267.06830902181923,1696649
2023-11-23,270.2146301269531,271.14002269588104,265.7727570923951,266.32797004115986,2708559
2023-11-24,266.1428527832031,269.6593325130333,265.77270148123165,268.1786990644133,2340629
2023-11-27,265.587646484375,267.99367262332174,263.1816203454282,266.6981287764236,2731401
2023-11-28,262.9965515136719,265.772728926241,262.8114617232058,265.772728926241,2309889
2023-11-29,258.7397766113281,266.1429174114191,257.25914280316175,266.1429174114191,4914370
2023-11-30,256.518798828125,259.6651275147837,255.77846792255232,259.2949761823656,5240539
2023-12-01,258.9248352050781,261.7010129731415,256.1486574370148,256.70389863877557,4418059
2023-12-04,248.37535095214844,262.6263903548373,246.3395043179009,262.6263903548373,7937979
2023-12-05,234.6795654296875,246.15442784656733,231.34814647233773,245.229035260678,17192302
2023-12-06,237.6407928466797,239.3065163622188,233.01384426956142,234.67955366473095,7724499
2023-12-07,232.08847045898438,236.71543352985577,225.42564646100368,235.97511661444221,8568459
2023-12-08,229.86749267578125,233.75415249446175,228.38687313947494,231.53320200944873,4947948
2023-12-11,226.90623474121094,229.31226085293812,220.42848733926562,226.16591792834345,7003151
2023-12-12,230.97799682617188,231.71829960416412,226.72118525086464,228.20181904758985,3744143
2023-12-13,228.75704956054688,230.79291047128734,227.27642986199498,229.86751786455343,3133179
2023-12-14,230.23765563964844,235.41984514076802,228.01670517885242,231.16304813488787,5143368
2023-12-15,240.41696166992188,241.71253377041344,233.19891142219674,233.19891142219674,9293990
2023-12-18,239.4915771484375,241.34236222142616,236.715413659324,239.30651558558205,2765108
2023-12-19,237.45571899414062,238.3811114857462,234.67954151932386,236.53032650253502,2538832
2023-12-20,238.01097106933594,242.26775413364985,237.45572990072225,238.93636360344573,3409389
2023-12-21,238.196044921875,238.93637593180495,234.8646400994115,235.23479148400628,2282849
2023-12-22,236.34524536132812,242.2677518762996,234.12430894830618,240.2319052646706,4747508
2023-12-27,238.7512664794922,240.60205149096112,237.6407841763156,240.60205149096112,3145132
2023-12-28,247.63504028320312,249.11567394112686,238.01096386780597,238.38111522210238,5846400
2023-12-29,248.00521850585938,248.00521850585938,244.1185582628293,245.22904068676394,2950565
2024-01-02,242.82298278808594,248.56042750017608,240.9721978152488,248.37533770659738,2286702
2024-01-03,239.67666625976562,240.6020587935871,237.82588119212264,240.6020587935871,1951173
2024-01-04,238.56619262695312,239.86176481416322,236.34525611289865,239.67667500435036,1652833
2024-01-05,236.7154083251953,239.86175135059827,235.79001580955372,236.9004840042498,2675564
2024-01-08,229.31228637695312,237.64080555753483,226.90625999741886,236.90050278263536,4677100
2024-01-09,226.90623474121094,231.5331971711719,226.72115906808625,229.31226085293812,3363506
2024-01-10,227.09133911132812,230.23768243351876,225.61071941885947,227.46150462472318,2903982
2024-01-11,231.34812927246094,234.67954798213205,226.35101532832346,227.64655920410155,3603801
2024-01-12,232.27352905273438,234.30938982991947,229.49735141465388,231.34813650670753,2854274
2024-01-15,231.9033660888672,231.9033660888672,231.9033660888672,231.9033660888672,0
2024-01-16,223.38973999023438,232.82875462336236,221.16880367677408,231.1630453280828,7811761
2024-01-17,215.24632263183594,222.46437355597286,213.9507645303052,222.46437355597286,8625697
2024-01-18,214.69107055664062,215.43138741711675,211.5447415500791,214.13582938119112,5086417
2024-01-19,212.4701385498047,217.83740412994433,210.98950479781243,214.69107505742318,4161790
2024-01-22,205.06698608398438,212.84027752816988,203.03111126350657,211.72980933905328,8370543
2024-01-23,215.9866180419922,217.83740316358723,203.9565147516245,205.06699712087743,8451124
2024-01-24,221.35389709472656,223.2046822111045,212.84028838346205,220.2434288489738,6841367
2024-01-25,226.72116088867188,228.20179452629648,220.9837302535221,228.20179452629648,7280391
2024-01-26,225.7957763671875,231.3481315237577,223.20467447004754,230.42273899766266,6914852
2024-01-29,227.64657592773438,232.08846316015448,224.87039817251812,228.9421198986872,7018074
2024-01-30,222.09420776367188,226.9062461078109,221.35389091371908,224.8703853607178,5153622
2024-01-31,218.94789123535156,223.38976434657258,217.83740883717604,221.3539034838679,4976212
2024-02-01,219.13294982910156,223.94498807101652,218.3926329948756,219.8732666633275,4759047
2024-02-02,215.9866180419922,224.31515108916983,213.21044035959966,221.90913890331822,5169392
2024-02-05,213.39552307128906,215.6164594951948,209.87902863313045,212.47013054126677,5014329
2024-02-06,225.42562866210938,227.64656511262126,212.8402844548898,213.76567699599804,6777847
2024-02-07,225.42562866210938,233.01384467512284,223.20467809122792,229.31227451068997,5611465
2024-02-08,223.94497680664062,228.75701480651128,222.09419187435435,225.42561040061702,3135364
2024-02-09,224.13006591796875,224.13006591796875,224.13006591796875,224.13006591796875,0
2024-02-14,225.42562866210938,226.16593139870028,219.1329565584996,223.7599192640407,3031722
2024-02-15,228.57196044921875,230.60782124048197,225.2405416123373,225.98085847835205,3495776
2024-02-16,233.0138397216797,234.49445928375584,228.757028474926,231.34813035902087,4617241
2024-02-19,227.83164978027344,233.56908093729996,226.35103012834057,233.1989295544093,3030257
2024-02-20,226.53611755371094,230.05261235479745,223.20469845365616,228.2018271037383,2639951
2024-02-21,231.34812927246094,235.79001617856602,224.50023029414376,224.870381652832,5804272
2024-02-22,235.04971313476562,235.23478882497096,230.23767458757672,230.23767458757672,3635607
2024-02-23,234.30938720703125,237.27064049709455,233.9392358409119,235.41985542575878,3114873
2024-02-26,232.82875061035156,235.9750793535853,230.79287588433957,232.45858515090916,2079054
2024-02-27,231.71827697753906,232.2735181271859,225.05545378362186,232.08844245075994,4515245
2024-02-28,226.53611755371094,233.7541828569157,224.87040800368354,231.71830778445394,4938109
2024-02-29,224.68531799316406,228.75703963803088,224.68531799316406,225.42563487051348,5173679
2024-03-01,222.09420776367188,224.31514419316082,218.76278899906902,222.46435912846354,5821620
2024-03-04,222.09420776367188,223.38975166081218,219.68818153141765,222.09420776367188,3061865
2024-03-05,216.35679626464844,219.87329102659334,215.2463279504476,218.94789841136418,5410721
2024-03-06,220.7986602783203,223.38974803049302,216.1716976917702,216.35677337115834,3731568
2024-03-07,216.7269287109375,221.90913255121194,214.8761436423208,221.72405686842416,3751070
2024-03-08,216.7269287109375,220.9837400169036,216.7269287109375,217.46724556245806,3357206
2024-03-11,223.0196075439453,224.68531698038072,218.39264473183027,219.68818867107453,4037939
2024-03-12,231.1630401611328,231.1630401611328,223.7599004545817,225.79576104980958,7780786
2024-03-13,235.59097290039062,240.66754825850703,232.77065006923624,234.08679498581347,9822313
2024-03-14,233.14669799804688,238.97536257901717,230.7024123617185,238.97536257901717,5072299
2024-03-15,229.7622833251953,231.07844252415197,226.94196062802072,229.19822739270222,5968157
2024-03-18,227.88209533691406,232.0185777257441,227.50605800379532,229.95034370378144,4482381
2024-03-19,223.3695831298828,227.1300137257064,222.80551280254755,227.1300137257064,5041869
2024-03-20,225.8138427734375,227.6940579744568,222.61748266966612,222.61748266966612,3215255
2024-03-21,227.5060272216797,230.8904201414509,226.94195695341688,229.0102050404453,3714003
2024-03-22,223.93365478515625,226.7539779294149,221.3013503148671,226.5659592554454,5526474
2024-03-25,217.72894287109375,223.93364490784123,217.3528911948364,222.80551856887848,9197646
2024-03-26,219.0450897216797,220.5492677495759,216.22476667805293,216.22476667805293,5278587
2024-03-27,215.09661865234375,218.66903034989429,214.3445297141905,218.66903034989429,6478195
2024-03-28,214.15650939941406,217.72892106916578,211.90024260251147,213.0283831734144,7181678
2024-04-02,219.9851837158203,221.67738030569203,216.2247532249516,216.2247532249516,8851094
2024-04-03,214.72059631347656,219.98520525410095,214.34455896553425,219.98520525410095,4358685
2024-04-05,212.84036254882812,214.53255915860498,210.02003964750142,214.53255915860498,5157297
2024-04-08,214.53256225585938,216.22475889006685,210.77213166646692,212.8403656216519,2939439
2024-04-09,217.35287475585938,218.48100100949893,215.66067820294822,217.16485610440338,3645167
2024-04-10,220.54925537109375,221.30132999792633,216.6007918557027,218.85705877091246,4871030
2024-04-11,219.9851837158203,220.5492540274122,215.84871591382628,215.84871591382628,2917508
2024-04-12,214.53256225585938,219.04508183211118,213.96850627439306,217.35288519790373,5996171
2024-04-15,210.96014404296875,213.9684999007946,209.07992880427955,211.52421435253706,5519553
2024-04-16,204.5674285888672,210.20807443953552,204.00335826583867,208.70389647472896,8818833
2024-04-17,202.68719482421875,205.13146586302966,201.18301699656365,203.4392693931434,4921109
2024-04-18,205.5075225830078,208.13981232925417,200.05489575382006,202.12312955940072,4918301
2024-04-19,201.7471160888672,203.0632611174069,199.49084902506414,202.12315342704855,6005197
2024-04-22,206.8236846923828,209.26797034034547,205.13148803955517,205.13148803955517,6697945
2024-04-23,216.9768524169922,217.1648710814151,207.38775708237816,208.89192074266597,9470979
2024-04-24,224.6857147216797,225.43780366504257,216.78881667862805,218.48099887006524,12591951
2024-04-25,232.01853942871094,234.65084336076777,221.86537531643594,221.86537531643594,16998276
2024-04-26,235.2149200439453,236.34304630164527,231.64250827380903,232.58261587937628,11108570
2024-04-29,239.72744750976562,247.06027560472927,234.83889066482183,235.21492798177746,13577949
2024-04-30,236.53106689453125,243.4878570729398,235.40292635108952,241.98367924495275,5800517
2024-05-02,248.9404754638672,248.9404754638672,235.2149134162739,235.4029320631088,10416084
2024-05-03,252.70091247558594,257.4014504955173,251.5728005646868,255.1451979839117,8362424
2024-05-06,253.26499938964844,254.5811443836044,248.5644610613706,252.51292473304764,5192064
2024-05-07,250.06863403320312,254.58113926163827,247.62434841371388,253.8290646201686,4576269
2024-05-08,242.54776000976562,251.0087283821993,241.98368971364195,251.0087283821993,6735815
2024-05-09,249.69259643554688,250.06863375586468,242.54777259027477,244.42798788167224,6176895
2024-05-10,268.6827392578125,270.1869171482371,257.58948110931937,258.52958870460884,21255435
2024-05-13,266.2384948730469,271.31507038630156,262.85410163427434,271.31507038630156,6313272
2024-05-14,267.3666076660156,269.9989262776895,265.8624297007461,267.5546406703525,5036204
2024-05-16,274.51141357421875,276.0155914413539,266.23847833968546,269.99890866261995,8910691
2024-05-17,277.3317565917969,280.90415418383554,272.6312183444783,277.3317565917969,8994092
2024-05-20,278.0838317871094,280.9041547410955,276.2036164844519,279.7760427733863,5318282
2024-05-21,268.11871337890625,275.45154157634624,266.61453540025457,274.51143392591507,9171567
2024-05-22,266.8025207519531,270.9390170716725,264.54626828925586,267.3665910400791,4669657
2024-05-23,261.161865234375,265.674398676514,260.4097906722546,263.9821878770348,8463925
2024-05-24,257.5895080566406,260.7858684770457,255.70929266936588,259.09368610442243,5038949
2024-05-27,262.2900390625,262.66607639129444,256.0853227230597,257.2134633992522,5206460
2024-05-28,259.84576416015625,264.35829836214293,258.71765212701735,261.53797524458014,3501176
2024-05-29,254.95718383789062,258.71761410871613,253.82904328072053,256.8373989733034,5110465
2024-05-30,247.6243438720703,254.2050972785632,245.36809129923435,253.8290599647252,9578077
2024-05-31,247.06027221679688,254.20509590021,246.12016459239535,251.00873571520643,8122734
2024-06-03,251.5727996826172,254.20508948862644,248.1884065821716,249.31654717892252,5384777
2024-06-04,254.7691650390625,256.64938027920317,251.3847718688477,251.3847718688477,4744673
2024-06-05,257.5895080566406,263.4181872331163,256.4613673483518,256.83743337765475,5445354
2024-06-06,256.6493835449219,262.29002933711797,254.39313096600506,261.3499217050853,3622219
2024-06-07,254.58111572265625,259.0936492236638,253.4530038647588,257.40143840210874,3036160
2024-06-11,250.25668334960938,254.01711418167076,245.9321821547767,253.82908116414353,6423914
2024-06-12,246.87228393554688,249.12853664265046,245.55613891388728,248.37646197021917,3691973
2024-06-13,248.18841552734375,251.1967714339015,246.49623326103512,250.06863079649028,3734529
2024-06-14,242.17172241210938,246.49622309068056,241.60765211667712,246.30819009560082,6493092
2024-06-17,243.86390686035156,246.30819236992292,238.03524258164708,241.23161704377148,2942271
2024-06-18,242.73577880859375,246.12014300778594,241.60763828232612,244.42796090818985,2999110
2024-06-19,249.50454711914062,249.69258011191116,244.42797190220992,244.80400919794428,5101478
2024-06-20,247.43634033203125,250.25666322932733,246.3081996971896,248.75248527947446,3235755
2024-06-21,241.98370361328125,245.74413421703017,240.66755863993086,244.42798924367978,4578870
2024-06-24,242.3597412109375,242.54777421726197,239.16338093208262,239.7274512612473,2835277
2024-06-25,240.1034698486328,245.1800450353685,237.28314711269005,242.1717179975801,3936237
2024-06-26,240.66754150390625,241.9836863835444,237.47118145626882,237.47118145626882,2379273
2024-06-27,236.53106689453125,239.16335657615423,236.15501526508302,238.4112820070636,4982771
2024-06-28,235.2149200439453,238.7873318140816,233.33470483281081,233.33470483281081,4804572
2024-07-02,233.89877319335938,238.97534848333865,232.20657664839845,235.2149180922715,5510181
2024-07-03,236.53106689453125,237.84721173534274,233.52271123855715,236.15501526508302,3134030
2024-07-04,234.4628448486328,240.29152382109567,232.58262952716854,238.78734582596243,3858860
2024-07-05,230.13836669921875,235.4029611864315,229.19825900383378,234.08681615085456,6466626
2024-07-08,225.43780517578125,231.26646942232247,223.74560862810063,229.38625422376703,7936515
2024-07-09,225.62583923339844,227.50605456034344,222.99353490669455,223.74562390645346,4059352
2024-07-10,226.9419708251953,230.13834529922426,225.62582591200345,226.56593351997012,3601705
2024-07-11,233.33470153808594,234.08679048090085,228.6341635766221,230.1383414622519,5303009
2024-07-12,238.97535705566406,240.29151634669188,236.34305281851252,236.34305281851252,7497178
2024-07-15,232.77066040039062,236.71910967027165,230.5143934283841,235.9670206796028,5029709
2024-07-16,227.31802368164062,229.7622948683829,226.18989741507468,229.7622948683829,5805057
2024-07-17,228.4461669921875,229.38627467528292,226.18991429072042,226.9419889612729,3999703
2024-07-18,226.9419708251953,228.6341673885161,226.00186321722865,227.6940597805494,3097725
2024-07-19,224.6857147216797,226.18989260840544,223.18153683495393,224.6857147216797,4636352
2024-07-22,224.8737335205078,227.31801900183322,222.24142938944283,225.43780381463014,3876153
2024-07-23,221.67738342285156,226.94197757715455,220.92529444512138,225.4378139665983,4389657
2024-07-24,218.8570556640625,221.86539716339902,216.78882177982516,220.92528954829987,5232901
2024-07-25,216.22474670410156,219.23308813709096,215.2846391097359,218.8570508373061,4431062
2024-07-26,215.28465270996094,217.9169570094566,213.96850773266527,216.03674170194606,3583361
2024-07-29,217.1648712158203,219.2331052155615,216.6008008772979,218.10497888342127,2541509
2024-07-30,213.96849060058594,217.91693956123194,213.59243896225098,217.16485062946526,4340037
2024-07-31,217.91693115234375,219.79714623675585,211.71221563582273,214.15650098351952,6167990
2024-08-01,216.6007843017578,218.2929808429238,214.9086021054953,216.97683594696332,2717582
2024-08-02,213.0283966064453,213.59245258256146,211.52421864699392,213.40443392385606,5969609
2024-08-05,210.96014404296875,215.6606821396918,209.07992880427955,210.58410673319247,7425548
2024-08-06,212.65234375,214.72057767395356,211.712236116848,212.4643250923504,3660299
2024-08-07,214.72059631347656,216.0367557210853,212.46434353601202,213.0284139028308,2941148
2024-08-08,213.96849060058594,217.54088792289699,210.77211622680338,212.27629409033673,3851102
2024-08-09,215.66067504882812,218.8570494564462,215.28463775141583,217.1648529282841,3881908
2024-08-12,217.72894287109375,219.42112520708554,215.66069451393992,215.66069451393992,3205812
2024-08-13,217.1648712158203,218.66904922194368,216.0367448836801,218.10497888342127,2819716
2024-08-14,214.53256225585938,217.9169555242743,213.4044359480225,217.72893686378555,3623240
2024-08-15,213.78045654296875,217.3528681923695,211.9002413953792,212.84034896917396,3196349
2024-08-16,216.6007843017578,217.3528732472653,214.1565131599878,215.28463940579732,3508576
2024-08-19,218.66903686523438,221.11330805593144,216.2247513296335,216.2247513296335,4246430
2024-08-20,218.10496520996094,220.36121773279217,216.97683894854532,219.42111012412855,3049811
2024-08-21,214.90859985351562,217.9169412591184,211.90024410300953,216.97683367331106,4692540
2024-08-22,217.91693115234375,218.29296843126508,214.34451962298021,216.22473470739232,4372461
2024-08-23,217.72894287109375,218.66905054438016,214.53256817497717,216.78883519780734,2286599
2024-08-26,220.92527770996094,223.18153012733552,219.23308122447852,219.42109986844255,4031103
2024-08-27,221.48936462402344,221.86540194019773,218.2929900569256,219.2330976922654,2491306
2024-08-28,218.48098754882812,222.0533990860092,217.72891298933968,221.86538044613707,3329752
2024-08-29,222.24143981933594,222.6174914813669,217.16486431360298,217.91695329276078,3816503
2024-08-30,226.00186157226562,231.64250717901007,221.67737521403706,222.6174828151611,11947427
2024-09-02,222.6174774169922,226.5659263769881,221.67736983866445,226.00185609203015,5037494
2024-09-03,222.9622802734375,225.83550549702824,221.2383422164872,223.15382569888104,2650259
2024-09-04,220.0890655517578,222.19609456013555,217.5989310602333,222.19609456013555,4426765
2024-09-05,220.2805938720703,222.38762271674653,217.9820196076924,222.00453187734314,3346413
2024-09-09,217.02427673339844,220.28059269283142,214.34259702999432,218.55665469678743,6518252
2024-09-10,213.95950317382812,217.7904702108813,213.38486688665785,216.4496375935045,7713523
2024-09-11,211.46937561035156,214.3426007827368,210.12852842818438,212.81020817853977,7765121
2024-09-12,211.6609344482422,214.34261436857244,210.7031926634085,213.193327149568,7346556
2024-09-13,214.53414916992188,216.0665417952987,211.6609239578247,211.6609239578247,4934791
2024-09-16,211.8524627685547,213.5764007647882,209.17078306485578,212.61865905732276,4581763
2024-09-17,215.6834259033203,217.02427303918768,210.89471744803356,211.8524591390909,4321548
2024-09-19,228.1340789794922,230.624213342909,215.4918909656373,215.68343639036647,16230231
2024-09-20,231.39041137695312,233.30589486645115,228.70873156886003,229.66647331360906,10958839
2024-09-23,230.81576538085938,234.45518701090535,229.85802361579357,229.85802361579357,6037887
2024-09-24,247.86354064941406,247.86354064941406,234.64671686030235,234.64671686030235,24084632
2024-09-25,251.50299072265625,258.5902738644608,249.77903802678455,257.440972067213,21069740
2024-09-26,266.252197265625,267.59302982352943,249.77902804577735,253.8015549474483,21199606
2024-09-27,295.5591125488281,295.5591125488281,275.82962647612464,279.66059351051524,48563525
2024-09-30,312.4153747558594,321.8012323412969,300.5393535132776,311.8407238525152,42555163
2024-10-02,357.0461120605469,363.5587734854974,321.60966737488695,321.60966737488695,44118930
2024-10-03,351.8742980957031,361.83480602525987,331.57019139852156,357.04609747951554,31656924
2024-10-04,360.3024597167969,361.0686414291766,342.6799880524753,342.87154809454967,19559214
2024-10-07,377.1586608886719,380.9896275984723,362.79253572692016,372.1784217027051,21474808
2024-10-08,326.39837646484375,375.434765719374,316.43786811788067,375.2432056783337,56770013
2024-10-09,308.3928527832031,336.167364369268,299.3900859077947,333.2941390327785,41266473
2024-10-10,320.0773010253906,327.35611486307175,311.2660653309915,316.05477402839136,20212308
2024-10-14,308.9674987792969,315.86322194035984,296.8999467124878,315.86322194035984,17408617
2024-10-15,292.8774108886719,310.6914130062887,290.19574572170086,306.47735521763786,22941873
2024-10-16,292.4942932128906,297.28300144894956,286.36475251632623,287.322494163538,11022160
2024-10-17,287.322509765625,302.2632861190289,284.44928466796875,296.70836672678587,11145356
2024-10-18,303.6041259765625,305.90270026454743,284.2577314944439,287.3225166970623,16483811
2024-10-21,298.62384033203125,305.3280320067025,297.09147704589986,304.9449411851696,8623242
2024-10-22,297.857666015625,300.9224511191872,294.98444094151927,296.3252734638439,4685446
2024-10-23,301.4970703125,308.9674729815126,295.9421802386847,299.77314697316604,8460052
2024-10-24,298.4323425292969,305.32806576313317,297.0915098917142,302.4548404420449,6026159
2024-10-25,299.5815734863281,301.88017680611574,297.0914686031505,299.198482675682,5301559
2024-10-28,300.15625,302.07173344508993,297.85767571148364,300.53934084342643,4084108
2024-10-29,299.7731628417969,304.37031147534407,298.2407702212951,301.88020634848164,4780257
2024-10-30,296.3252868652344,301.3055555767677,293.6436216993061,301.3055555767677,5882101
2024-10-31,297.6661071777344,302.45481565374655,295.17600215257363,296.89992551275526,5512732
2024-11-01,298.4323425292969,301.49709866834877,295.75064802617214,298.04925166541034,4590073
2024-11-04,301.4970703125,302.07172116826354,299.00696531745245,300.7308886567864,3532220
2024-11-05,316.4378356933594,317.0124865296387,299.96469683040533,301.68862011128755,13724591
2024-11-06,308.3928527832031,320.4604050420508,304.5618856678838,315.86322696689194,11859400
2024-11-07,320.0773010253906,320.6519226867119,302.83794971475106,306.4773566335916,9124446
2024-11-08,325.0575256347656,333.67720089499903,320.0772863545161,329.8462341126731,17164007
2024-11-11,312.22381591796875,314.9054811733198,307.24354704036347,314.9054811733198,10848538
2024-11-12,299.1985168457031,314.7139448864352,295.7506407002117,313.18155224088804,11680844
2024-11-13,296.13372802734375,296.13372802734375,290.1957181431338,293.2605030952335,8789827
2024-11-14,291.9196472167969,301.49706384763607,290.3872839382274,294.0266905667639,5761354
2024-11-15,286.939453125,294.02673669819166,286.7478930711459,291.91969301763925,7609898
2024-11-18,286.939453125,292.1112530714933,285.02396949830165,291.15351125814414,4772161
2024-11-19,287.7055969238281,290.9619128139759,285.02393189146096,287.32250609462665,3879471
2024-11-20,288.663330078125,289.23798091891933,283.8746217847654,287.3224976015755,3767521
2024-11-21,285.79010009765625,288.66332502335916,283.6830860222474,288.66332502335916,3328597
2024-11-22,273.7225646972656,286.55632679063615,271.23245967301835,285.7901158979811,11737719
2024-11-25,272.3817443847656,276.7873622242379,271.4240026469655,274.68031870989427,5945385
2024-11-26,271.80706787109375,274.1056712074732,269.50849376266984,270.46623541017607,3934555
2024-11-27,278.31976318359375,280.61833757754493,269.50852724082847,271.424010773781,5435369
2024-11-28,275.446533203125,280.23524195412523,273.53104970272494,278.70284930821344,3564955
2024-11-29,277.55352783203125,283.49153795331716,273.14793947593284,274.68030278520706,5485566
2024-12-02,279.4690246582031,282.9169007260627,276.7873595098446,280.4267663866109,4097019
2024-12-03,281.384521484375,283.10847421419356,277.7451144346904,280.8098998023949,3655370
2024-12-04,280.0436706542969,282.3422449167756,278.70283810351407,281.3845032050797,2370396
2024-12-05,278.5112609863281,280.2352134984094,277.170428517791,277.7450793551514,2990410
2024-12-06,282.1507263183594,284.8323915359462,277.74510840835916,279.6605919146237,4987004
2024-12-09,298.4323425292969,298.4323425292969,279.0859470094519,282.15073237646317,10062663
2024-12-10,295.3675537109375,317.204083432826,294.218281132707,316.05478162663644,17694528
2024-12-11,293.0689697265625,299.19851096021927,292.3027880328397,296.13375495736994,4676923
2024-12-12,297.474609375,301.8802275072478,291.5365985148451,293.83517299272563,5990381
2024-12-13,290.19573974609375,296.1337500723454,290.19573974609375,294.0267066074283,6468759
2024-12-16,285.02392578125,291.5365574219307,283.6830932938106,290.1957249344913,4553777
2024-12-17,287.8971862792969,291.7281534174699,283.4915682248059,284.4493100093492,4966838
2024-12-18,287.5140686035156,291.5365661867674,286.747857710546,291.5365661867674,2574962
2024-12-19,286.1732177734375,288.47182131214635,282.5338108837454,282.5338108837454,3419654
2024-12-20,283.4915466308594,287.5140735107235,283.4915466308594,286.1732117321305,7517169
2024-12-23,285.02392578125,287.13093991066734,283.49153326933805,283.49153326933805,2358353
2024-12-24,287.7055969238281,287.7055969238281,287.7055969238281,287.7055969238281,0
2024-12-27,284.6408386230469,289.0464269630457,283.299976890397,288.66333613712703,3950396
2024-12-30,282.5338134765625,285.9816895883088,281.1929808853162,284.83238780840725,2983363
2024-12-31,282.725341796875,282.725341796875,282.725341796875,282.725341796875,0
2025-01-02,274.87188720703125,281.7676396225725,274.2972363010763,281.19298871661755,7329867
2025-01-03,274.87188720703125,276.787370741575,273.14796371712555,275.2549780683482,4067355
2025-01-06,273.5310363769531,278.31974489465904,272.38173464152084,278.31974489465904,2792600
2025-01-07,272.1902160644531,276.21271386324355,270.65782342436023,272.9563977705203,5169797
2025-01-08,271.9986572265625,273.3394898320876,268.3592502647145,272.19021726790555,4900326
2025-01-09,270.0831604003906,273.14794554292547,269.50850953267064,270.65781126811055,3116442
2025-01-10,267.78460693359375,271.9986649105598,266.44377429018994,271.4240139982555,3920584
2025-01-13,263.7620849609375,265.4860377317432,259.5480269011238,265.1029176307018,5476785
2025-01-14,269.7000732421875,271.99864751645333,263.37897206698824,263.7620629080396,5515397
2025-01-15,270.46624755859375,272.5732909689309,267.59302248701954,270.0831567279752,3851521
2025-01-16,274.6802978515625,277.3619920505387,272.3817237009801,273.91411621068704,5342900
2025-01-17,275.446533203125,277.1704566623016,272.95639880701316,273.53104970272494,3010186
2025-01-20,281.1929626464844,285.5985802130706,280.23522096800724,280.8098718206848,7076136
2025-01-21,281.5760803222656,284.4493056316765,278.70285501285474,284.4493056316765,3163059
2025-01-22,280.2352294921875,282.53380374485926,279.08592775187293,281.0014111670923,4646233
2025-01-23,281.00140380859375,288.4718064690986,280.2352221537527,283.1084472013415,5594647
2025-01-24,287.8971862792969,290.19576071660873,282.7253864883552,285.98170271021036,7969142
2025-01-27,289.81268310546875,292.6859085905303,288.28029033451037,290.3873340480733,5981389
2025-01-28,290.19573974609375,290.19573974609375,290.19573974609375,290.19573974609375,0
2025-02-03,288.85491943359375,288.85491943359375,281.0014253437974,284.25774146836216,5776779
2025-02-04,298.8153991699219,298.8153991699219,290.0041641698828,290.19572419386645,10245455
2025-02-05,292.8774108886719,297.4745887537114,290.5788365701312,297.4745887537114,4928588
2025-02-06,295.94219970703125,295.94219970703125,291.34505101441613,294.79289791989817,3680742
2025-02-07,303.2210388183594,305.90270398227324,294.0267123267204,296.8999375286102,11034699
2025-02-10,306.8604431152344,309.35057744802367,302.26329452236024,302.64638536710675,8664013
2025-02-11,304.5618591308594,313.94771605440116,303.60411743547934,310.11674927288095,8383454
2025-02-12,321.6096496582031,321.8012096884862,304.37029913917706,306.47734256046306,18157542
2025-02-13,312.0322265625,325.6321700621611,310.69139406077653,325.249079237091,20004332
2025-02-14,325.44061279296875,325.44061279296875,316.0547559734255,318.16179937109763,17173507
2025-02-17,326.39837646484375,333.4856887919131,321.0350460512196,329.65472179477666,13096595
2025-02-18,326.9729919433594,331.378609358456,322.95049456884504,326.3983411104415,11286843
2025-02-19,324.2913818359375,326.7815163808057,320.65194543098846,323.14207997585663,6870841
2025-02-20,313.7561950683594,320.843477990315,313.18154418756126,317.58716196973626,9225408
2025-02-21,335.9757995605469,336.93354132580265,317.3956151601764,321.80123312594486,22590766
2025-02-24,330.99554443359375,336.93352556361776,327.73922842965055,333.29411871708555,11959874
2025-02-25,329.2716064453125,332.9110426816769,319.31109795518717,321.41814152508016,10407773
2025-02-26,345.93634033203125,349.192656516835,329.84626099800687,329.84626099800687,20626924
2025-02-27,349.57574462890625,353.78980255418344,341.7222504556485,347.66026109669303,17552053
2025-02-28,335.2095947265625,345.36166258387266,331.37862792968747,341.7222265900671,15225066
2025-03-03,325.44061279296875,337.31663306645675,321.8012060820332,335.2095896687846,13377617
2025-03-04,323.14202880859375,325.24907214245303,319.11953139116576,321.80119633611775,9068308
2025-03-05,332.9110412597656,334.4434339196919,324.0998053861586,327.1645907060112,11348257
2025-03-06,350.1503601074219,351.1081017766282,340.7644742124262,341.33912505954123,22196195
2025-03-07,344.595458984375,352.25739274036295,342.2968847031702,347.66024417795325,10247064
2025-03-10,337.6997375488281,347.8518056634336,335.40116325803916,342.10535532248235,8402110
2025-03-11,335.2095947265625,336.7419872909039,326.9730102676898,326.9730102676898,10948255
2025-03-12,339.3863525390625,344.63158512141905,335.6952706292823,342.1061236268108,7668706
2025-03-13,334.3354187011719,343.66026397489867,331.80992742163744,341.52333261756974,6400647
2025-03-14,344.0487976074219,347.3513491930901,335.6952638486438,339.9691558796825,9410518
2025-03-17,355.1220703125,359.20168236921006,351.04242861283217,352.59657924332265,14943120
2025-03-18,361.5329284667969,364.2526698780363,359.5902475607807,363.4756093728131,11103657
2025-03-19,364.252685546875,369.1093880208333,359.39598307291664,363.28134505208334,10283970
2025-03-20,358.81317138671875,366.97242558116045,356.67624009265217,366.38964500102554,11559530
2025-03-21,350.6539306640625,363.4756374928966,346.96284851425656,355.510633304839,11398713
2025-03-24,349.8768615722656,351.430982665072,343.4660083140803,351.0424523918704,6575436
2025-03-25,340.9405212402344,348.71124537106596,339.38637048547605,346.76856433835803,7712981
2025-03-26,343.8545227050781,344.63158321558984,340.55197107096564,343.46599244982224,3936129
2025-03-27,347.54559326171875,351.6252349162728,339.58061953834004,342.88317106476325,6054013
2025-03-28,343.46600341796875,351.62525761073084,341.32904248138277,350.0711068971192,6696074
2025-03-31,334.9181823730469,341.9118456178686,331.42138039359475,341.9118456178686,10601725
2025-04-01,338.0264892578125,341.7175712488463,335.6952780191091,335.6952780191091,4679573
2025-04-02,343.6602783203125,346.96285993915734,335.8895538391933,335.8895538391933,5341389
2025-04-03,336.4723205566406,343.6602338428029,332.9754890641148,335.1124498770355,11324712
2025-04-07,288.4881286621094,307.7206587157328,285.3798272031789,299.9499347113662,37928230
2025-04-08,290.0422668457031,295.2874993931744,282.46579348339276,294.31615893464425,15650535
2025-04-09,292.956298828125,295.09323012848654,275.08363967266047,278.77472169153185,15058282
2025-04-10,298.0072326660156,308.6919774174993,297.2301721776362,305.97223606521374,14366044
2025-04-11,303.4467468261719,309.469069397438,296.45311346010817,297.23017395312934,10182313
2025-04-14,324.427734375,326.3704154191617,310.82896706586826,311.21749734610853,17317705
2025-04-15,318.9881896972656,327.9245334660134,317.62831903061897,326.37038285714976,6309054
2025-04-16,318.2111511230469,322.09651309123313,313.35444866281404,318.9882116595004,6425770
2025-04-17,321.9022216796875,324.23343284904354,316.46270918921783,318.2111397984536,5986193
2025-04-22,325.0105285644531,329.2844207219277,318.7939554587666,321.9022271901305,7009300
2025-04-23,331.8099060058594,340.74622042357055,329.284414889326,332.78124646276007,9754193
2025-04-24,328.1187744140625,332.7812261077759,324.81622299119664,331.0327956065247,5403355
2025-04-25,328.8959045410156,334.9181979525137,327.73028406500435,330.06149537406685,5755397
2025-04-28,327.34173583984375,330.25575722714206,323.2620940404427,330.06147727747214,3631677
2025-04-29,325.78759765625,331.03283042580404,324.03919661405183,329.28442938360587,4183418
2025-04-30,331.0328063964844,333.16976719779313,326.17610425074395,327.3417246229046,6539791
2025-05-02,341.1347961425781,342.4946669167184,331.42139112306234,335.8895337176719,9306371
2025-05-06,348.905517578125,351.43097915015625,344.4373453735968,347.73989712721874,11169216
2025-05-07,355.70489501953125,363.86414910886333,353.95646437277225,360.95012767389056,12644311
2025-05-08,356.6762390136719,360.95013123183537,354.73355803787405,356.09342879234066,5851677
2025-05-09,361.7272033691406,364.44697460828314,355.70490993674827,356.2876905338158,7972749
2025-05-12,373.9660949707031,378.4342672288152,363.66987967408664,367.1667114257813,14408676
2025-05-13,363.8641662597656,373.7718218198997,362.5042954546053,371.05208020957906,7219217
2025-05-14,370.0807189941406,372.02339993374244,364.0583962241916,368.13803805453887,6297280
2025-05-15,366.3896484375,372.02341148001346,363.86415720904375,370.08073048011784,6319573
2025-05-16,367.9437561035156,369.30365646821235,361.33865280195363,362.30999326647503,4533478
2025-05-19,368.1380615234375,370.4692728709833,362.31001833309284,362.31001833309284,3567964
2025-05-20,368.33233642578125,368.9151170224394,362.69854363341796,368.7208667045401,5088344
2025-05-21,380.376953125,380.76548340396306,369.1093971773111,370.08073769619875,15235886
2025-05-22,374.54888916015625,380.57118225621645,373.5775486953441,377.85144081192584,7126205
2025-05-23,376.10302734375,378.82276869773017,372.8004461586858,378.6284887540355,4236480
2025-05-26,376.10302734375,387.1763023463229,374.54887672306523,380.76544956284675,8353064
2025-05-27,386.7878112792969,388.1476820940271,376.4915957226927,377.65718657404983,10081577
2025-05-28,379.79412841796875,387.953382537231,376.6858270187455,385.6221713092931,7260741
2025-05-29,388.9247131347656,389.507523337678,380.5711792742437,380.76545922286726,11502675
2025-05-30,384.45654296875,387.9533745602355,381.7368015325715,386.78778379171257,6081070
2025-06-02,384.0680236816406,384.26230363675563,372.9947480281469,380.5711919902849,6415634
2025-06-03,384.0680236816406,386.98204515061053,380.3769416781291,384.65083390402646,4475620
2025-06-04,391.4501953125,392.0330055021027,382.90241134151927,383.6794718323511,6389753
2025-06-05,393.587158203125,397.472519963697,388.1476458097327,393.3928782579133,7559849
2025-06-06,390.8674011230469,397.08397423304973,389.31325043480643,394.3642327608481,4331240
2025-06-09,403.88336181640625,404.27192172478374,392.42155595028936,392.42155595028936,9483287
2025-06-10,402.9120178222656,407.7687202050941,398.05531543943715,403.1062977747623,5734615
2025-06-11,408.3515319824219,410.29421294298805,403.4948295810064,403.88335984452783,6780545
2025-06-12,399.6094970703125,406.7974112248313,398.4439061939631,405.2432900563654,8002826
2025-06-13,401.7464294433594,405.4375114192418,396.5011967670678,398.24959777817867,7100795
2025-06-16,407.574462890625,409.1286135550109,397.2782480873966,397.2782480873966,5466219
2025-06-17,401.5521240234375,407.9629767292021,399.4151928834874,407.57444648948,5460889
2025-06-18,392.4215393066406,398.05530202366174,389.7017979211045,395.91837083301414,7186876
2025-06-19,378.6285095214844,391.061685525954,378.0457289443504,388.5361943341899,11879429
2025-06-20,381.3482666015625,385.23362840159274,378.23996530435505,378.4342452515398,6498349
2025-06-23,387.5648498535156,387.9533801152532,375.13170362016035,378.2399753570197,6007784
2025-06-24,402.9120178222656,403.6891079892935,390.0903413173738,390.4788715794083,10026047
2025-06-25,409.9056701660156,410.4884803649855,400.3865456070212,405.4374981645243,8657796
2025-06-26,407.9629821777344,412.6254044025826,404.07762044270834,408.74004266755657,4974954
2025-06-27,409.1286315917969,414.5681146925142,407.76873117365784,412.62543368712664,6510572
2025-06-30,406.7973937988281,411.84837630885653,406.60314348257157,410.6827558394777,3492327
2025-07-02,411.0712890625,414.17956070738927,408.5457979714939,410.6827291693006,4575493
2025-07-03,405.2432556152344,412.81969941795694,400.96933383630505,410.8770184795195,4807687
2025-07-04,401.940673828125,406.0203156511816,396.11263101973486,402.32923372971794,4959242
2025-07-07,396.5011901855469,400.5808023580743,393.78141909423664,400.5808023580743,5121740
2025-07-08,405.4375,405.63177994818886,395.33556519630287,397.2782461063584,4216700
2025-07-09,399.8037414550781,406.02031450454643,396.50118980157544,404.46616383143976,4901318
2025-07-10,401.5521240234375,403.68908480634474,396.3068916797963,396.3068916797963,3095090
2025-07-11,413.40252685546875,419.81338014805834,402.9120315649695,402.9120315649695,14304746
2025-07-14,411.4598388671875,415.92801106470654,408.35153743161965,412.81970962913863,4181755
2025-07-15,415.15093994140625,417.28790098182407,408.9343664278646,414.3738793683238,5291559
2025-07-16,412.2369079589844,417.28789048585594,410.48850689204573,415.15092949918875,3921884
2025-07-17,414.76239013671875,416.31654085270816,412.62542919686337,413.20823942072934,2566959
2025-07-18,417.6764221191406,418.6477626356968,413.01399949685515,416.70508160258447,4171000
2025-07-21,418.842041015625,419.23057129218927,414.95667896406246,417.287890266408,3494109
2025-07-22,420.201904296875,422.14458528794427,418.45347361913696,419.4248141146716,3708904
2025-07-23,427.195556640625,428.36117714309665,418.8420517304344,423.5044744543994,7809206
2025-07-24,435.3548278808594,439.0459099569417,424.86433260053707,427.1955438929554,10265301
2025-07-25,423.3101806640625,434.7720164208129,421.5617796104198,434.1892061886121,8532723
2025-07-28,436.5203857421875,439.04587680283066,423.31014989209484,426.4184511425723,7488372
2025-07-29,428.1668701171875,431.85798171308676,424.28150821179395,430.88664123673834,8991861
2025-07-30,420.78472900390625,428.1668933096558,417.87070741701757,428.1668933096558,7707951
2025-07-31,414.76239013671875,422.7273940293149,413.79104964459526,415.92801058445065,7104129
2025-08-01,405.0489807128906,415.92800596092405,404.4661704955033,413.9853249982723,9964066
2025-08-04,408.934326171875,409.3228564201688,400.19226219195366,404.0776239608076,5842805
2025-08-05,411.26556396484375,413.5967752486851,409.5171629127027,411.84837419654406,4337801
2025-08-06,416.1222839355469,416.8993741580445,411.8483914621731,412.23692175194145,4140934
2025-08-07,419.2305603027344,421.7560514986403,415.9280085740693,416.12225888577944,3828273
2025-08-08,415.15093994140625,417.87071123311625,413.7910691170316,417.67643126836526,2477690
2025-08-11,418.25921630859375,419.42480709796007,414.5681047015364,419.42480709796007,2390805
2025-08-12,417.6764221191406,418.2592323576663,414.1795903309465,417.2878918411102,3115583
2025-08-13,427.195556640625,427.7783668918608,420.3961728764489,420.7847328059132,6197033
2025-08-14,426.6127624511719,434.9662670954295,424.08727120485594,434.9662670954295,4987532
2025-08-15,426.8070068359375,428.7496878225762,420.78471356313304,422.53311459392415,5382653
2025-08-18,427.00128173828125,431.2751739297136,425.8356613029092,428.3611524842426,4533380
2025-08-19,421.36749267578125,430.4981169955195,420.20190187363715,427.9726257931017,4896694
2025-08-20,428.555419921875,429.721010680247,414.956653573494,417.6763949859869,5863255
2025-08-21,429.5267639160156,434.1891862738535,426.8069928381449,432.246505350928,5946547
2025-08-22,435.1605529785156,436.13189349855696,430.69238065773345,430.69238065773345,5341910
2025-08-25,449.5363464355469,452.6446477191275,440.600032120429,440.9885623701371,11684135
2025-08-26,442.34844970703125,448.95358277238995,442.34844970703125,446.8166218541647,5040946
2025-08-27,434.7720031738281,445.45674841443935,433.412132435433,444.67965824752866,7234406
2025-08-28,436.908935546875,437.8802760257635,429.33249166872804,433.2178535842822,5590449
2025-08-29,438.0745544433594,441.57138608369416,437.1032139678752,440.0172353943277,3743683
2025-09-01,440.98858642578125,442.93126742325165,438.85162547138,441.5713966536143,3906220
2025-09-02,436.6574401855469,442.9572709195209,433.70439171275007,440.98857193765633,4027458
2025-09-03,430.7513427734375,440.98857146005344,427.2076786019267,438.0355229904548,6321176
2025-09-04,425.43585205078125,435.6730805091514,424.4515025828618,432.12941641664895,5726476
2025-09-05,428.78265380859375,430.7513528343082,424.25464004145795,427.2076885800296,4940181
2025-09-08,429.3732604980469,430.7513437790844,425.23898061497187,430.16072807579326,3925190
2025-09-09,431.7356872558594,436.4605527364312,429.9638401706734,432.12942103924667,6585385
2025-09-10,437.64178466796875,441.77603445859313,434.88558810092366,436.066819492509,5388777
2025-09-11,437.0511779785156,438.82299506244345,432.52316427074567,434.0981294786608,3449989
2025-09-12,441.3822937011719,445.31969155763187,439.01986099528824,442.95725885174824,4212713
2025-09-15,442.3666687011719,444.3353677430462,437.8386548968682,438.03553681704096,3077034
2025-09-16,444.7290954589844,447.48529210387835,441.97292885405346,443.9416278689936,3931510
2025-09-17,450.8320617675781,451.81641124742,443.1541478407963,445.91031436836874,5922985
2025-09-18,437.0511779785156,450.044603393862,434.885597062637,448.0759043939588,7957897
2025-09-19,438.0355224609375,440.9885709269663,434.09812450623247,440.79168901324607,6527488
2025-09-22,435.673095703125,439.0198780027769,433.3106629057214,438.0355285005285,4193607
2025-09-23,430.5544738769531,440.0042352733671,427.20769151821327,440.0042352733671,5244056
2025-09-24,431.3419494628906,432.52315080207256,426.61705398627737,428.58575292487575,5155356
2025-09-25,428.78265380859375,431.34196855001517,427.2076885800296,429.9638552000445,5514202
2025-09-26,423.4671630859375,428.5857624156647,422.08904976643163,426.4202115592287,5578807
2025-09-29,435.27935791015625,437.8386425605128,425.63271485279364,425.63271485279364,6232701
2025-09-30,435.0824890136719,437.8386556611215,429.5701256788091,434.6887552126024,4933131
2025-10-02,444.13848876953125,445.5165720067848,435.27934362152166,437.8386281878663,7496348
2025-10-03,443.1541442871094,445.71342888220545,440.397947741677,444.13849375905767,2736862
2025-10-06,441.3822937011719,442.95725885174824,439.01986099528824,440.3979442370569,1532822
2025-10-08,438.0355224609375,442.7603879905986,433.5075088050342,441.97292041564253,3671413
2025-10-09,449.6508483886719,452.99766078617637,433.1137884808432,438.8230036766508,8863671
2025-10-10,437.64178466796875,446.69778185692843,435.47620379671633,444.92596480951255,4617428
2025-10-13,426.0264587402344,428.58577349121725,415.0017621790237,422.2859425933878,14909392
2025-10-14,413.4267883300781,428.19203077043807,411.8518231284472,426.2233317783901,11822195
2025-10-15,421.1047058105469,423.6640205290326,416.5767221239523,416.5767221239523,5114416
2025-10-16,417.7579040527344,424.45149839248165,415.0017375857547,420.31721865205066,4332911
2025-10-17,407.52069091796875,417.757919657674,404.56764243305594,415.98610258271134,8093205
2025-10-20,418.3485412597656,421.30158978630516,415.5923746509806,420.12035835970414,4668109
2025-10-21,422.4828186035156,427.9951517870397,421.30158718421023,421.30158718421023,5285162
2025-10-22,415.7892150878906,422.08904576316917,415.7892150878906,420.120346799647,4156310
2025-10-23,415.1986083984375,417.95480503114067,412.0487080124433,415.1986083984375,3042728
2025-10-24,418.3485412597656,423.4671707217527,417.7579255464651,421.30158978630516,2689754
2025-10-27,427.4045715332031,429.7670043617865,423.6640253513131,425.0421086646565,5555573
2025-10-28,425.6327209472656,429.57011897645395,424.2546376450423,429.17638518152773,3147448
2025-10-30,425.6327209472656,430.1607346888248,422.876554342819,429.9638527713802,5957582
2025-10-31,416.970458984375,425.2389888710982,414.4111442470656,424.2546393598225,5685831
2025-11-03,422.08905029296875,422.08905029296875,415.00175197220636,417.95480044918133,2971587
2025-11-04,418.93914794921875,424.2546291745031,417.7579165480612,422.2859301992154,3934108
2025-11-05,416.970458984375,419.7266255999617,406.73323007510044,413.4267947357899,6657368
2025-11-06,426.22332763671875,427.2076771231777,421.1046982911473,422.08904777760625,6297729
2025-11-07,421.8922119140625,426.42022573159306,419.92351286643736,426.42022573159306,5288774
2025-11-10,429.1763916015625,429.96385920319466,422.285944947409,423.2702944694309,5012982
2025-11-11,428.58575439453125,433.3106498873465,425.0420902849103,431.9325365936325,3271978
2025-11-12,430.5544738769531,431.93255719643855,427.20769151821327,431.14508959672213,3026961
2025-11-13,429.7669982910156,431.3419635011448,426.61706787075735,429.7669982910156,2916061
2025-11-14,418.54541015625,424.05774320232706,418.34852824462064,423.2702756357338,5829378
2025-11-17,415.5923767089844,419.3328928451389,413.42679576281296,417.56107573642635,4837728
2025-11-18,410.27685546875,413.82051964119796,408.308156488497,411.45808687288684,5566980
2025-11-19,409.88311767578125,412.83616611730696,407.91441871476405,411.8518166367984,2941268
2025-11-20,411.0643615722656,414.2142619817305,408.5050468371008,414.01741010361815,2843422
2025-11-21,402.79583740234375,406.3394716582295,400.82713835353456,403.78018692674834,6353592
2025-11-24,408.7019348144531,410.27687002255345,403.5833052682364,405.7488862393197,5120092
2025-11-25,408.8987731933594,413.6236687815316,408.1113056153119,413.42678686703846,2622853
2025-11-26,406.73321533203125,413.4267797500956,406.73321533203125,413.4267797500956,3188838
2025-11-27,405.3551025390625,409.48938235769714,404.5676349735902,406.14260014449684,3551387
2025-11-28,404.567626953125,407.1269415501152,403.9770112707486,406.53632586773875,2021076
2025-12-01,406.1426086425781,408.3081595129197,404.56764343871714,404.56764343871714,2582051
2025-12-02,403.7801818847656,408.1113137300705,402.4020685358368,406.93008229954955,2416460
2025-12-03,397.87408447265625,403.7801815402961,397.08658683965973,402.2052163142662,3989559
2025-12-04,400.03961181640625,400.6302274963834,395.9053621364892,397.67717913645913,4200405
2025-12-05,401.02398681640625,402.4020701308342,395.1178897203179,395.90538735710766,3423195
2025-12-08,398.267822265625,406.1426184348318,397.87408846515734,402.0083384300128,3197267
2025-12-09,394.9210205078125,398.267802707378,392.75543965164326,397.08657132401987,4256421
2025-12-10,396.4959716796875,396.8897355167183,387.83370798434726,392.7554555476004,3949986
2025-12-11,394.5272521972656,398.6615319520119,393.93666655226895,397.2834487137503,2366860
2025-12-12,395.5116271972656,400.2365229420591,395.5116271972656,398.07094197069995,5576007
2025-12-15,397.4803161621094,399.64589707851997,392.7554505771662,395.1178833696378,3858835
2025-12-16,389.8023986816406,395.31476184270684,387.63681778409097,393.3460628594662,6302511
2025-12-17,392.1648254394531,393.73979060988506,386.65246236292234,388.8180432272615,3460196
2025-12-18,395.5116271972656,397.0865924455301,388.81806244209594,388.81806244209594,3423972
2025-12-19,400.6302490234375,400.6302490234375,396.4959690814119,398.2678162165499,3281541
2025-12-22,400.6302490234375,403.1895637475503,394.7241519862369,394.7241519862369,3071851
2025-12-23,401.2208557128906,405.94572122041774,400.63024001445916,404.1739041650857,4581011
2025-12-24,404.3707580566406,404.3707580566406,404.3707580566406,404.3707580566406,0
2025-12-29,401.81146240234375,409.8831099667258,401.81146240234375,403.5832794179501,3564631
2025-12-30,402.2052001953125,404.37075100934834,397.6771866169293,401.0239688131388,2919071
2025-12-31,401.417724609375,401.417724609375,401.417724609375,401.417724609375,0
2026-01-02,409.2925109863281,410.2768604884982,400.23651359034125,402.5989463875568,3592360
2026-01-05,413.6236572265625,414.6080066916044,407.71756043631154,410.27684501345095,5966386
2026-01-06,425.6327209472656,427.01080424948896,415.9861077917394,418.1516586838152,9937060
2026-01-07,423.4671630859375,424.64836445127645,419.9234989099956,422.28593168063605,4114142
2026-01-08,418.54541015625,422.6796599408078,414.60801224335944,421.69531046258516,4720328
2026-01-09,420.120361328125,420.3172432472706,415.98611138573636,418.54542613481306,2784013
2026-01-12,419.5297546386719,421.3015716623888,411.6549589066646,421.10468975310397,4506490
2026-01-13,425.0420837402344,431.34194430031795,422.2859172751689,423.2702667326868,6518576
2026-01-14,427.9951477050781,431.538811889234,424.64836543558306,428.1920296197389,7276953
2026-01-15,431.7356872558594,432.9168886060213,427.4045555586749,429.9638401706734,6027499
2026-01-16,431.538818359375,435.0824825966617,429.1763855478382,432.7200497851249,3234803
2026-01-19,425.0420837402344,428.1920140202762,423.2702667326868,427.60139833777316,2942636
2026-01-20,420.3172302246094,424.25462816582353,419.52976265235145,423.27027868052,3700867
2026-01-21,420.7109680175781,421.4984656372984,415.00175296442814,415.00175296442814,3019751
2026-01-22,419.72662353515625,423.66402156088935,417.7579245222897,421.69532254802283,2439004
2026-01-23,415.3954772949219,424.64835632620026,410.67061184404497,423.27027307302467,5944903
2026-01-26,416.37982177734375,419.9234858430156,413.82050717213843,417.7579050140046,3461517
2026-01-27,423.66400146484375,425.04208470048985,416.37982147074734,416.37982147074734,4713965
2026-01-28,432.3262939453125,433.90122904605494,423.66400069142196,425.829581514885,7848056
2026-01-29,437.248046875,437.8386325254155,427.4045521685836,427.79828594884793,7243158
2026-01-30,425.43585205078125,435.6730805091514,422.28592173745426,431.1450669487295,6051744
2026-02-02,417.5610656738281,423.270280699841,413.6236677138296,423.270280699841,5654965
2026-02-03,415.3954772949219,418.54540762214776,408.50503098908194,417.5610581498849,5866482
2026-02-04,413.6236572265625,417.9547888647542,409.48937745740216,415.3954742476531,3748322
2026-02-05,407.9144287109375,410.4737434309697,402.9926811877844,408.5050444217084,7204623
2026-02-06,401.2208557128906,404.1739041650857,400.0396243160277,401.8114714113221,7417464
2026-02-09,412.0487060546875,413.42678934451,407.7175742695471,408.1113080609303,4200519
2026-02-10,410.6706237792969,416.3798388683626,409.48939236226676,415.39548936749173,3091696
2026-02-11,411.4580993652344,414.0174141252596,410.8674836452342,413.42679840525943,1963348
2026-02-12,407.52069091796875,411.06435510785667,403.9770267280809,409.8831236979065,3266535
2026-02-13,398.8584289550781,402.2052112432181,396.88972995735304,396.88972995735304,8865258
2026-02-16,402.4020690917969,402.4020690917969,402.4020690917969,402.4020690917969,0
2026-02-20,401.417724609375,405.3551227126154,400.03964128123357,403.58330558214266,3879006
2026-02-23,411.2611999511719,412.2455494293125,407.7175658618353,410.07999860138034,4059158
2026-02-24,407.126953125,409.4893858817097,403.97702275607884,409.4893858817097,4006411
2026-02-25,405.7488708496094,411.85181964942734,404.7645213619004,409.2925049733916,4338287
2026-02-26,408.8987731933594,410.27685647492365,400.23650967498736,409.4893888968762,8347844
2026-02-27,412.44244384765625,414.8048766588388,408.5050458156977,408.898779610901,5886748
2026-03-02,404.567626953125,408.898758557283,400.6302291238975,405.7488583178779,5733059
2026-03-03,402.99267578125,413.42678639834355,402.2052082040953,413.42678639834355,4789309
2026-03-04,398.46466064453125,402.0083248085955,392.16482993061834,401.6145910214689,8824720
2026-03-05,401.02398681640625,408.1113153476976,399.6459035019783,402.5989520500225,6799645
2026-03-06,408.5050354003906,409.48938488328315,397.2834573034085,400.6302395372506,5327704
2026-03-09,400.6302490234375,401.22086473515014,393.34606868554937,395.708501492437,7514150
2026-03-10,410.08001708984375,410.08001708984375,403.5833042332187,406.33947088028947,5820906
2026-03-11,411.3999938964844,416.6000061035156,409.0,413.79998779296875,3011930
2026-03-12,406.3999938964844,410.3999938964844,403.0,407.6000061035156,4109636
2026-03-13,401.3999938964844,405.3999938964844,400.20001220703125,403.3999938964844,3234997
2026-03-16,406.20001220703125,407.6000061035156,398.3999938964844,401.3999938964844,5443139
2026-03-17,404.3999938964844,412.79998779296875,403.6000061035156,406.6000061035156,4666977
2026-03-18,402.79998779296875,406.0,400.79998779296875,404.3999938964844,3641560
2026-03-19,398.6000061035156,399.6000061035156,396.6000061035156,398.3999938964844,4273349
2026-03-20,396.0,401.0,395.20001220703125,398.6000061035156,4416051
2026-03-23,382.6000061035156,390.0,379.0,387.79998779296875,10938196
2026-03-24,391.6000061035156,391.6000061035156,385.79998779296875,389.20001220703125,5441353
2026-03-25,398.0,403.0,393.20001220703125,394.0,4488853
2026-03-26,390.6000061035156,397.6000061035156,389.6000061035156,397.6000061035156,3501779
2026-03-27,390.3999938964844,392.3999938964844,387.6000061035156,390.6000061035156,2860204
2026-03-30,382.3999938964844,384.20001220703125,379.0,382.0,4574428
2026-03-31,388.6000061035156,388.79998779296875,383.79998779296875,385.3999938964844,4259147
2026-04-01,400.3999938964844,403.79998779296875,397.6000061035156,398.6000061035156,6870429
2026-04-02,396.0,400.6000061035156,393.20001220703125,400.3999938964844,2452688
2026-04-08,412.3999938964844,414.3999938964844,406.20001220703125,409.6000061035156,10315187
2026-04-09,408.20001220703125,409.6000061035156,405.6000061035156,409.6000061035156,4120012
2026-04-10,408.3999938964844,414.20001220703125,406.3999938964844,408.20001220703125,4117884
2026-04-13,405.79998779296875,405.79998779296875,400.0,404.3999938964844,3239791
2026-04-14,407.20001220703125,411.20001220703125,405.3999938964844,409.6000061035156,2806257
2026-04-15,414.0,414.3999938964844,411.0,411.20001220703125,5300602
2026-04-16,411.20001220703125,416.20001220703125,408.3999938964844,415.20001220703125,4069351
2026-04-17,408.6000061035156,409.79998779296875,405.6000061035156,408.0,3095149
2026-04-20,411.6000061035156,412.6000061035156,407.6000061035156,410.0,3204263
2026-04-21,417.20001220703125,418.6000061035156,413.6000061035156,415.0,5513809
2026-04-22,416.6000061035156,417.0,413.3999938964844,415.3999938964844,2847612
2026-04-23,412.20001220703125,416.0,411.20001220703125,415.3999938964844,2970861
2026-04-24,411.6000061035156,412.79998779296875,406.6000061035156,409.6000061035156,2990736
2026-04-27,412.0,414.0,407.6000061035156,409.79998779296875,2304950
2026-04-28,407.6000061035156,414.79998779296875,407.20001220703125,409.6000061035156,3549511
2026-04-29,419.79998779296875,421.20001220703125,408.0,410.0,6339342
2026-04-30,412.3999938964844,427.79998779296875,411.0,422.0,6773830
2026-05-04,415.0,420.0,414.0,417.3999938964844,2689203
2026-05-05,418.20001220703125,418.79998779296875,409.3999938964844,415.0,1890226
2026-05-06,421.20001220703125,421.6000061035156,416.79998779296875,418.79998779296875,3729752
2026-05-07,427.0,427.0,421.20001220703125,424.6000061035156,5723962
2026-05-08,424.20001220703125,426.0,421.0,421.3999938964844,3393723
2026-05-11,425.3999938964844,425.3999938964844,420.20001220703125,423.0,3968122
2026-05-12,423.79998779296875,428.3999938964844,421.79998779296875,427.79998779296875,3745000
2026-05-13,423.79998779296875,425.20001220703125,420.0,424.0,2891212
2026-05-14,423.6000061035156,431.0,422.3999938964844,430.0,3553725
2026-05-15,416.3999938964844,425.0,414.0,424.20001220703125,4441144
2026-05-18,410.0,416.0,408.6000061035156,416.0,4000393
2026-05-19,410.0,412.6000061035156,408.0,412.6000061035156,3476500
2026-05-20,411.20001220703125,412.3999938964844,407.0,408.0,2305275
2026-05-21,407.3999938964844,417.3999938964844,405.3999938964844,412.20001220703125,4058695
2026-05-22,409.20001220703125,413.6000061035156,407.79998779296875,412.0,3134725
2026-05-26,405.6000061035156,413.20001220703125,405.0,408.0,4356490
2026-05-27,402.20001220703125,406.79998779296875,401.0,405.79998779296875,4319453
2026-05-28,396.20001220703125,401.79998779296875,394.0,400.6000061035156,6999876
2026-05-29,399.79998779296875,401.0,397.0,398.0,6580590
2026-06-01,400.20001220703125,403.3999938964844,396.79998779296875,396.79998779296875,3532432
2026-06-02,410.3999938964844,411.0,398.3999938964844,402.0,4652632
2026-06-03,409.3999938964844,411.0,406.6000061035156,410.6000061035156,3369317
2026-06-04,400.79998779296875,408.3999938964844,400.0,408.3999938964844,3900024
2026-06-05,396.3999938964844,400.3999938964844,396.0,398.79998779296875,5668650
2026-06-08,386.79998779296875,390.3999938964844,382.6000061035156,390.0,7766145
2026-06-09,384.0,387.3999938964844,383.20001220703125,385.0,4190114
2026-06-10,383.0,384.0,379.20001220703125,383.0,6785945
2026-06-11,374.0,384.0,369.0,382.0,10151172
2026-06-12,380.6000061035156,382.6000061035156,377.0,379.0,8016463
2026-06-15,386.79998779296875,388.79998779296875,383.3999938964844,385.0,5487434
2026-06-16,386.0,389.79998779296875,384.0,387.20001220703125,5360883
2026-06-17,383.3999938964844,388.3999938964844,383.3999938964844,385.79998779296875,4367946
2026-06-18,374.79998779296875,381.3999938964844,372.0,378.3999938964844,7948843
2026-06-22,377.6000061035156,380.0,369.79998779296875,380.0,5585765
2026-06-23,371.0,377.6000061035156,369.0,377.0,5157918
2026-06-24,371.20001220703125,374.20001220703125,366.20001220703125,372.79998779296875,6243182
2026-06-25,366.6000061035156,373.6000061035156,365.79998779296875,370.20001220703125,6022078
2026-06-26,362.20001220703125,368.0,360.6000061035156,365.79998779296875,6263660
2026-06-29,367.0,369.20001220703125,360.0,361.0,4906988
2026-06-30,363.0,370.0,360.20001220703125,366.0,5720632
2026-07-02,367.6000061035156,371.6000061035156,363.6000061035156,367.0,4182160
2026-07-03,375.0,375.79998779296875,371.6000061035156,372.6000061035156,3572849
2026-07-06,376.3999938964844,379.6000061035156,375.3999938964844,378.20001220703125,2808209
2026-07-07,375.79998779296875,377.79998779296875,374.20001220703125,375.20001220703125,2536581
2026-07-08,380.79998779296875,382.79998779296875,374.20001220703125,374.6000061035156,4988178
2026-07-09,380.3999938964844,383.20001220703125,377.3999938964844,381.6000061035156,3615539
2026-07-10,385.0,392.79998779296875,381.0,383.0,6580844
2026-07-13,387.6000061035156,391.20001220703125,383.79998779296875,383.79998779296875,2965388
2026-07-14,389.0,389.6000061035156,380.79998779296875,387.3999938964844,3253948
2026-07-15,393.3999938964844,394.0,388.0,392.0,5125177
2026-07-16,396.20001220703125,399.6000061035156,394.0,397.0,4204801
2026-07-17,391.0,399.79998779296875,388.20001220703125,397.79998779296875,5890514
2026-07-20,397.3999938964844,397.3999938964844,390.3999938964844,393.79998779296875,3566607
2026-07-21,399.6000061035156,402.0,396.0,399.0,4337713
2026-07-22,400.6000061035156,400.6000061035156,393.3999938964844,397.0,3726608
2026-07-23,406.20001220703125,409.20001220703125,401.0,403.3999938964844,6438269
2026-07-24,399.0,402.0,395.20001220703125,400.0,4436239
2026-07-27,400.3999938964844,403.0,395.79998779296875,397.0,2593252
2026-07-28,404.0,404.0,398.3999938964844,400.3999938964844,2861703
2026-07-29,407.79998779296875,408.0,404.3999938964844,405.0,3950245
2026-07-30,407.20001220703125,408.6000061035156,403.20001220703125,407.79998779296875,3582354
2026-07-31,408.6000061035156,409.0,403.20001220703125,406.79998779296875,3041787
2026-08-03,409.0,410.3999938964844,405.20001220703125,405.20001220703125,2469232
2026-08-04,408.0,411.0,406.0,407.79998779296875,3607681
2026-08-05,414.6000061035156,414.6000061035156,408.79998779296875,410.20001220703125,4877275
2026-08-06,410.0,410.0,405.6000061035156,409.6000061035156,4335360
2026-08-07,411.6000061035156,413.0,407.6000061035156,409.0,2834288
2026-08-10,416.79998779296875,416.79998779296875,411.79998779296875,414.0,4026940
2026-08-11,405.3999938964844,418.0,404.79998779296875,418.0,4385595
2026-08-12,406.6000061035156,407.0,400.6000061035156,405.3999938964844,2638644
2026-08-13,408.20001220703125,410.79998779296875,403.0,405.0,2959034
2026-08-14,406.3999938964844,408.0,403.6000061035156,403.6000061035156,2486918
2026-08-17,406.20001220703125,409.3999938964844,405.3999938964844,407.79998779296875,2259609
2026-08-18,405.0,405.6000061035156,401.6000061035156,405.0,2969622
2026-08-19,414.6000061035156,414.79998779296875,402.3999938964844,405.0,4798907
2026-08-20,417.79998779296875,419.79998779296875,413.6000061035156,418.0,4547450
2026-08-21,421.0,423.0,417.0,418.0,5219503
2026-08-24,417.79998779296875,421.20001220703125,415.79998779296875,420.20001220703125,3530752
2026-08-25,417.79998779296875,420.3999938964844,415.6000061035156,418.20001220703125,1823637
2026-08-26,420.79998779296875,422.6000061035156,417.79998779296875,417.79998779296875,3308530
2026-08-27,422.20001220703125,422.20001220703125,417.6000061035156,420.79998779296875,2212156
