Price,Close,High,Low,Open,Volume
Ticker,0005.HK,0005.HK,0005.HK,0005.HK,0005.HK
Date,,,,,
2020-01-02,43.51210403442383,43.547827711765535,43.2977565192898,43.47637763154024,14629077
2020-01-03,43.15484619140625,43.726432998631715,43.04767247262734,43.51208828661478,14419537
2020-01-06,42.86906051635742,43.15485534334972,42.72616310286127,42.94050786033476,13809308
2020-01-07,42.797607421875,43.08339948492536,42.72615736195659,43.01195215054804,8818594
2020-01-08,42.36891555786133,42.440365618317486,42.04739709966143,42.36891555786133,16826669
2020-01-09,42.761878967285156,42.79760535829229,42.54753424894723,42.54753424894723,17802374
2020-01-10,42.761878967285156,42.90477635469077,42.690431636352834,42.833329023758445,19011475
2020-01-13,42.83332824707031,43.08339662633996,42.511809812622964,42.511809812622964,40492594
2020-01-14,42.6904296875,42.86905073221757,42.61898235982931,42.72615335133535,19350077
2020-01-15,42.726158142089844,42.833331871153796,42.583260745184965,42.583260745184965,11324313
2020-01-16,42.797607421875,43.08339948492536,42.69043369476793,42.72615736195659,12528971
2020-01-17,42.97623062133789,43.1548516917083,42.76188315646041,42.76188315646041,12045168
2020-01-20,42.83332824707031,43.04767296152157,42.79760458225192,42.79760458225192,11801544
2020-01-21,42.26174545288086,42.72615859077225,42.26174545288086,42.40464012574518,23520201
2020-01-22,42.36891555786133,42.51181295323252,42.15457082757511,42.15457082757511,13123069
2020-01-23,42.11885070800781,42.368919126816124,41.94022963013292,42.11885070800781,22887881
2020-01-24,41.97595977783203,42.15458088326962,41.86878602435277,41.904512425873705,6897204
2020-01-29,41.118568420410156,41.368639545533824,40.79704995984609,40.832776353107434,35228942
2020-01-30,40.51125717163086,41.01139668743689,40.51125717163086,40.86849929355787,32487044
2020-01-31,40.618431091308594,40.93994956925214,40.618431091308594,40.868502229949705,23220130
2020-02-03,40.36835861206055,40.546979667866125,40.082563832555216,40.261184888360795,26826542
2020-02-04,40.439815521240234,40.61843661934738,40.01112597599976,40.01112597599976,24510379
2020-02-05,40.582706451416016,40.582706451416016,40.22546431236211,40.22546431236211,25450085
2020-02-06,41.36863708496094,41.6187054696696,40.86849759000263,41.297187028229196,21438723
2020-02-07,41.29718780517578,41.40436152951923,41.047119415762445,41.047119415762445,16166118
2020-02-10,41.511531829833984,41.94022399445341,41.26146344462838,41.33291077596113,21510391
2020-02-11,41.90449523925781,42.08311627143617,41.582976836228646,41.582976836228646,13625708
2020-02-12,42.40464401245117,42.583265095444716,42.083128243495935,42.190299257967204,20911601
2020-02-13,42.4760856628418,42.79760409361827,42.368911944069346,42.69043037484582,20939325
2020-02-14,42.61899185180664,42.79761293630618,42.40464436997403,42.51181811089034,14762829
2020-02-17,42.440364837646484,42.58325950484807,42.15457005216117,42.26174377810343,20379817
2020-02-18,41.26146697998047,42.404640732499374,41.082845910803066,42.404640732499374,49578379
2020-02-19,40.72560501098633,40.904226085595916,40.1540181173439,40.18974178715756,69758711
2020-02-20,40.582706451416016,40.79705118974012,40.43980905068621,40.582706451416016,47355008
2020-02-21,40.47553634643555,40.72560475912594,40.36836261211607,40.36836261211607,41477293
2020-02-24,40.36835861206055,40.582703333919035,40.36835861206055,40.4755323357603,49917796
2020-02-25,40.046844482421875,40.261189227380676,40.01112081251895,40.01112081251895,47023549
2020-02-26,39.7253303527832,39.903951447401006,39.5467092581654,39.61815933133749,88500751
2020-02-27,38.867942810058594,39.153734863850474,38.72504542039215,39.153734863850474,47341944
2020-02-28,37.97484588623047,38.15346698122583,37.867672139016605,38.11774058179347,68658071
2020-03-02,37.72477340698242,37.83194715047201,37.51042864554475,37.51042864554475,45360511
2020-03-03,37.546142578125,37.93910832640938,37.546142578125,37.867660999645246,45432000
2020-03-04,36.68876266479492,37.117454821112794,36.29579689899256,36.9745574356735,78906347
2020-03-05,37.01028823852539,37.22463299525281,36.79594348179796,36.831667153662295,53217412
2020-03-06,36.18862533569336,36.54586743091031,36.11717528132544,36.54586743091031,106618709
2020-03-09,34.831119537353516,35.40270659490936,34.72394577163713,35.0097406631861,107572382
2020-03-10,34.93828582763672,35.402699020109836,34.58104365240747,34.58104365240747,69125634
2020-03-11,34.75965881347656,35.152624594119494,34.72393242161181,35.152624594119494,54556159
2020-03-12,33.330692291259766,34.2952449657037,33.22351856052546,34.2952449657037,93238456
2020-03-13,32.65193557739258,32.937727684144555,30.008342918073076,30.008342918073076,127327773
2020-03-16,31.29441261291504,31.973173260765826,31.151515204071494,31.437310021758577,91411722
2020-03-17,32.11606979370117,32.50903561314744,31.33013542926733,32.151793463552416,61904936
2020-03-18,31.83026695251465,33.223511529505245,31.54447494027338,32.29468272002505,63302201
2020-03-19,31.865991592407227,32.08033901509958,31.080060127670908,31.580199571385247,77249632
2020-03-20,33.58076095581055,33.58076095581055,32.116068735824925,32.116068735824925,54043425
2020-03-23,31.58020782470703,32.044621002317456,31.330136674724727,31.97317365977475,64238228
2020-03-24,32.223243713378906,32.294693785075445,31.758830512288377,32.151796367223916,35692754
2020-03-25,33.08061981201172,33.29496453919586,32.15179084385307,32.9377224187086,46847802
2020-03-26,32.65193557739258,32.83055666619063,32.187519656301035,32.83055666619063,29685401
2020-03-27,32.43758773803711,32.97345095358481,32.22324027138502,32.866277220258766,38499002
2020-03-30,31.79454803466797,32.25896387145818,31.508753254252298,32.00889275720921,51712032
2020-03-31,31.544479370117188,32.080342534554916,31.40158198115893,31.97316881145097,34812410
2020-04-01,28.54364585876465,29.793993275508043,28.436472132827358,29.293853763702472,212365103
2020-04-02,27.793441772460938,28.007786528243994,27.007507367201143,27.721991703505623,120204721
2020-04-03,27.078956604003906,27.364748694418267,26.86460912926643,27.150403945222155,90173250
2020-04-06,27.829164505004883,28.007785583053,27.18612753381512,27.50764601941,61129889
2020-04-07,28.68654441833496,28.793715423090394,28.007783819385814,28.436473289489914,74051605
2020-04-08,28.507923126220703,29.29385472371363,28.5079231262207,28.686544191609197,48475468
2020-04-09,29.29385757446289,29.32958124590883,28.722270654703607,28.900891737474723,40473133
2020-04-14,29.615367889404297,29.936886294703825,29.186675773824703,29.293849484104772,36916865
2020-04-15,29.008054733276367,29.82971257711373,29.008054733276367,29.508194171892995,29855944
2020-04-16,28.36503028869629,28.543651382799485,28.11495912162685,28.400753962408608,37385637
2020-04-17,28.222131729125977,28.79371866207593,28.186408056855633,28.43647648828952,52045136
2020-04-20,28.615097045898438,29.008062884686623,28.43647596230913,28.722270786268595,30234010
2020-04-21,27.972057342529297,28.54364415379022,27.900607287658616,28.436470434254648,26649501
2020-04-22,27.757713317871094,27.829163381530684,27.400471176196866,27.471921239856457,30535516
2020-04-23,27.65053939819336,27.864884115512186,27.47191834617085,27.721986728785986,16392712
2020-04-24,27.68626594543457,27.972060748636196,27.507644874818862,27.507644874818862,15509158
2020-04-27,28.222131729125977,28.32930547147849,27.72199214071671,27.82916588306923,29008804
2020-04-28,28.54364585876465,28.86516431103545,27.900608954223042,28.65081685916087,54166077
2020-04-29,28.75798988342285,29.11523199377593,28.686542551568635,29.008058270453606,34078050
2020-05-04,27.57908821105957,27.86488297279172,27.57908821105957,27.86488297279172,53885337
2020-05-05,27.864887237548828,28.007784640285536,27.36474769074098,27.579092432075413,24186602
2020-05-06,27.864887237548828,27.97206097098667,27.507645093477688,27.507645093477688,32638886
2020-05-07,27.757713317871094,27.86488705058986,27.543368577974803,27.65054231069357,23315862
2020-05-08,28.257848739624023,28.400746120558903,27.972056703295106,28.079227694840633,19639628
2020-05-11,28.615097045898438,28.9008918698579,28.43647596230913,28.472199633918706,38970672
2020-05-12,28.079219818115234,28.222117158964846,27.757701482588633,28.00777251046047,30960477
2020-05-13,27.793441772460938,28.186407612320114,27.650544360091754,27.86488911587481,30665368
2020-05-14,27.293302536010742,27.543370966653203,27.186128793997412,27.50764729449592,42920349
2020-05-15,27.221851348876953,27.364748757182568,27.150404007494828,27.329025086491505,23336593
2020-05-18,27.293302536010742,27.293302536010742,27.007507707669518,27.15040512184013,25621993
2020-05-19,28.186403274536133,28.329300664913934,27.93633215998972,28.11495321657672,43427634
2020-05-20,27.471921920776367,28.00778514656963,27.436198250831744,27.936335081139077,28961827
2020-05-21,27.507644653320312,27.864886791675122,27.507644653320316,27.864886791675122,16663308
2020-05-22,25.614259719848633,26.93605724076944,25.32846765017958,26.8646071791963,122796430
2020-05-25,25.50708770751953,25.57853504072723,25.00694819844247,25.399913982166925,48071226
2020-05-26,26.364473342895508,26.50736803104054,25.578538930390497,25.721436344077,33450161
2020-05-27,26.685985565185547,26.79315929257228,25.935777650101745,26.650261897903672,42822281
2020-05-28,26.435916900634766,27.293298534412216,25.93577738713616,26.793159020913613,56105691
2020-05-29,25.614259719848633,26.042951912663963,25.614259719848633,25.935778183074838,41062941
2020-06-01,26.15011978149414,26.400190878706585,25.8286040823566,25.8286040823566,50234471
2020-06-02,26.578815460205078,26.578815460205078,26.078675924758993,26.150123261733636,35840240
2020-06-03,27.2575740814209,27.293297747310348,26.79315824823509,26.828881914124537,53534767
2020-06-04,27.757713317871094,28.007784452367797,27.50764490891563,27.79343971247151,55254193
2020-06-05,28.936609268188477,29.00805659591828,27.829159335131408,28.007780379996767,153403300
2020-06-08,29.29385757446289,29.579652397113243,28.900891737474723,29.365304917354766,102483973
2020-06-09,28.82944107055664,29.436754374695767,28.68654638773931,29.436754374695767,50714655
2020-06-10,28.4007511138916,28.865167002196923,28.25785370783294,28.5793721900796,37035656
2020-06-11,27.04322624206543,28.150678947334047,27.04322624206543,27.936331504029823,49782928
2020-06-12,26.6502628326416,26.68598650117646,26.00722862239059,26.078675959460302,57848137
2020-06-15,26.07867431640625,26.57881382100718,25.935776925728696,26.150121648974512,46541938
2020-06-16,26.721708297729492,27.007500322378455,26.543087260246114,26.57881092263464,27383495
2020-06-17,26.936058044433594,27.078955446302192,26.364471162500458,26.364471162500458,23795290
2020-06-18,26.507369995117188,26.507369995117188,26.150127797201637,26.435922645750747,32953207
2020-06-19,26.685985565185547,26.90033301995901,26.185848772157083,26.221572439438958,28062059
2020-06-22,26.221572875976562,26.61453867370151,26.042951811052394,26.61453867370151,34982503
2020-06-23,26.75743293762207,26.75743293762207,25.792877664650206,26.15011975266775,30842507
2020-06-24,26.435916900634766,27.078953807353123,26.435916900634766,26.9003327472137,19690551
2020-06-26,26.221572875976562,26.650262341578113,26.221572875976562,26.471641276653944,17355031
2020-06-29,25.757158279418945,26.32874517008383,25.649987270536254,26.32874517008383,36050517
2020-06-30,25.86433219909668,26.435919093855567,25.721434794021633,26.221574349013647,34167872
2020-07-02,26.6502628326416,26.6502628326416,25.97150222831453,26.435918095891264,41239681
2020-07-03,26.75743293762207,27.150398689333198,26.685982884694063,27.150398689333198,32270516
2020-07-06,28.079219818115234,28.186393505137463,26.61452820687191,26.685975514526675,92943659
2020-07-07,27.61482048034668,28.579373236874627,27.47192306905402,28.150683728538077,50906633
2020-07-08,26.435916900634766,27.543366928390977,26.435916900634766,27.50764326147131,57615592
2020-07-09,26.507369995117188,26.757441168983075,26.150127797201637,26.721717494299856,42788459
2020-07-10,26.007226943969727,26.36446905734546,25.900053219740595,26.11439794265783,40678840
2020-07-13,26.614538192749023,27.00750398337267,26.3287434038185,26.400193463821683,41961306
2020-07-14,26.328744888305664,26.435918621582633,26.042952808802497,26.435918621582633,29340450
2020-07-15,26.578815460205078,26.93605759616068,26.328744329711437,26.93605759616068,30334333
2020-07-16,26.578815460205078,27.007504933135323,26.543091791717757,26.7931601966702,34854672
2020-07-17,26.400196075439453,26.93605931353819,26.400196075439453,26.79316190493692,27243627
2020-07-20,26.15011978149414,26.328740825699814,25.9357750735555,26.078672454028208,19725597
2020-07-21,26.79315948486328,26.82888315240154,26.221572627627758,26.293019962704275,26347668
2020-07-22,26.15011978149414,26.86460395831683,26.15011978149414,26.7931566308509,17722745
2020-07-23,26.11440086364746,26.328745610539926,26.007229852971893,26.221574599864358,25017609
2020-07-24,25.721433639526367,26.00722843684869,25.721433639526367,25.935778374747514,33100326
2020-07-27,25.257015228271484,25.828604765275365,25.042670514665485,25.757154710379425,50460079
2020-07-28,24.864055633544922,25.292747892639756,24.36391602737174,25.221297820019824,55264078
2020-07-29,25.542814254760742,25.578537925393395,24.971227348014228,25.00695101864688,53369121
2020-07-30,25.47136116027832,26.185845313716243,25.328463784482583,25.86432689956103,57022034
2020-07-31,24.971227645874023,25.435640820720796,24.72115649737986,25.364193478603262,40579369
2020-08-03,23.8637752532959,25.149846369670993,23.54225679281684,25.00694897328684,94128800
2020-08-04,24.042400360107422,24.256745127955035,22.934947396068473,23.935226613412812,99499346
2020-08-05,24.256738662719727,24.328185991111955,23.89949656967685,24.042393952002172,30930388
2020-08-06,23.935222625732422,24.2210174189427,23.649427832522143,24.2210174189427,31763955
2020-08-07,23.435081481933594,23.828047251303236,23.363634151335823,23.6851525901077,34633089
2020-08-10,23.64942741394043,23.89949853495859,23.399359018463368,23.50653274540559,29212182
2020-08-11,24.36391258239746,24.5425336503785,23.93522310945944,24.042396840464544,46196174
2020-08-12,25.542814254760742,25.68571166283271,24.613985190604986,24.79260626930961,80302566
2020-08-13,25.292743682861328,25.721433145062587,25.07839622621957,25.685709477469338,23680903
2020-08-14,24.792606353759766,25.185572183140206,24.68543261595539,24.86405369526844,30190768
2020-08-17,24.721153259277344,25.114121766074962,24.578258593759344,24.828326983956885,21989053
2020-08-18,24.471084594726562,24.64970565016252,24.25673987331161,24.57825831820454,25123460
2020-08-19,24.399633407592773,24.471080728261978,24.113838673834795,24.399633407592773,15636288
2020-08-20,24.042400360107422,24.292468801672705,23.935226613412812,24.221021454237366,27802988
2020-08-21,24.042400360107422,24.292468801672705,23.935226613412812,24.04240036010742,17170736
2020-08-24,24.22101593017578,24.363910592456627,23.86377382339172,23.970944820102353,21339128
2020-08-25,24.542530059814453,25.00694585883776,24.471082733291237,24.471082733291237,26871069
2020-08-26,24.256738662719727,24.54253070182951,24.078117616198288,24.47108337343728,21197400
2020-08-27,23.792325973510742,24.078120775662594,23.649428572434815,24.00667071235402,34614385
2020-08-28,24.292470932006836,24.578265797894236,23.828054956325264,23.9352287124185,40482849
2020-08-31,24.149566650390625,24.828327220224395,24.149566650390625,24.578258827647193,22318799
2020-09-01,23.935222625732422,24.149567357869557,23.685154225829287,23.685154225829287,25848470
2020-09-02,23.68515396118164,23.828048630648993,23.39935917116471,23.64942756827369,29444977
2020-09-03,23.899499893188477,23.899499893188477,23.435084017433795,23.50653408130288,23867676
2020-09-04,23.64942741394043,23.756601140882655,23.292185291521143,23.435082685597077,72546853
2020-09-07,23.470808029174805,23.97094758139338,23.43508435948947,23.792326507425408,25566335
2020-09-08,23.577980041503906,23.720877435348513,23.399358980583422,23.649427375655662,17394462
2020-09-09,23.363637924194336,23.363637924194336,23.077843104569997,23.220740514382165,26236143
2020-09-10,23.1492919921875,23.506534135736434,23.1492919921875,23.435084071701894,18575277
2020-09-11,23.042118072509766,23.185015473881638,22.970670734594446,22.970670734594446,15186566
2020-09-14,23.006393432617188,23.077840767517227,22.93494337217603,22.97066976516717,14059388
2020-09-15,22.89921760559082,23.07783865200813,22.863493941415534,22.89921760559082,16221187
2020-09-16,22.68487548828125,22.9706702854367,22.61342678899239,22.86349655511811,24685970
2020-09-17,22.077564239501953,22.684876157209725,22.006115538106222,22.684876157209725,40160066
2020-09-18,22.1132869720459,22.434804050736496,22.041838278080046,22.07756194367773,34257441
2020-09-21,20.93438720703125,21.75604515441354,20.93438720703125,21.613147764580837,120212774
2020-09-22,20.50569725036621,20.577144580725644,20.219902477846585,20.362799864106396,87310269
2020-09-23,20.541423797607422,20.577147467799342,19.64831841510275,20.327079050914566,109384367
2020-09-24,20.434249877929688,20.469973545418274,19.934110356466118,20.327077512693368,63528729
2020-09-25,20.14845848083496,20.50570064281593,19.93411236598396,20.39852690400508,42465827
2020-09-28,22.00611114501953,22.363353217911214,20.18417711838009,20.255625805512498,150402170
2020-09-29,21.43453025817871,22.43480806433957,21.43453025817871,22.041842221381252,55920302
2020-09-30,21.291629791259766,21.791769304000788,21.184457427892557,21.791769304000788,35285507
2020-10-05,22.149009704589844,22.792045197652882,21.93466499449231,21.93466499449231,69650604
2020-10-06,22.184738159179688,22.29191190014162,21.970393402797274,22.22046319375724,28877682
2020-10-07,22.54197883605957,22.57770386827214,22.14901302111577,22.184736690557703,29318889
2020-10-08,22.43480682373047,22.720600272148115,22.291910780906974,22.720600272148115,15582313
2020-10-09,22.470531463623047,22.54197880240023,22.1490129880432,22.50625513301164,20790756
2020-10-12,22.470531463623047,22.649152536107266,22.18473665743179,22.434806431463823,33931078
2020-10-14,21.79176902770996,22.077562447322546,21.541699274510005,22.077562447322546,31480937
2020-10-15,21.363079071044922,21.863218597441424,21.22018303691062,21.43452776949736,41648851
2020-10-16,21.541698455810547,21.64887081374583,21.25590504705964,21.327353739939984,18962836
2020-10-19,22.077564239501953,22.29191034368915,21.791770796689658,21.791770796689658,28515009
2020-10-20,22.00611114501953,22.291905893549163,21.75604278421164,21.898938795706098,22502287
2020-10-21,22.184738159179688,22.29191190014162,22.006117074604102,22.184738159179688,17002007
2020-10-22,22.327634811401367,22.363358481991337,21.970392654418948,22.077565028959537,22072777
2020-10-23,23.042118072509766,23.43508388212649,22.220461421548038,22.327633791191634,67908927
2020-10-27,24.149566650390625,24.29246404280948,23.006392962121897,23.149290354540753,106318304
2020-10-28,23.327913284301758,23.97094751343876,23.11356581571481,23.97094751343876,51755011
2020-10-29,23.07784080505371,23.185014533119208,22.613426313595276,22.64915134387396,32120556
2020-10-30,22.934946060180664,23.363638296447533,22.72060130481795,23.220740884358577,31133678
2020-11-02,23.435081481933594,23.577978868670087,22.97066838196618,22.97066838196618,34326565
2020-11-03,24.149566650390625,24.29246404280948,23.649427139695156,23.72087719867512,47342668
2020-11-04,24.149566650390625,25.078395612801597,24.149566650390625,24.721153494524987,81474334
2020-11-05,24.399633407592773,24.613978095140965,23.863770325952,24.32818336138299,46078997
2020-11-06,24.792606353759766,25.006951103827156,24.22101944506628,24.22101944506628,41024413
2020-11-09,24.899778366088867,25.221296866873992,24.75688367733235,25.042675780386865,28966377
2020-11-10,26.936058044433594,26.936058044433597,26.221573760631863,26.685986909778244,116830209
2020-11-11,28.04351043701172,28.114957781029556,27.078957665063573,27.15040500908141,97089785
2020-11-12,27.400468826293945,28.36502416141748,27.1504004387847,28.150679439903698,45560983
2020-11-13,26.614538192749023,26.828882921676367,26.221572402125382,26.828882921676367,41586505
2020-11-16,27.72199058532715,27.864887991932505,27.150403684447056,27.150403684447056,36533520
2020-11-17,28.04351043701172,28.114957781029556,27.507647180253535,28.04351043701172,42547668
2020-11-18,28.007781982421875,28.186403037506782,27.579089814893493,27.72198720406962,36579851
2020-11-19,27.936336517333984,28.436476098894587,27.936336517333984,28.07923393000008,30734201
2020-11-20,27.793441772460938,28.007786528243994,27.57909429113644,27.93633645928868,20277468
2020-11-23,28.114952087402344,28.186402142492128,27.721986323801755,28.04350475785348,18219561
2020-11-24,28.4007511138916,28.4007511138916,28.114956301774278,28.329303773632933,24252795
2020-11-25,30.258411407470703,30.687103656694372,29.329582289131697,29.329582289131697,107805377
2020-11-26,30.008342742919922,30.329861245988077,29.436755807210698,29.758274310278857,56764441
2020-11-27,30.008342742919922,30.186963830675396,29.329582064340812,29.50820315209629,48916847
2020-11-30,29.651098251342773,30.04406406860171,29.5082008471919,30.00834039894931,35056130
2020-12-01,29.29385757446289,29.68682341145106,28.93661540892066,29.07951282024584,48696915
2020-12-02,30.36557960510254,30.722821718103745,29.972613825909416,29.972613825909416,57225027
2020-12-03,31.008625030517578,31.294417164227543,30.61565641766099,30.758553847286862,43365022
2020-12-04,31.258678436279297,31.43729945591518,30.579918016554856,31.36585213827701,78097207
2020-12-07,30.651371002197266,31.43730247382664,30.43702357762496,31.294405099292014,38401366
2020-12-08,29.543916702270508,30.329850854444555,29.293848355307283,30.222677148294277,47719149
2020-12-09,29.829713821411133,30.18695590310468,29.472471739717584,29.472471739717584,26247730
2020-12-10,29.936891555786133,29.936891555786133,29.508199364868556,29.579649426125396,13294583
2020-12-11,29.75827407836914,30.579929440316175,29.758274078369144,30.25841093975365,29090034
2020-12-14,29.543916702270508,29.829711434977536,29.22240103490081,29.758264114571062,32650410
2020-12-15,29.29385757446289,29.68682341145106,29.0437891487999,29.68682341145106,38355782
2020-12-16,29.508197784423828,29.972613618325358,29.365300395104818,29.722542505631843,34039265
2020-12-17,29.793989181518555,29.79398918151855,29.22240241465719,29.472470773427567,21812272
2020-12-18,29.401031494140625,29.65109992133288,29.22241041027717,29.50820250913383,16213637
2020-12-21,28.222131729125977,29.008063421239473,28.15068438458529,28.936616076698787,43011048
2020-12-22,28.186403274536133,28.472195329750708,27.793437495152947,27.97205855173994,20537983
2020-12-23,28.257848739624023,28.436469784407414,28.007780367143617,28.114951358689144,11058184
2020-12-24,28.722270965576172,28.722270965576172,28.722270965576172,28.722270965576172,0
2020-12-28,28.579368591308594,28.97233436433089,28.400747537612915,28.722265979373333,34795081
2020-12-29,28.75798988342285,28.75798988342285,28.25785038382034,28.472195104923987,18625915
2020-12-30,29.008054733276367,29.150952105101215,28.365020648375562,28.5793653433425,19366003
2020-12-31,29.043790817260742,29.043790817260742,29.043790817260742,29.043790817260742,0
2021-01-04,28.900890350341797,29.008061359535812,28.507924532214496,28.793716615606492,20433690
2021-01-05,28.68654441833496,28.972336489890633,28.400749621238106,28.579370688038345,17133338
2021-01-06,29.651098251342773,29.829719325146044,28.436474404372284,28.686545543021634,37778767
2021-01-07,31.008625030517578,31.294417164227543,30.61565641766099,31.080072382559624,71074555
2021-01-08,31.008625030517578,31.222969812185497,30.40131163599307,31.222969812185497,36759304
2021-01-11,30.72282600402832,30.901447085447092,30.365583841190784,30.758549675203795,20501368
2021-01-12,30.901447296142578,31.008621035941143,30.54420513086925,30.5799288022883,20905160
2021-01-13,30.54419708251953,31.008612865218566,30.40129970895516,30.90143915366011,29411073
2021-01-14,30.72282600402832,30.758549675203795,30.07978902070419,30.472757580258605,19806325
2021-01-15,30.687103271484375,30.937171702902976,30.508482184602094,30.830000686098497,24016989
2021-01-18,30.0440673828125,30.222688476319757,29.72254886939112,30.222688476319757,35136246
2021-01-19,31.29441261291504,31.365862680107497,30.15123879324946,30.15123879324946,55904213
2021-01-20,30.901447296142578,31.401586872633516,30.758549884924964,30.972894638980673,29536761
2021-01-21,31.6873779296875,32.008896412990964,30.93716995234032,31.00862001837516,58585221
2021-01-22,30.865718841552734,31.651650393143953,30.75854511836257,31.6159267272609,26850952
2021-01-25,30.57992172241211,31.00861385681397,30.365577017981572,30.97288746812489,22936873
2021-01-26,30.15123748779297,30.57992697022127,29.936892746578817,30.294134890449488,23091145
2021-01-27,30.54419708251953,31.008612865218566,30.22267867338487,30.54419708251953,19910229
2021-01-28,29.68682289123535,30.32985986815971,29.54392548241423,30.22268613015852,36935168
2021-01-29,29.258129119873047,29.936889668547217,29.15095539751466,29.722542223830445,30804534
2021-02-01,29.115232467651367,29.40102725080179,28.650816626417196,29.008058742584698,25140139
2021-02-02,29.258129119873047,29.365300116690456,28.97233434394467,29.043784400697252,18957865
2021-02-03,29.543916702270508,29.615366748217546,29.00805362260025,29.258124695104044,22026816
2021-02-04,29.29385757446289,30.151239316872527,29.07951282024584,29.150960163137714,24852170
2021-02-05,29.793989181518555,30.29412862460001,29.579644484638127,29.79398918151855,29839423
2021-02-08,29.543916702270508,29.972608801331052,29.365295675713757,29.865435095180775,17954523
2021-02-09,29.793989181518555,29.93688655461907,29.472470773427567,29.472470773427567,17026295
2021-02-10,30.437034606933594,30.722829459564835,30.186966155037542,30.36558725654664,23428359
2021-02-11,30.47275733947754,30.472757339477543,30.472757339477543,30.472757339477543,0
2021-02-16,32.68764877319336,32.68764877319336,31.401577891159455,31.544475261505585,90085953
2021-02-17,32.90199661254883,33.36641242920334,32.54475451528871,32.866272947930995,67314629
2021-02-18,33.152076721191406,33.43786884130586,32.616213429742466,33.43786884130586,45469560
2021-02-19,32.544761657714844,32.651935400630094,32.008898394221596,32.651935400630094,31829216
2021-02-22,33.2235221862793,33.43786694559861,32.72338259750658,33.15207484168669,54301785
2021-02-23,33.36642074584961,35.36697644404055,33.22352332621992,33.58076551252336,103770263
2021-02-24,32.93772506713867,33.29496721635077,32.580482917926574,32.97345146249292,60287540
2021-02-25,34.0451774597168,34.509590612223626,33.75938265391162,33.93800372615454,67926724
2021-02-26,33.79510498046875,34.0451761069975,33.18779444918964,33.938002377693586,51003641
2021-03-01,32.93772506713867,33.36641728151797,32.40186184332053,33.223519876724865,40401581
2021-03-02,32.1875114440918,32.79482462638233,31.79454569410429,32.50902986700551,40008344
2021-03-03,33.04490661621094,33.15208037653434,32.616217026001195,32.75911173904315,28011412
2021-03-04,33.259239196777344,33.36641291774094,32.61620504761862,33.11634181067287,21548948
2021-03-05,32.93772506713867,33.08062247193177,32.509035578300676,33.08062247193177,21428414
2021-03-08,34.116615295410156,34.50958099977799,33.50930490916356,33.65219954672241,51294826
2021-03-09,34.831119537353516,35.22408546907678,34.36670351997197,34.9382933030699,56519527
2021-03-10,34.116615295410156,34.29523631789922,33.54502856855327,34.2237889991198,33606378
2021-03-11,34.34757995605469,34.64052138292158,34.091253064607635,34.27434250404561,26835956
2021-03-12,33.50535583496094,33.908151903740624,33.46873851847591,33.7250625275933,32823310
2021-03-15,34.05463790893555,34.05463790893555,33.50536955556562,33.68845900668893,31990973
2021-03-16,33.5419807434082,33.6884528362233,33.28565667627389,33.6884528362233,25064888
2021-03-17,33.50535583496094,33.68844521110827,33.21241171563635,33.46873851847591,13007099
2021-03-18,34.27434158325195,34.27434158325195,33.761690607853545,33.944780042372756,25189024
2021-03-19,34.27434158325195,34.89684733685111,34.20110692693349,34.640520452290374,35475101
2021-03-22,33.688453674316406,34.16448728937742,33.54198157785741,33.615219022948345,16571854
2021-03-23,33.2124137878418,33.65182999424496,32.992707081501386,33.39550317541253,18412914
2021-03-24,32.48006057739258,33.1758009018674,32.443443253730265,32.9560941661708,23728132
2021-03-25,32.77301025390625,32.956099696665504,32.589920811146996,32.736392924099036,12813025
2021-03-26,32.84624481201172,33.10257170731643,32.480065927624864,33.10257170731643,18152228
2021-03-29,33.02933120727539,33.1391859799467,32.58991770403598,32.699772476707295,13260056
2021-03-30,33.28565979003906,33.541983881151666,32.773008814090794,32.956098248806384,15280351
2021-03-31,33.322269439697266,33.65183090498821,33.065945407650105,33.65183090498821,10866829
2021-04-01,33.2124137878418,33.35888585664285,32.77300037516098,33.32226853787318,12255058
2021-04-07,33.61521530151367,33.65183262314392,33.24903649776613,33.395505784287096,16572873
2021-04-08,34.31095886230469,34.384196312241386,33.6518385752127,33.76169055953317,25713164
2021-04-09,34.091243743896484,34.310950452408555,33.90815435451603,34.310950452408555,11098917
2021-04-12,33.5419807434082,34.127866320945785,33.46874609386205,34.127866320945785,9860297
2021-04-13,33.688453674316406,34.27433926642951,33.57859890354145,33.90816042214346,15118571
2021-04-14,33.79830551147461,33.87154015648607,33.102565208975236,33.432126698972056,13996301
2021-04-15,33.432125091552734,33.578594374533395,33.24903569410441,33.505359733043065,9924102
2021-04-16,33.102569580078125,33.39551099252869,33.102569580078125,33.39551099252869,18378114
2021-04-19,33.688453674316406,33.8349257707754,33.35889215571439,33.46874692648935,15210590
2021-04-20,33.761688232421875,34.01801509894776,33.68845358125611,34.01801509894776,12387721
2021-04-21,33.102569580078125,33.24904168316491,32.80962537390456,33.175804234760015,20373435
2021-04-22,32.84624481201172,33.285661149509856,32.73639282292957,33.139189037010475,12782245
2021-04-23,32.809627532958984,32.88286498618331,32.55330343098183,32.62653809048296,17629618
2021-04-26,33.02933120727539,33.10256865363057,32.73638980302343,32.84624178197182,13419376
2021-04-27,33.688453674316406,34.018015192918426,33.02933063711237,33.13918540788734,37078544
2021-04-28,34.75037384033203,34.786991167026414,34.274340212136174,34.71375651363764,58529420
2021-04-29,35.37287139892578,35.37287139892578,34.82360320082531,34.89684063680556,41514997
2021-04-30,35.775672912597656,36.06861711324005,35.44611417902864,35.84891035961973,42504524
2021-05-03,34.64051818847656,35.51934797548045,34.420811440156314,35.48273064971422,21405620
2021-05-04,35.263023376464844,35.336258026907124,34.3109561583782,34.53066569715071,20138490
2021-05-05,35.44611740112305,35.51935206107929,35.00670106021598,35.22640783380791,15685865
2021-05-06,35.995384216308594,36.17847365221307,35.51935056546773,35.88552943727668,26753953
2021-05-07,35.958763122558594,36.105235226069176,35.70243903670733,35.9953832437285,19048698
2021-05-10,35.995384216308594,36.14185353005371,35.7024400013722,36.14185353005371,15298184
2021-05-11,35.40949630737305,36.105236732790246,35.33626164942307,36.105236732790246,28033975
2021-05-12,35.11655044555664,35.519346600842255,34.64051684785006,35.2996398610249,27813578
2021-05-13,35.00669479370117,35.372873615379476,34.8968428234313,35.15316688111703,21113384
2021-05-14,35.70244216918945,35.739059499849105,35.18979115878465,35.55597005282762,20324649
2021-05-17,35.555965423583984,35.739054846767964,35.372876000400005,35.739054846767964,12371773
2021-05-18,36.03200149536133,36.03200149536133,35.70243995244034,35.73905728082644,19932606
2021-05-20,35.482730865478516,35.70243761513477,35.336258767800054,35.59258284344519,13358656
2021-05-21,35.555965423583984,35.848909618167504,35.372876000400005,35.848909618167504,12467940
2021-05-24,35.812294006347656,35.812294006347656,35.48273247009822,35.55596712538786,10481479
2021-05-25,36.03200149536133,36.03200149536133,35.66582262405425,35.885529388093886,16351186
2021-05-26,35.958763122558594,36.17847267468597,35.812293812771024,35.812293812771024,18894636
2021-05-27,35.848899841308594,36.25169590371657,35.446103778900614,35.59257304252379,25587024
2021-05-28,37.203765869140625,37.24038319073852,36.141846780466324,36.21508421738467,68183830
2021-05-31,36.10523223876953,36.837589902005114,35.95876014737786,36.61788316177899,26498195
2021-06-01,36.434791564941406,36.50802620939194,35.62919930109506,36.10523007746877,31244407
2021-06-02,35.995384216308594,36.21509098064935,35.92214676571296,36.06861887318115,13708995
2021-06-03,35.73905563354492,36.398178689006656,35.629203653449935,36.324941241887046,16576262
2021-06-04,35.555965423583984,36.03199904135148,35.555965423583984,35.95876159584416,39355852
2021-06-07,35.66582107543945,35.73905572903178,35.336259546828074,35.66582107543945,20767218
2021-06-08,35.812294006347656,35.95876331692694,35.51934979774304,35.665821902045344,11774107
2021-06-09,35.44611740112305,35.812296288350666,35.40949727742172,35.66582417471498,9901617
2021-06-10,34.89684295654297,35.299639103181,34.7503708685684,35.153167015206435,29946579
2021-06-11,34.8602294921875,35.22640838514629,34.75037750053381,34.75037750053381,12460700
2021-06-15,34.677127838134766,35.15316134888988,34.42080382078801,35.0433066021857,22382507
2021-06-16,35.22639846801758,35.409487862952645,34.713750397177364,34.89683979211243,18503780
2021-06-17,35.37287139892578,35.519343477163744,34.89684063680556,35.18978199955895,20179603
2021-06-18,34.567283630371094,34.89684515060364,34.49404618491781,34.86022503101555,26316274
2021-06-21,33.35890197753906,33.83493573275817,33.02934036190458,33.72508092963877,48269764
2021-06-22,33.50535583496094,33.68844521110827,33.432121201990874,33.578590467931,18034452
2021-06-23,33.725067138671875,34.01801129804942,33.17579893513089,33.43212577301688,15193950
2021-06-24,33.61521530151367,33.83492202501769,33.4321258996399,33.4321258996399,11924309
2021-06-25,33.761688232421875,33.90816032847626,33.432129508453095,33.432129508453095,14515655
2021-06-28,33.61521530151367,33.83492202501769,33.32227114102661,33.76168458803464,9692425
2021-06-29,33.13918685913086,33.39551094386698,32.95609742896992,33.358893616579394,27624318
2021-06-30,32.84624481201172,33.139189037010475,32.80962748231767,32.95609959481705,18489180
2021-07-02,32.84624481201172,32.9927169245111,32.51668605104209,32.95609959481705,19693352
2021-07-05,33.06595230102539,33.249041731720496,32.29697445712754,32.37021190563939,13359656
2021-07-06,33.13918685913086,33.541983046740334,33.10256953184327,33.249041634716626,9120925
2021-07-07,32.66314697265625,32.88285648178318,32.480057577532115,32.73638440693938,15666078
2021-07-08,32.18712615966797,32.73639451463253,32.15050882808166,32.66315705773659,18407518
2021-07-09,31.89417266845703,32.22373414458938,31.564611192324683,31.564611192324683,25351506
2021-07-12,32.1505012512207,32.69976947674004,32.04064648862777,32.51668006823359,22710404
2021-07-13,32.99271011352539,33.505361004580436,32.48005922247035,32.516679338327755,33285543
2021-07-14,32.48006057739258,32.62653266576455,32.2969711653583,32.58991534210224,18052869
2021-07-15,32.33359146118164,32.9560943480445,32.33359146118164,32.51668087422633,15488926
2021-07-16,32.0406379699707,32.44343400284881,32.0406379699707,32.113872596413295,26105671
2021-07-19,31.308286666870117,31.637848137897457,31.05196263036134,31.637848137897457,31523366
2021-07-20,30.795644760131836,30.978734209114457,30.539320649045482,30.685792766976235,25482778
2021-07-21,31.015348434448242,31.16182053771203,30.539317590994692,30.795641676414064,16052542
2021-07-22,31.711082458496094,31.93078917238838,31.4181411045472,31.4181411045472,16395454
2021-07-23,31.454761505126953,31.527996152355872,31.235054769717486,31.49137882874141,11101508
2021-07-26,31.015348434448242,31.527999399009992,30.795641676414064,31.271675313590617,31193503
2021-07-27,31.564613342285156,32.69976992558466,31.34490660780621,31.491378695366407,55446822
2021-07-28,31.308286666870117,32.40682304114626,30.942107875444737,32.40682304114626,49441394
2021-07-29,31.418142318725586,31.527994283055822,30.832254000740807,31.271670239229394,25448823
2021-07-30,31.528005599975586,31.820949864119783,31.161826666657117,31.235064129554942,16185572
2021-08-02,31.820938110351562,33.06594658250762,31.454759312289344,31.491376633351063,36821282
2021-08-03,31.418142318725586,31.601231719665194,30.978726080237003,31.1251981597332,18272213
2021-08-04,31.601234436035156,32.04064791857217,31.4181450193576,31.491379668539505,15157543
2021-08-05,31.711082458496094,31.82093721230346,31.271669030711532,31.344903670768144,12305819
2021-08-06,31.637853622436523,31.820943049888445,31.308292094278478,31.601236295690732,9975486
2021-08-09,32.0772705078125,32.58992151739254,31.930798391686313,32.0772705078125,15900510
2021-08-10,32.0772705078125,32.37021474006488,31.78432906928337,32.22374262393869,12849612
2021-08-11,32.26036071777344,32.3702155058979,32.00403660378078,32.07727126671488,14315990
2021-08-12,32.44343948364258,32.663146193808174,32.26035009288419,32.37020484482818,14033896
2021-08-13,32.370208740234375,32.44344338786178,32.07726456227931,32.370208740234375,9546910
2021-08-16,32.48006057739258,32.553298018439925,32.26035384169598,32.37020860640564,10595759
2021-08-17,32.1138801574707,32.370206997814535,31.967410870100032,32.1138801574707,18110419
2021-08-18,31.78432846069336,32.187124677035406,31.711091007170953,31.930797780291783,16471095
2021-08-19,31.409833908081055,31.817756107067844,31.224415755543962,31.817756107067844,21181086
2021-08-20,31.187334060668945,31.409835287634653,31.001915899988088,31.187334060668945,20012870
2021-08-23,31.446918487548828,31.595250739973203,31.18733138729345,31.48400155065492,18608494
2021-08-24,30.96483039855957,31.521084836857046,30.927747335191015,31.409832817495,17218420
2021-08-25,31.150253295898438,31.224419433947855,30.556915703732688,30.779416947137744,16413529
2021-08-26,31.261507034301758,31.446925218777434,31.001919878481633,31.261507034301758,14430942
2021-08-27,31.150253295898438,31.29858840125408,30.853583085187157,31.29858840125408,8890605
2021-08-30,30.89067268371582,31.18734010070667,30.556919364001104,30.964838830649246,9553484
2021-08-31,30.742332458496094,31.038999826251082,30.51983122536568,30.59399735999026,19040168
2021-09-01,31.001909255981445,31.03899231431904,30.519823839080708,30.519823839080708,13973153
2021-09-02,30.668161392211914,30.816496480548892,30.44566017433469,30.63107832744179,20502999
2021-09-03,30.742332458496094,31.001916758938794,30.51983122536568,30.51983122536568,29400411
2021-09-06,30.705244064331055,30.927745258861183,30.593992052437898,30.742327125210046,24207987
2021-09-07,30.40858268737793,30.705252918469785,30.40858268737793,30.63108394606832,23797121
2021-09-08,30.00065803527832,30.297325385629748,29.889406010611214,30.037741100415182,21636170
2021-09-09,29.963571548461914,30.40857393780042,29.85231953649919,30.186072743131167,16569193
2021-09-10,30.33441734313965,30.371500415688523,29.852328912233055,29.9264950573308,7986921
2021-09-13,30.186077117919922,30.297326316749505,29.77815773036491,30.037742023557207,8576584
2021-09-14,29.815242767333984,30.482746492201166,29.741073800621994,30.18607911312357,19188693
2021-09-15,29.741071701049805,30.111908020660184,29.666905568830366,30.111908020660184,14418368
2021-09-16,29.666900634765625,30.111903012584662,29.37023049671552,30.111903012584662,19553563
2021-09-17,29.852325439453125,29.963577473414656,28.999400723766048,29.444406030355424,28266370
2021-09-20,28.925230026245117,29.629819528633117,28.8881469638576,29.5927364662456,23796781
2021-09-21,28.77689552307129,28.92523060484484,28.406059233265584,28.443142296394882,18117762
2021-09-23,29.481481552124023,29.6298166163507,29.0735622474427,29.14772836492802,20518033
2021-09-24,29.444406509399414,30.26024534086805,29.444406509399414,29.815242856295484,19052618
2021-09-27,29.889408111572266,30.482745683238015,29.666906875854696,29.666906875854696,20332913
2021-09-28,30.297325134277344,30.593995311424052,30.11190698087477,30.593995311424052,29545281
2021-09-29,30.593996047973633,30.853580337284118,29.889406482229596,30.037741574374113,30287737
2021-09-30,30.37148666381836,30.631070883380715,30.1118996150002,30.408569719576438,13928675
2021-10-04,30.037738800048828,30.26024000308682,29.703985580863694,30.111904924642726,21964896
2021-10-05,30.482742309570312,30.556911266105352,29.889404803572,30.037739887385676,15161212
2021-10-06,31.4840030670166,31.59525226169297,30.742330452148163,30.85357964682453,44032651
2021-10-07,32.07734298706055,32.37401318685165,31.929007887164996,31.966090954824704,28342782
2021-10-08,32.5223388671875,32.781925946716356,32.22567155676955,32.63359087687932,35626937
2021-10-11,33.37527084350586,33.44943698034428,32.89318246628584,33.00443450080024,35485693
2021-10-12,33.33818435668945,33.48651944441322,33.00443111662509,33.07859724585874,18769101
2021-10-15,34.154022216796875,34.33944036436826,33.41234962651136,33.74610285799112,36966905
2021-10-18,34.26527786254883,34.487779097325394,33.931524595755626,34.487779097325394,15426145
2021-10-19,34.228187561035156,34.4506887487874,34.079852492781626,34.26527062078451,10380137
2021-10-20,34.37652587890625,34.37652587890625,33.74610526392027,34.22819361367892,19380588
2021-10-21,34.48777770996094,34.9698660569641,34.22819341804021,34.22819341804021,15830987
2021-10-22,34.48777770996094,34.78444789723313,34.33944261632484,34.67319586969191,11023281
2021-10-25,34.636112213134766,35.11819772266295,34.265275899994684,34.487777122027424,24895254
2021-10-26,35.229454040527344,35.229454040527344,34.93278382216752,35.08111893134743,31599646
2021-10-27,35.489036560058594,35.60028859361634,35.2294522540995,35.266535322199836,20701724
2021-10-28,34.858612060546875,35.15528223106261,34.48777576203042,35.15528223106261,27836706
2021-10-29,34.96986770629883,34.96986770629883,34.413613200870465,34.895698741354344,18167634
2021-11-01,34.821529388427734,34.85861245284543,34.37652412764604,34.524859214573276,12419384
2021-11-02,34.895694732666016,35.30361409060187,34.82152860549819,35.192364899850126,10828361
2021-11-03,34.74735641479492,34.932774544712196,34.48777216461319,34.7102733546627,9965448
2021-11-04,34.96986770629883,34.96986770629883,34.636114437190464,34.895698741354344,11599843
2021-11-05,33.709022521972656,33.74610558863631,33.07859907166393,33.375269263486466,32926856
2021-11-08,33.89443588256836,34.04277095746432,33.48651654854664,33.7461008076724,18990314
2021-11-09,33.7831916809082,33.9315267901043,33.5977735017273,33.8944437201195,8190048
2021-11-10,33.59776306152344,33.63484611998501,33.078591755293374,33.59776306152344,18905544
2021-11-11,33.709022521972656,33.9686068178749,33.30110313015915,33.375269263486466,14576796
2021-11-12,33.59776306152344,33.82026424154889,33.41234493995956,33.70901506616416,8890298
2021-11-15,33.523597717285156,33.67193278380643,33.301096532131275,33.37526265076388,7145701
2021-11-16,33.96860122680664,34.079853237742704,33.70901697363072,33.78318309475065,12596153
2021-11-17,34.116943359375,34.116943359375,33.85735905247376,33.89444212070869,12386061
2021-11-18,34.154022216796875,34.33944036436826,33.9686040692255,34.11693915313388,8437935
2021-11-19,34.154022216796875,34.19110528045987,33.85735487823651,34.19110528045987,8203492
2021-11-22,33.7831916809082,33.8944437201195,33.5977735017273,33.671942470953795,13158623
2021-11-23,33.74609375,34.07984689140058,33.63484175978126,33.671927642691266,7401789
2021-11-24,34.191104888916016,34.4506919900971,34.005686743467976,34.11693876243935,12898992
2021-11-25,34.228187561035156,34.487771808536756,33.78318235627457,34.191101672029696,9840572
2021-11-26,32.8931770324707,33.968602814512515,32.85609397017746,33.85735362763279,28426743
2021-11-29,32.44817352294922,32.89317591384719,32.2998384495645,32.59650859633394,25861647
2021-11-30,31.854843139648438,32.485263805098846,31.298588612748603,32.41109766654827,23878442
2021-12-01,32.26276779174805,32.52235214802471,31.89193138034864,32.11443266133683,15516736
2021-12-02,32.63359451293945,32.96734774994581,32.26275821165605,32.374010233743654,14713692
2021-12-03,33.26402282714844,33.59777614175087,32.89318643964731,33.00443848760049,35321341
2021-12-06,33.26402282714844,33.33819180220293,32.819020293849924,33.00443848760049,21997237
2021-12-07,33.85736083984375,33.931526980228924,32.9302699387446,33.22693732954219,15839694
2021-12-08,33.74609375,34.07984689140058,33.449423662253785,34.07984689140058,8590654
2021-12-09,33.59776306152344,34.04276825083034,33.48651388613871,33.70901506616416,6908033
2021-12-10,33.523597717285156,33.67193278380643,33.33817959144758,33.449428769396484,6090109
2021-12-13,33.449432373046875,33.560684392237505,33.004429954797104,33.52360132892609,10861423
2021-12-14,33.004432678222656,33.07859881096546,32.74484838436624,32.74484838436624,7998591
2021-12-15,33.33818435668945,33.67193759675381,32.96734805200827,33.152766204348865,11227978
2021-12-16,33.48651885986328,33.48651885986328,32.85609545535623,33.264014817533486,9989350
2021-12-17,34.413612365722656,34.67319666358696,34.154025238601704,34.339443402578105,39799001
2021-12-20,33.74609375,34.11692994505494,33.63484175978126,33.96859490118184,16771986
2021-12-21,33.709022521972656,33.93152375121124,33.52360435939773,33.89444068454758,12301373
2021-12-22,33.89443588256836,33.93151894397829,33.59776573277644,33.82026693049226,8541568
2021-12-23,34.26527786254883,34.339443997722114,34.04277662777226,34.339443997722114,9198207
2021-12-24,34.45069122314453,34.56194041038287,34.33943920664989,34.52485734797009,6165831
2021-12-28,34.56194305419922,34.673195079204085,34.339441833446,34.48777692370032,9461700
2021-12-29,34.74735641479492,34.74735641479492,34.48777216461319,34.7102733546627,10179627
2021-12-30,34.78444290161133,34.89569208391873,34.673190890047735,34.78444290161133,10553516
2021-12-31,34.78444290161133,34.96986103471318,34.6361078292786,34.82152596238046,5190692
2022-01-03,34.74735641479492,34.96986043410056,34.599024174266006,34.85860842444774,6711558
2022-01-04,35.45194625854492,35.45194625854492,34.85860880223053,34.932774923298766,25500155
2022-01-05,36.453208923339844,36.898211345553506,36.156538755693134,36.601541177906796,59292303
2022-01-06,36.341957092285156,36.37904015611988,35.85986877466452,36.37904015611988,24559582
2022-01-07,37.157798767089844,37.19488466312868,36.89821447035782,37.157798767089844,67407695
2022-01-10,38.34447479248047,38.38155785740928,37.528633217764245,37.67696830673597,59640904
2022-01-11,38.52988815307617,38.52988815307617,38.08488294152181,38.45571920318904,40783559
2022-01-12,39.12322998046875,39.12322998046875,38.529892461308194,38.64114165469404,43066390
2022-01-13,39.79073715209961,39.79073715209961,39.27156575280417,39.34573188302216,40548306
2022-01-14,40.45824432373047,40.569496357970976,40.198660016178295,40.309909221162044,46404888
2022-01-17,40.791996002197266,40.791996002197266,40.458242741782506,40.60657783855092,43715487
2022-01-18,40.45824432373047,40.866163733851074,39.93907287936936,40.82908066552316,38858826
2022-01-19,40.56949234008789,40.56949234008789,40.19865603502174,40.421157252210136,27759299
2022-01-20,40.346988677978516,40.346988677978516,39.67948223760598,40.27281972390584,30849593
2022-01-21,39.49406433105469,39.90198367848192,39.12322804625605,39.7536485987112,34875504
2022-01-24,39.53114700317383,39.64239901921694,39.011975643733116,39.04906153525169,13579536
2022-01-25,38.82655334472656,38.82655334472656,38.307384870146635,38.5669691074366,24734367
2022-01-26,39.97615432739258,40.05032045579332,39.56823213341916,39.56823213341916,28218489
2022-01-27,40.53240966796875,40.53240966796875,39.827820115668175,40.30990561936903,34398346
2022-01-28,41.23699188232422,41.34824389446022,40.9032415044286,41.0144906873084,54473659
2022-01-31,40.866153717041016,40.866153717041016,40.866153717041016,40.866153717041016,0
2022-02-04,42.942840576171875,43.017006697395956,42.34950028935458,42.497835361058904,62749377
2022-02-07,42.942840576171875,42.942840576171875,42.34950028935458,42.64617043276323,22200614
2022-02-08,43.6103515625,43.6103515625,43.27659830178884,43.38785033177811,29030418
2022-02-09,43.98118209838867,44.1666002377826,43.68451477291215,43.75868089696721,30908859
2022-02-10,43.57326889038086,43.68452092137812,43.017014393907914,43.61035195762772,18112418
2022-02-11,43.75868225097656,43.83284837732652,43.49909797949535,43.83284837732652,21586802
2022-02-14,43.75868225097656,44.20368466758903,43.75868225097656,44.0924354780641,27627724
2022-02-15,43.01701354980469,43.3878498735099,42.646177226099475,43.313683740471504,30082843
2022-02-16,43.38785171508789,43.49910374862415,43.09118151182904,43.35076864699472,17500241
2022-02-17,43.01701354980469,43.05409661632388,42.57201109306108,42.905761520990474,17562099
2022-02-18,43.01701354980469,43.20243171165729,42.38659293120847,42.42367599772767,17898184
2022-02-21,43.42493438720703,43.42493438720703,42.646178647324625,43.017014983388314,20272291
2022-02-22,41.8674201965332,42.83159404201735,41.68200204050715,42.646175885991305,41858089
2022-02-23,43.0911750793457,43.16534403371713,42.6461726701424,42.905756937301604,32126802
2022-02-24,41.64491653442383,42.831591531739164,41.31116330728628,42.720339512941194,40684122
2022-02-25,40.606571197509766,40.606571197509766,39.45697933676484,40.198651870052686,47466421
2022-02-28,40.124481201171875,41.31115890117651,39.90198001656353,41.31115890117651,37535471
2022-03-01,40.050315856933594,40.16156786601641,39.456978410089505,40.08739891687583,16963545
2022-03-02,37.973636627197266,38.7894753327502,37.71404952688034,38.641140251034294,45247755
2022-03-03,39.53114700317383,39.60531595695467,38.60405630033553,39.011975643733116,29710818
2022-03-04,38.19613265991211,38.45571689580135,37.75113030431455,37.75113030431455,63019166
2022-03-07,35.489036560058594,36.11946003479126,35.41487042385792,35.748623695274425,98387101
2022-03-08,35.60028076171875,36.19361820856284,35.303610623668646,35.8598650105705,37056910
2022-03-09,36.52737808227539,36.67571317841007,35.71153929741961,36.19362482328652,40079196
2022-03-10,37.52896499633789,37.910744892891685,36.918114831652254,37.834387165931254,32042021
2022-03-11,37.299896240234375,37.490786196249395,36.57451673757697,37.03265146691318,23734051
2022-03-14,37.872562408447266,37.910742726120034,37.10900265898059,37.29989259634726,30122708
2022-03-15,37.567142486572266,38.0252771983508,37.070827454854296,38.0252771983508,44267673
2022-03-16,37.567142486572266,37.98709979116084,36.76540528458509,37.94892238397087,43856918
2022-03-17,39.094261169433594,39.39968333261899,37.98709891010674,38.559768742922415,41290933
2022-03-18,39.246978759765625,39.514223551049625,38.7888410868862,39.09426620213915,21768112
2022-03-21,39.20879364013672,39.39968358563446,38.82701374914123,39.3615061790848,14342896
2022-03-22,39.97235107421875,40.20142132556037,39.208791337078,39.208791337078,21445004
2022-03-23,40.58320617675781,40.85045095246851,40.392316219036,40.58320617675781,25529261
2022-03-24,40.23960494995117,40.277782360159684,39.74328987899151,40.20142753974267,11682674
2022-03-25,40.31596755981445,40.81228272666715,40.23961272464493,40.50685756048853,14829385
2022-03-28,41.041343688964844,41.11769851212346,40.545028600184416,40.62138633609283,15367982
2022-03-29,40.8504524230957,40.88862983346454,40.31595993968283,40.697739868870634,11940218
2022-03-30,41.194053649902344,41.57583356711599,41.041341100466965,41.079518509638405,20820331
2022-03-31,41.38493728637695,41.46129209305557,41.07951223416417,41.19404735693126,12951991
2022-04-01,41.49946594238281,41.49946594238281,40.774086602809945,41.003153915977634,8177523
2022-04-04,41.270416259765625,41.499483670789964,41.079526265120315,41.461306254410935,10779509
2022-04-06,41.00315856933594,41.27040331290244,40.58320129541032,41.15587109969504,17097274
2022-04-07,40.81227493286133,41.079519717669946,40.69773978922924,40.69773978922924,11573734
2022-04-08,41.194053649902344,41.194053649902344,40.774096323517256,40.85045114186014,10357713
2022-04-11,41.270416259765625,41.38495142165287,40.88863627047501,40.92681368685404,13750516
2022-04-12,40.73591995239258,41.49947986087416,40.659565126644374,41.49947986087416,14864663
2022-04-13,40.69773864746094,40.774096378656694,40.20142650206179,40.23960391128487,11761552
2022-04-14,40.6595573425293,40.697734748094476,40.354132272509155,40.62137993696411,10408286
2022-04-19,40.81227493286133,40.85045234315546,39.972357342641956,40.31595986078853,14672531
2022-04-20,41.194053649902344,41.308585877416675,40.69773859242476,40.8122737326887,12920024
2022-04-21,41.995792388916016,42.07214720997779,41.65218986863857,41.76672501298096,24207791
2022-04-22,41.346771240234375,41.49948089553813,40.850456122247266,41.23223608600659,15424898
2022-04-25,39.4378662109375,40.20142603757521,38.865196340959216,40.163245716043654,34714858
2022-04-26,37.796207427978516,39.20879179301537,37.26171502321482,38.82701192000549,44212494
2022-04-27,36.72722244262695,37.18536003569514,36.07819782671694,36.07819782671694,38716435
2022-04-28,37.299896240234375,37.41443137894321,36.345446460159295,36.53633641617431,21296464
2022-04-29,37.07082748413086,37.261717432980916,36.53633504480081,36.99447266969062,25095530
2022-05-03,38.0252799987793,38.36888251429305,36.76540799222843,37.07083018499091,24035559
2022-05-04,38.75066375732422,39.20879851841927,38.55977378807631,38.78884116862385,16374927
2022-05-05,38.521583557128906,39.55238788292496,38.44522584719106,39.47603308573592,16192094
2022-05-06,37.4144287109375,38.025275944076405,37.03264882613202,37.4144287109375,22019352
2022-05-10,36.994476318359375,37.18536628603641,36.0400264799742,36.30727126962215,18037551
2022-05-11,36.956302642822266,37.07083488735526,36.57452266887885,36.80359007069489,11727920
2022-05-12,35.69643020629883,36.61270279414425,35.50554020519562,36.49816762838223,28766863
2022-05-13,36.45998001098633,36.53633482496715,35.54370767946924,35.696420220180336,19133351
2022-05-16,36.57451629638672,36.765406250099076,36.26909120534714,36.345446021732265,10970715
2022-05-17,37.1090087890625,37.22354393550242,36.65087402880238,36.65087402880238,15919362
2022-05-18,36.91811752319336,37.3380777702196,36.689050151110656,37.109007485387224,17168449
2022-05-19,36.3072624206543,36.68904226295928,36.1545499011825,36.65086486127859,19941600
2022-05-20,36.994476318359375,37.14718887505096,36.53633864828464,36.918118583638716,23670727
2022-05-23,36.994476318359375,37.14718887505096,36.61269638300531,36.879941172653254,14406943
2022-05-24,37.71985626220703,37.83438848752422,37.10900607618379,37.52896630726216,19894498
2022-05-25,38.90337371826172,39.361508448773805,38.75066117050783,38.90337371826172,36012327
2022-05-26,39.094261169433594,39.47604105797738,38.52159133661792,39.47604105797738,21990168
2022-05-27,39.666927337646484,39.85781726428314,39.20878976606904,39.32332488715068,27962499
2022-05-30,40.01054000854492,40.39231995934115,40.01054000854492,40.16324965866352,26267279
2022-05-31,39.781471252441406,39.93418382123916,39.399691286822005,39.89600640722722,17715751
2022-06-01,40.086891174316406,40.27778113228934,39.8578238072988,39.8578238072988,21240457
2022-06-02,39.934181213378906,39.934181213378906,39.55240127269125,39.66693641999746,9859724
2022-06-06,40.20143508911133,40.23961250648912,39.28516250829322,39.93418734196633,15914549
2022-06-07,39.514217376708984,39.93417465999854,39.32332743769106,39.552394781962704,15184480
2022-06-08,39.132442474365234,39.78146718444996,38.94155251107565,39.705112364234,20744261
2022-06-09,38.63612365722656,38.8270136020009,38.17798895486791,38.483414031606614,24011935
2022-06-10,38.13981246948242,38.483414960923604,37.94892252009838,38.13981246948242,23082469
2022-06-13,37.185367584228516,37.490789795524634,36.80358763554599,37.070832434523815,36622006
2022-06-14,37.834388732910156,37.98710128040643,36.99447409080502,37.14718663830129,25080542
2022-06-15,38.10163497924805,38.13981238649189,37.338075183373334,37.64349735407354,19637736
2022-06-16,38.0252799987793,38.827017259811605,37.91074776877449,38.44523733429625,23932139
2022-06-17,37.91074752807617,38.33070486092679,37.64349983426239,38.29252745116757,21024667
2022-06-20,37.834388732910156,37.98710128040643,37.18536404698797,37.29989627304799,15568560
2022-06-21,39.246978759765625,39.47604613983045,38.9033762332935,39.01790846695103,33493225
2022-06-22,38.6743049621582,39.43786476071809,38.55976982727443,39.24697481107812,19085399
2022-06-23,38.6743049621582,39.39968444059051,38.59794723465253,39.01790454131057,17271976
2022-06-24,38.78883361816406,39.09425867460795,38.55976628220575,38.67430140655951,17225887
2022-06-27,39.552398681640625,39.70511123046155,39.246976496748374,39.323331314784035,28278385
2022-06-28,39.743289947509766,39.85782509108244,39.17062005514579,39.28515519871846,25746710
2022-06-29,39.62874984741211,39.895994579013994,39.399679605754365,39.74328205549187,17777494
2022-06-30,39.4378662109375,40.163245716043654,39.36150848062398,39.85782353303832,19160920
2022-07-04,39.132442474365234,39.208797294581196,38.33070521109891,38.86519769085969,16993452
2022-07-05,38.86520004272461,40.01053989177052,38.712487480301846,39.24697999240658,15237633
2022-07-06,37.490787506103516,38.063457394156515,37.10900758073485,38.025279984169586,42722173
2022-07-07,37.91074752807617,37.94892493783538,37.032652539866085,37.147187681893364,15261907
2022-07-08,38.0252799987793,38.52159506704913,37.79621262602002,38.483417657047525,17324166
2022-07-11,37.4144287109375,37.79620859574298,37.29989358039611,37.75803118981231,15280651
2022-07-12,37.45260238647461,37.68166971199222,37.33807018009034,37.33807018009034,10129745
2022-07-13,37.490787506103516,37.98710257418266,37.45261009611658,37.45261009611658,11194546
2022-07-14,37.4144287109375,37.87256340760433,37.22353876853476,37.87256340760433,15865169
2022-07-15,36.42179870605469,36.76540115769418,36.15455106022435,36.57451123042215,32226807
2022-07-18,37.52896499633789,37.60531981054887,36.53633493509846,36.9562951515072,20015928
2022-07-19,37.261722564697266,37.414435127358914,36.803587789462206,37.18536773974138,10671479
2022-07-20,37.605323791503906,37.8343911711357,37.41443382301912,37.75803634884169,11843210
2022-07-21,36.8035774230957,37.33806978548747,36.68904230517281,37.33806978548747,14349184
2022-07-22,37.1090087890625,37.490788726862526,37.1090087890625,37.29989875796252,15060463
2022-07-25,37.299896240234375,37.452608787596304,36.841761510898166,36.841761510898166,17483734
2022-07-26,38.25434875488281,38.40706131316124,37.87256881556163,37.91074913969357,26198720
2022-07-27,38.10163497924805,38.29252492821673,37.71985508131069,37.758032488554534,14709959
2022-07-28,37.872562408447266,38.29252260085337,37.45260512879045,38.17798747333365,20647880
2022-07-29,37.71985626220703,38.025278442469094,37.49078598607354,37.75803367064609,15931021
2022-08-01,39.590576171875,40.08689122837375,37.18536444582234,37.60532177137919,47596428
2022-08-02,38.941551208496094,39.781465853775586,38.40705874661388,39.743288444944625,29491697
2022-08-03,38.941551208496094,39.28515371347392,38.63612611234923,39.28515371347392,11339620
2022-08-04,39.39968490600586,39.62875517847934,39.05608532279466,39.246975274689554,16503613
2022-08-05,39.017906188964844,39.47604383509677,38.97972877997458,39.39968610436665,12863717
2022-08-08,39.552398681640625,39.628756412425886,39.01790621714218,39.01790621714218,11248226
2022-08-09,39.781471252441406,39.781471252441406,39.170623890000364,39.28515904478618,11987496
2022-08-10,39.666927337646484,39.972349472615655,39.399679692705696,39.85781726428314,11914995
2022-08-11,40.086891174316406,40.086891174316406,39.666933849325865,39.89600121634347,13064217
2022-08-12,40.163238525390625,40.163238525390625,39.743281278477134,40.01052891760322,8641568
2022-08-15,39.857826232910156,40.086893613868014,39.70511367468832,39.857826232910156,5799376
2022-08-16,39.590576171875,39.81964645195111,39.32333139545235,39.62875649372075,7770101
2022-08-17,39.666927337646484,40.04870719091979,39.476037411009834,40.04870719091979,7148920
2022-08-18,39.05254364013672,39.71051394742457,38.78161243197968,39.671810332801144,14532056
2022-08-19,38.97513961791992,39.168660674519124,38.820325134958146,39.05254981229779,7398529
2022-08-22,38.1623420715332,38.58808769726556,38.04623123882232,38.58808769726556,13718620
2022-08-23,37.96882629394531,38.51068577992051,37.77530525987536,38.27846112961589,16651782
2022-08-24,37.581790924072266,38.08494688349114,37.426973478643596,37.968833061195355,16394654
2022-08-25,37.96882629394531,38.046236479311276,37.156038541430846,37.46567337710142,10940374
2022-08-26,38.00753402709961,38.046240600423545,37.62049191703588,37.77530935164076,11556488
2022-08-29,37.73660659790039,37.73660659790039,37.15604341947115,37.23345066210291,13021055
2022-08-30,38.04623794555664,38.162348798735366,37.19474359109554,37.814010333405676,20589027
2022-08-31,37.620487213134766,37.8914184280415,37.31085533553697,37.659193781619,14662946
2022-09-01,37.34955978393555,37.504377202634814,37.15603874878562,37.46567358618416,16433194
2022-09-02,37.23345184326172,37.23345184326172,36.846409712030734,37.001227155102555,23959585
2022-09-05,37.001224517822266,37.23344918942951,36.768999846215024,37.23344918942951,20115672
2022-09-06,37.77531051635742,37.85272071249511,37.19474733336146,37.310861151119475,11552789
2022-09-07,37.001224517822266,37.34956300168158,36.49807155482273,37.31085938189653,22008473
2022-09-08,36.84640884399414,36.92381904015496,36.61418416130578,36.92381904015496,8909804
2022-09-09,37.19474411010742,37.42696877260207,36.80770202165074,37.03992668414539,24742392
2022-09-13,37.81401062011719,38.08494185204863,37.697899766058086,37.93012442707306,15421126
2022-09-14,36.84640884399414,37.15604372284332,36.6915943574666,36.88511541852307,15091877
2022-09-15,36.691593170166016,36.96252146571931,36.53677573575115,36.96252146571931,14038018
2022-09-16,36.84640884399414,37.07863647957955,36.65288778293766,36.84640884399414,12952895
2022-09-19,36.9238166809082,37.00122391922604,36.57547820268422,36.84640648969351,6026762
2022-09-20,37.42696762084961,37.620488659122664,37.00122192722824,37.03992554430351,11088743
2022-09-21,36.691593170166016,37.19474614089313,36.57547935613063,36.96252146571931,15315332
2022-09-22,35.375648498535156,36.07232250616596,35.18212744871045,35.99491526739483,25849690
2022-09-23,35.375648498535156,35.84009783695569,35.14342382932489,35.375648498535156,20582846
2022-09-26,32.705055236816406,33.75006765494062,32.27930954620641,33.75006765494062,71881369
2022-09-27,32.8598747253418,33.363027681226654,32.43412900793249,32.66635367625604,28284128
2022-09-28,30.96336555480957,32.356716414196676,30.808548136456196,32.356716414196676,55402471
2022-09-29,31.27300262451172,32.27931148631747,30.963367765696013,31.892269389246266,35562860
2022-09-30,31.93097496032715,32.04708877770533,31.46652559660848,31.46652559660848,21617792
2022-10-03,31.234294891357422,31.69874716231504,30.8085491909855,31.118184038290575,27252085
2022-10-05,33.014686584472656,33.440432230043974,32.89857279345485,33.24691121361189,37615359
2022-10-06,32.705055236816406,32.97598350732367,32.434126966309144,32.82116904011762,11803426
2022-10-07,31.93097496032715,32.27931345956467,31.85356771733972,32.08579239919905,12696068
2022-10-10,31.234294891357422,31.42781593269891,31.04077385001593,31.38911231500996,19875821
2022-10-11,30.73114585876465,31.505230122446896,30.53762479284409,31.311709056526336,26670561
2022-10-12,29.957056045532227,30.615026366614163,29.80223863089631,30.537619135744492,41313811
2022-10-13,29.995763778686523,30.382805891959897,29.84094634279778,30.150581214575272,15941289
2022-10-14,31.389110565185547,31.96967365684581,31.272999718591446,31.46652074914487,35918021
2022-10-17,31.85356330871582,32.00837777326392,31.234293638936894,31.3504074402446,18821549
2022-10-18,32.66635513305664,32.7824659959481,32.047088338944526,32.588944938232004,27783943
2022-10-19,32.24060821533203,32.51153650504868,31.853566114081453,32.27931183487771,19941950
2022-10-20,32.35671615600586,32.434126341013176,31.77615305648579,32.08578789072181,15570521
2022-10-21,32.1631965637207,32.4341277940389,32.08578932814222,32.31801398777442,10595052
2022-10-24,32.58894348144531,32.85987472187492,31.73745204671654,32.16319776408093,43396007
2022-10-25,30.924663543701172,33.36302693597645,30.769846117311438,32.85987399133082,49982450
2022-10-26,31.156892776489258,31.505231298731317,30.84725787829693,30.924668079293628,24533934
2022-10-27,31.50522804260254,31.737452715797282,31.234296796461233,31.427817849606342,16940378
2022-10-28,31.00206756591797,31.892265460683852,30.84725015558088,31.582630640009675,19910893
2022-10-31,31.156892776489258,31.853569820973377,30.731147006147733,31.040778951442825,20208298
2022-11-01,31.776153564453125,31.930970984046017,31.0407730360594,31.50522529483807,21132938
2022-11-02,32.04707717895508,32.12448439392663,31.505217815466278,31.776146020762692,10449866
2022-11-03,31.195592880249023,31.698748794808242,31.002071828941155,31.156889260566828,14084935
2022-11-04,32.085792541503906,32.47283466395173,31.19559447871509,31.19559447871509,20058129
2022-11-07,33.28561782836914,34.05970196391261,32.82116852820171,33.09209679448327,40630628
2022-11-08,33.28561782836914,33.59525266374518,33.053393178285425,33.32432144456698,14254116
2022-11-09,33.28561782836914,33.750067128536564,32.8985757605974,33.32432144456698,9781099
2022-11-10,32.89857482910156,32.89857482910156,32.35671535898411,32.78246103089906,8914894
2022-11-11,33.59525680541992,33.82748148413265,33.09210087412818,33.750071289297075,23447735
2022-11-14,33.78877639770508,34.60156421439658,33.55654877616733,33.595255348354875,16908635
2022-11-15,34.601558685302734,34.601558685302734,33.90488183780746,33.98229201691605,20487782
2022-11-16,34.330631256103516,34.56285886602357,33.82747832470242,34.05970298172575,17035542
2022-11-17,34.330631256103516,34.678969718086876,33.866181942056855,34.17581678668578,14543962
2022-11-18,34.17581558227539,34.48544746309567,33.943587980539405,34.33063004623722,11285469
2022-11-21,34.330631256103516,34.485448678417974,33.866181942056855,34.05970298172575,10917359
2022-11-22,34.6402702331543,34.67897385512589,34.29193172961579,34.33063535158738,10577497
2022-11-23,34.98860549926758,34.98860549926758,34.67897064635056,34.833788072809064,9344796
2022-11-24,35.607872009277344,35.72398581655327,35.41435096574866,35.49175820200142,14144526
2022-11-25,35.607872009277344,35.95621047820833,35.53046477302458,35.95621047820833,9772075
2022-11-28,35.29823303222656,35.56916423323383,34.79508014960696,35.56916423323383,16162878
2022-11-29,35.80139923095703,35.80139923095703,35.298243249795476,35.37565345230349,21580355
2022-11-30,36.575469970703125,36.885104760079194,36.30454174467121,36.6915837549432,27847858
2022-12-01,36.61418151855469,37.039927231569905,36.265843043216115,36.84640618448146,32156733
2022-12-02,36.30454635620117,36.652881847375795,36.14972894184769,36.61417823201157,23145310
2022-12-05,36.53676986694336,36.88510830019985,36.498066252780745,36.807698118978145,27538208
2022-12-06,36.65288543701172,36.65288543701172,36.188436101361546,36.38195715003192,17804089
2022-12-07,36.11103439331055,36.65289105025328,35.87880673702388,36.459369971945925,24406034
2022-12-08,36.42066192626953,36.45936554665385,35.8013951414296,36.188437251066674,15111896
2022-12-09,36.53676986694336,36.73029089065292,36.14972781952425,36.14972781952425,16333736
2022-12-12,36.84640884399414,36.92381904015496,36.45936672188119,36.53677691804201,14214740
2022-12-13,36.9238166809082,36.9238166809082,36.38195715399277,36.84640648969351,11699746
2022-12-14,37.19474411010742,37.38826515433576,36.923815829346466,37.078633255308496,12802203
2022-12-15,36.53676986694336,36.923811914362474,36.30454522907119,36.84640173314076,11759520
2022-12-16,36.381954193115234,36.53677161004824,36.03361574324013,36.22713677618223,10434561
2022-12-19,36.3432502746582,36.420657506032214,36.11102562763958,36.18843285901359,6030636
2022-12-20,36.188438415527344,36.381959476572945,35.91751011122232,36.072324597741165,5683933
2022-12-21,36.76899719238281,36.92381461324587,36.65288338851135,36.65288338851135,9285861
2022-12-22,37.310855865478516,37.34955948161589,37.07863121575764,37.23344568030714,13931200
2022-12-23,37.07863235473633,37.2334468240414,36.84640474498527,36.84640474498527,4986129
2022-12-28,37.54308319091797,37.968828904565505,37.11733747727043,37.156041096166234,15937747
2022-12-29,37.465675354003906,37.620489827111456,37.31085792799957,37.581786208834565,11327924
2022-12-30,37.581790924072266,37.814015615766685,37.38826985551072,37.77531199263381,6744518
2023-01-03,37.69789505004883,37.775302276404574,36.38195153172626,37.001218201261466,17994602
2023-01-04,38.70420837402344,38.70420837402344,38.201052484002425,38.27846267248853,20526070
2023-01-05,39.671810150146484,39.78792394637868,39.28476809990115,39.47828912502382,29598352
2023-01-06,40.40719223022461,40.755530679766395,40.21367119746769,40.60071326298153,30945589
2023-01-09,41.25868225097656,41.33609243329901,40.871640198053896,41.142571406837675,25217005
2023-01-10,41.25868225097656,41.29738586568953,40.94905038037635,41.142571406837675,15923846
2023-01-11,41.52961349487305,41.723134521498,41.258682285860196,41.41349969773947,19895897
2023-01-12,41.877952575683594,41.877952575683594,41.529617060171454,41.64572791437658,18594710
2023-01-13,42.961666107177734,42.961666107177734,42.535920457055255,42.574624070176135,31176673
2023-01-16,43.85187530517578,43.85187530517578,43.38742296901718,43.50353679128112,28381653
2023-01-17,43.85187530517578,43.89057892829804,43.46483316815886,43.81316872915636,20157061
2023-01-18,43.96798324584961,43.96798324584961,43.61964475515766,43.69705494914307,17906414
2023-01-19,43.85187530517578,44.00668979766481,43.58094403752564,43.73576148291184,17779500
2023-01-20,44.04538345336914,44.04538345336914,43.73574865342531,43.92926966516613,16911185
2023-01-26,44.8194694519043,44.896876678812646,44.5872418653864,44.5872418653864,24201338
2023-01-27,44.858177185058594,45.09040184000719,44.74206338113595,45.05169822299854,16938553
2023-01-30,44.78076934814453,45.28392525435162,44.58724830004901,44.896883158160584,30251584
2023-01-31,44.858177185058594,45.01299460598989,44.509838726187354,44.935584419075894,23734615
2023-02-01,44.16150665283203,44.509845162071144,43.42612601174883,44.509845162071144,23434279
2023-02-02,44.62595748901367,44.780771974251486,44.35502623405344,44.664661110323124,18001990
2023-02-03,43.271305084228516,43.85186819562928,42.96167024365611,43.85186819562928,29078788
2023-02-06,43.813167572021484,43.96798501331885,43.271310956826326,43.348718201026465,18785420
2023-02-07,43.813167572021484,44.12280245461622,43.813167572021484,43.813167572021484,9938412
2023-02-08,44.7420654296875,44.974290095268685,44.04539143294394,44.04539143294394,21470580
2023-02-09,44.89688491821289,44.89688491821289,44.39372899228103,44.587250047962975,11986027
2023-02-10,44.89688491821289,45.24522340901979,44.78077110364493,45.2065197884628,16892115
2023-02-13,44.70336151123047,44.819475319691094,44.122798374720986,44.122798374720986,8538615
2023-02-14,45.05170440673828,45.05170440673828,44.7420695223756,45.05170440673828,16289619
2023-02-15,44.54854202270508,45.05169789888781,44.238910135966734,45.05169789888781,16059738
2023-02-16,44.97429275512695,45.01299932909369,44.66466083367214,44.85818189191777,12427999
2023-02-17,45.05170440673828,45.129111651380406,44.89688696455694,44.89688696455694,15946227
2023-02-20,45.477447509765625,45.593561322864225,45.05170178323231,45.206519216398135,18946483
2023-02-21,44.58724594116211,46.019303393044105,44.20020386544752,45.16780905473399,39165969
2023-02-22,46.94820785522461,47.10302233272266,46.36764470591629,47.06431871334814,69340438
2023-02-23,45.94189453125,46.56116423257209,45.903190913141565,46.56116423257209,22181124
2023-02-24,46.09671401977539,46.25153145203523,45.70967191557426,45.82578572799336,16073982
2023-02-27,45.70966339111328,46.01929819788871,45.012989505213106,45.90318440712383,29332684
2023-02-28,45.90319061279297,46.48375373931117,45.78707975922738,46.01930441925531,26878211
2023-03-01,46.63857650756836,46.754690327335254,46.174127134294984,46.32894162345471,26492998
2023-03-02,46.48248291015625,46.84157566162218,46.243088757199565,46.32288579349785,13428384
2023-03-03,46.282989501953125,46.482485146358094,46.04359533747955,46.482485146358094,12017318
2023-03-06,46.40269088745117,46.52238645483115,45.923899485744826,46.04359809718695,12814531
2023-03-07,46.60219192504883,47.120878865046706,46.20320056625239,46.40269624565061,14361617
2023-03-08,46.24308395385742,46.322880981867065,45.883991239691014,46.28298246786224,14742132
2023-03-09,46.72188186645508,46.84158047727019,46.44258916663597,46.562284733388964,13939829
2023-03-10,45.00621795654297,46.003696164409064,45.00621795654297,45.80420052283584,55393924
2023-03-13,44.926414489746094,45.365304259338856,44.088533467057786,44.24813057710834,45567389
2023-03-14,42.811763763427734,43.569844728336996,42.0935782719685,43.33045057920451,45329786
2023-03-15,44.048641204833984,44.40773399241832,43.609751372925174,43.609751372925174,30271600
2023-03-16,43.011260986328125,43.130956543291845,42.53246962628762,42.612269708325314,26622653
2023-03-17,42.93145751953125,43.091054626961956,42.372869165554604,43.091054626961956,19300748
2023-03-20,40.25821304321289,42.13347048209663,39.6597262379443,42.05367345901867,56886469
2023-03-21,41.41529083251953,41.53498637491181,40.89660101663517,41.49508786078105,36238398
2023-03-22,42.69207000732422,43.091061315803884,42.173380088675806,42.21328165477346,29346962
2023-03-23,42.851661682128906,43.0112587940076,41.85418353796418,42.851661682128906,21677907
2023-03-24,41.61479187011719,41.973881588149,41.1360005059716,41.654690389447175,20512834
2023-03-27,41.21580123901367,41.73448808661141,40.856708471254045,41.45519540283278,12900561
2023-03-28,42.013790130615234,42.332981382339156,41.49510016097804,41.973888560595135,13137239
2023-03-29,42.253173828125,42.412770936349276,41.734483987411515,42.253173828125,9542860
2023-03-30,42.93145751953125,43.05115611111969,42.213275102185534,42.2531736180278,14352833
2023-03-31,42.452667236328125,43.17084961975522,42.452667236328125,42.93145549194619,15641697
2023-04-03,43.25065612792969,43.33045316772026,42.133479306490074,42.17337782638536,16680765
2023-04-04,43.609745025634766,43.72944057470008,42.93145807135131,43.250652290315486,10109231
2023-04-06,43.25065612792969,43.37035168761554,42.73196623710517,42.77186475700045,9725790
2023-04-11,43.72944641113281,44.28803484684234,43.49005223698933,43.72944641113281,12895492
2023-04-12,43.689544677734375,43.80924327803784,43.33045192088583,43.64964615898717,8779804
2023-04-13,44.088539123535156,44.088539123535156,43.33045503658051,43.41025512387483,10343596
2023-04-14,44.36783218383789,44.56732783762145,44.16833653005433,44.40773374984428,11370730
2023-04-17,45.40520477294922,45.92389156357659,45.245607666578636,45.28550618215588,25821123
2023-04-18,44.9663200378418,45.0062216046403,44.44763315414505,44.76682438009794,10445994
2023-04-19,44.56732940673828,44.92642220500396,44.407735313342165,44.68702802084758,11782166
2023-04-20,44.9663200378418,45.20571726238416,44.327934541873866,44.327934541873866,11617813
2023-04-21,44.647117614746094,45.24560443788193,44.44762200703414,44.96630876064837,11605424
2023-04-24,44.647117614746094,44.6870161274762,44.16832632980058,44.647117614746094,9366356
2023-04-25,44.28803253173828,44.687023815808,43.96883828685774,44.687023815808,10560183
2023-04-26,44.088539123535156,44.52742894943667,43.88904347139246,43.88904347139246,10216093
2023-04-27,44.88652420043945,45.16581691117285,44.407735826593,44.567329921833654,15025467
2023-04-28,44.80672073364258,45.564801709616944,44.80672073364258,45.08601340436347,9558057
2023-05-02,46.801673889160156,47.04106802547078,44.886514710551964,45.006213300738075,32380257
2023-05-03,46.961280822753906,47.08097944574943,46.16329812028358,46.40269536627462,24424313
2023-05-04,46.801673889160156,47.12086505622045,46.44258116266342,46.801673889160156,14217519
2023-05-05,46.64208221435547,46.801679338499056,46.08349380188388,46.44258657019147,15278134
2023-05-08,47.47996520996094,47.47996520996094,46.96127529676511,47.1607709489078,15952396
2023-05-09,47.32036209106445,47.759251861424666,47.160764980734825,47.47995920139408,20261236
2023-05-10,47.360267639160156,47.67946190720985,47.12087346015395,47.479966250694325,17019704
2023-05-11,47.6701545715332,47.831885990708045,47.18496031400867,47.6701545715332,13994249
2023-05-12,47.5084228515625,47.58928701825282,46.82106818038415,47.30625935006649,12547552
2023-05-15,47.91274642944336,48.0340457555778,46.497602020134906,46.497602020134906,15001506
2023-05-16,48.276649475097656,48.51924508356136,48.114918041198344,48.43838090899697,17372230
2023-05-17,47.42755889892578,47.95318215432555,47.30625956357263,47.58928723303634,13889094
2023-05-18,48.07447814941406,48.23620955705759,47.58928392648349,47.629719091971886,16393412
2023-05-19,48.07447814941406,48.23620955705759,47.629719091971886,48.11491023013244,12742038
2023-05-22,48.317073822021484,48.47880523001155,48.074478252421414,48.074478252421414,13193373
2023-05-23,48.19578170776367,48.519244572152886,48.114917534051614,48.438380398440835,13747666
2023-05-24,47.91274642944336,48.3575054839863,47.670150861944485,48.3575054839863,14260724
2023-05-25,47.18495559692383,47.22539076125291,46.780628631792446,46.86149587568068,18267454
2023-05-29,47.5084228515625,47.83188568786421,47.30625935006649,47.42755868487219,14821414
2023-05-30,47.589290618896484,47.79145413568835,47.30626292929606,47.508426446087924,16572996
2023-05-31,46.65933609008789,47.2658265858392,46.21457701015763,47.2658265858392,18895287
2023-06-01,46.37631607055664,46.6189147927995,46.13372043308467,46.41675124744438,18088327
2023-06-02,47.06366729736328,47.46799433070013,46.86150378069486,46.98280003983364,47210302
2023-06-05,47.83188247680664,47.9936107993301,47.427555500957965,47.54885174285055,32260761
2023-06-06,47.75101852416992,47.91274994261804,47.4679908554634,47.62972227391151,9945586
2023-06-07,48.23621368408203,48.39794202079278,47.99361500947532,47.99361500947532,19947534
2023-06-08,48.47880554199219,48.68096903208826,48.35750621402652,48.47880554199219,22549082
2023-06-09,48.519248962402344,48.64054831871666,48.317085425059005,48.47881687188783,12770239
2023-06-12,48.519248962402344,48.60011314343137,48.317085425059005,48.317085425059005,10128424
2023-06-13,48.43837356567383,48.60010189028438,47.99361141868464,48.11491074691261,12746561
2023-06-14,48.55967712402344,48.640544383280385,48.19578216929348,48.39794569028007,10876838
2023-06-15,48.55967712402344,48.761840645010025,48.51924503678023,48.680976470523596,15810769
2023-06-16,49.32789993286133,49.32789993286133,48.84270870841355,48.92357288423132,25741559
2023-06-19,49.6513557434082,49.73221990772409,49.125729421044525,49.327892916604384,19363313
2023-06-20,49.732215881347656,49.77264796023218,49.368321001847235,49.40875308073175,17901535
2023-06-21,49.57048797607422,49.732219387785264,49.08529682571118,49.08529682571118,15040945
2023-06-23,48.317073822021484,49.00442845001671,48.11491033322642,49.00442845001671,19401650
2023-06-26,48.19578170776367,48.519244572152886,47.993618188713036,48.519244572152886,14064455
2023-06-27,48.92356872558594,49.287463655374935,48.519241711324895,48.519241711324895,12725963
2023-06-28,49.20659255981445,49.408756051160886,48.96399698715274,49.00442906846801,14504354
2023-06-29,49.20659255981445,49.32789188853034,48.68096933317576,49.20659255981445,11694201
2023-06-30,49.32789993286133,49.65136280567357,49.2066005843641,49.4087641086791,20004150
2023-07-03,50.09611511230469,50.13654719470122,49.6513560364025,49.73222020119557,21881542
2023-07-04,50.338714599609375,50.500446026522035,50.05568691609001,50.136551087161145,19450082
2023-07-05,49.8535270690918,50.17698686192892,49.732227718796246,49.97482333461674,11365203
2023-07-06,49.32789993286133,50.01525468162412,49.247035757043555,49.97482259371523,15490357
2023-07-07,49.04486846923828,49.2065968084635,48.72140562124718,48.96400121485534,15137716
2023-07-10,49.28746032714844,49.89395080758561,49.206593078894755,49.61092006585287,13510916
2023-07-11,49.125728607177734,49.69178700232145,49.125728607177734,49.28746001790024,10478212
2023-07-12,49.6513557434082,49.691787825566145,48.963998007642616,49.125729421044525,11194182
2023-07-13,50.257850646972656,50.46001416029955,49.974819877452774,50.257850646972656,25838350
2023-07-14,50.78346633911133,50.86433358321544,50.621734935673054,50.702602179777166,27166492
2023-07-18,50.90477752685547,50.985641705036,50.62174673368226,50.985641705036,17114770
2023-07-19,51.14736557006836,51.26866490414261,50.90476998669006,51.10693348696701,22893272
2023-07-20,51.592124938964844,51.63255702228973,51.14736585285062,51.34952935424529,17076354
2023-07-21,51.996456146240234,52.07732031463138,51.67299330313508,51.753857471526224,23169698
2023-07-24,51.511260986328125,51.99645524255329,51.34952956758641,51.75385657205559,19026075
2023-07-25,52.15818405151367,52.40078272422064,51.87515637971589,52.036884715160184,18522279
2023-07-26,52.27947998046875,52.44120830537214,52.11774548602523,52.15818065202114,12819307
2023-07-27,52.52207565307617,52.56251082152431,52.31991214991646,52.481646654168536,20863856
2023-07-28,52.40078353881836,52.40078353881836,51.38996291795619,51.75385784790332,19853327
2023-07-31,52.72423553466797,52.845534862139985,52.15818023251868,52.56250721106534,25565126
2023-08-01,53.6137580871582,53.93721472389036,52.562505509159074,52.562505509159074,34927301
2023-08-02,51.91558074951172,53.168996830830174,51.79428759351443,53.00726850980714,33092746
2023-08-03,50.86433410644531,51.71342012726817,50.702602701343345,51.22822591196227,35635555
2023-08-04,51.63254928588867,51.91557691152546,51.18779026641525,51.59211720862196,20719174
2023-08-07,51.71342086791992,51.83471710990615,51.02606315758456,51.268661811097054,16477479
2023-08-08,51.75385284423828,52.27947914609558,51.592121437146034,51.75385284423828,25694945
2023-08-09,51.63254928588867,51.67298444792515,51.02605887257861,51.309089582985166,17569650
2023-08-10,51.25039291381836,51.70067842809101,50.80011052262459,51.455067011913606,22127406
2023-08-11,51.25039291381836,51.53693852499904,51.127590328808544,51.25039291381836,12140542
2023-08-14,51.04571533203125,51.04571533203125,50.34982469523107,50.513564587148366,17680943
2023-08-15,50.10421371459961,50.67730174383931,50.02234221152051,50.55449605075991,19704854
2023-08-16,49.080848693847656,49.20365127722111,48.63056630865396,48.95804298739535,25542450
2023-08-17,48.54869079589844,48.671496492230666,47.89373436930992,48.34401671739711,23638105
2023-08-18,48.016544342041016,48.712435021690766,47.72999873277199,48.50776092496098,15871784
2023-08-21,47.89373779296875,48.0984118861011,47.44345541269335,47.89373779296875,16042510
2023-08-22,47.93467330932617,48.26215311660345,47.811870723906374,47.811870723906374,10519877
2023-08-23,47.81187057495117,48.0165446730921,47.56625915871896,47.68906486683506,12276700
2023-08-24,48.18027877807617,48.303084479373865,47.7299964117825,47.89373630581985,10247144
2023-08-25,47.81187057495117,48.0574788681045,47.648130671822656,47.93467315998839,8557081
2023-08-28,48.098411560058594,48.548693937281676,47.89373746831366,48.221217264337064,7808863
2023-08-29,47.89373779296875,48.67149997148742,47.6890636998364,48.262151785222734,21207219
2023-08-30,48.58963394165039,48.83524537957901,48.26215722954417,48.30309142817256,18177757
2023-08-31,48.18027877807617,48.58962695163019,48.18027877807617,48.466824373411214,11247245
2023-09-04,48.098411560058594,48.34401984553675,47.72999757030196,47.97560585578012,21068021
2023-09-05,47.19784927368164,47.77093426207216,46.87036946053367,47.68906587032465,23570447
2023-09-06,47.27971649169922,47.52532478392344,47.19784810198411,47.48439058906588,9056740
2023-09-07,46.911293029785156,47.2797069553516,46.74755316030249,47.19783858214939,14755000
2023-09-11,47.19784927368164,47.40252337612938,46.542889647385685,46.62476116221216,18224467
2023-09-12,47.44345474243164,47.77093141296965,47.07504075538246,47.19784645875844,12161641
2023-09-13,48.3030891418457,48.4668290516881,47.85280673208837,48.057480838621615,18229949
2023-09-14,48.91710662841797,49.36738899368725,48.835238243124905,48.87617243577144,21058231
2023-09-15,49.81767272949219,50.14515252583118,49.44926186245932,49.81767272949219,24158736
2023-09-18,49.735801696777344,49.89954158623843,48.99897375574178,49.24458515147272,14648363
2023-09-19,49.69486999511719,49.73580418876379,49.28552181249361,49.69486999511719,9428702
2023-09-20,50.0223503112793,50.18609022087222,49.61300209883649,49.81767620505789,12011457
2023-09-21,49.77674102783203,49.94048093419929,49.57206692564269,49.694872636187874,10864491
2023-09-22,50.26795959472656,50.30889378961037,49.85861139973068,49.85861139973068,14515122
2023-09-25,49.981407165527344,50.18608123510205,49.85860459762959,50.10421285650355,12727154
2023-09-26,49.44926452636719,50.06328683527202,49.24459042339891,49.69487282531333,11446244
2023-09-27,49.81767272949219,50.02234682143436,49.57206444377735,49.73580434194684,11067915
2023-09-28,49.612998962402344,49.89954456684488,49.449262186239544,49.612998962402344,13270015
2023-09-29,50.51356506347656,50.92291323559051,50.308890977419594,50.308890977419594,22185709
2023-10-03,49.85860824584961,49.85860824584961,49.08084609994016,49.612996845925494,17629591
2023-10-04,49.81767272949219,49.940478433889005,49.408324545607854,49.85861004634366,11660413
2023-10-05,49.89954376220703,49.98141214896829,49.65393547884448,49.817672252367004,8374101
2023-10-06,50.80010986328125,50.92291556977604,50.390761672403755,50.51356737889854,15669740
2023-10-09,50.75917053222656,51.29132437574744,50.5135622671702,51.086650301020725,8766123
2023-10-10,50.922916412353516,51.414133000302705,50.55450240985217,50.759176508677484,17611242
2023-10-11,51.414127349853516,51.70067293056473,51.29132477790176,51.536933044883824,22109361
2023-10-12,51.74160385131836,52.1509519781119,51.61879816404896,52.06908047890617,18785947
2023-10-13,51.168514251708984,51.53692817893694,50.84103451126674,51.53692817893694,16410253
2023-10-16,50.595436096191406,50.96385009498781,50.513567706716145,50.84104438769606,10515741
2023-10-17,50.63637161254883,51.209459723069976,50.39076331463375,51.08665713565191,12092434
2023-10-18,50.96385192871094,51.08665764042135,50.67730943215861,50.800112020790046,11305490
2023-10-19,49.735801696777344,50.390758131543045,49.57206180731626,50.10421566729512,18903186
2023-10-20,48.958045959472656,49.5311340859089,48.63056926085126,49.162720067265674,20125779
2023-10-24,47.97560501098633,48.3030848012432,47.648128343808196,48.01654232707749,16859993
2023-10-25,47.85280227661133,48.50775873192025,47.64812818913487,48.50775873192025,16606417
2023-10-26,46.74755859375,48.05747457878404,46.338210434004104,47.64812641903814,25151693
2023-10-27,47.52532196044922,48.18027840849587,47.32064787524222,47.648127660804896,14679632
2023-10-30,46.82943344116211,48.098412202309405,46.50195364076592,46.95223602400156,27716476
2023-10-31,45.96979904174805,46.092601614363545,45.43764519117849,46.092601614363545,31013853
2023-11-01,46.58382797241211,46.74756475944338,46.09260824208125,46.33821654570717,15357195
2023-11-02,46.66569900512695,46.78850472542476,46.37915648853768,46.46102488668342,13553898
2023-11-03,47.64813232421875,48.05748053469644,47.115978401366156,47.115978401366156,19685040
2023-11-06,47.93467330932617,48.13934740810475,47.484390916629096,47.97560750446611,14725743
2023-11-07,48.016544342041016,48.46682673023079,47.97560702423196,48.18028112096176,9599836
2023-11-08,47.72999954223633,48.384956038263454,47.72999954223633,48.26215345199026,13438041
2023-11-09,47.7136344909668,48.00406404342958,47.58916287394291,48.00406404342958,6722950
2023-11-10,47.547664642333984,47.63064676023122,47.257235143303994,47.298724619530546,7946832
2023-11-13,47.92108917236328,48.04556080002793,47.54767745481431,47.87959968495672,6965723
2023-11-14,48.41896057128906,48.79237222111934,48.12853104666797,48.29449213164192,10246301
2023-11-15,49.70515823364258,49.9126088052931,48.79237381911358,49.082806518691015,25082391
2023-11-16,49.290260314941406,49.788140453296485,49.082809729719344,49.788140453296485,9045181
2023-11-17,48.99982452392578,49.33174670564645,48.7923739517115,49.12429613343217,7644476
2023-11-20,49.9541015625,50.161552147755025,49.37323929069697,49.70516149328291,16866031
2023-11-21,49.74665069580078,50.36900244804488,49.622179079174074,50.07856973106414,15554005
2023-11-22,49.5806884765625,49.9126106697801,49.53919899377146,49.746649573171304,12191378
2023-11-23,49.70515823364258,49.78813719612498,48.8753559470405,49.124295999932215,15937712
2023-11-24,49.33174514770508,49.62217467345524,48.95833349642314,48.95833349642314,8027566
2023-11-27,49.663665771484375,49.78813738111497,49.29025727348163,49.78813738111497,8173994
2023-11-28,49.49771499633789,49.9126162011171,49.49771499633789,49.9126162011171,6150302
2023-11-29,49.37324142456055,49.705163641491836,49.04131920762926,49.45622039607094,20137432
2023-11-30,49.124298095703125,49.290259193192774,48.62641480323416,49.20727706172563,16677662
2023-12-01,49.124298095703125,49.622178222727435,49.04131596423597,49.124298095703125,31106972
2023-12-04,49.53919982910156,50.24453054477647,49.4562176966756,50.20304106128583,23403110
2023-12-05,49.124298095703125,49.82962880322834,49.08280861269187,49.622178222727435,11738909
2023-12-06,49.41472244262695,49.746644602680185,49.124292926663614,49.41472244262695,8571346
2023-12-07,49.663665771484375,49.78813738111497,49.497707845902944,49.74664789971961,11192408
2023-12-08,49.788143157958984,50.037083240659804,49.45622093739463,49.95410426824116,9904620
2023-12-11,50.037078857421875,50.20303995316589,49.78813879652816,49.99558937484702,16117472
2023-12-12,50.3275146484375,50.57645472457653,49.871120815830324,50.20304302764558,11979047
2023-12-13,50.24453353881836,50.45198413407809,50.0785724295216,50.41049464811512,8482830
2023-12-14,50.61794662475586,50.90837619986746,50.3690065367395,50.61794662475586,15025329
2023-12-15,50.90837478637695,51.11582538153814,50.53496624744272,50.61794521932924,18382310
2023-12-18,50.07856750488281,50.20303911597628,49.78813796625747,50.20303911597628,15270566
2023-12-19,50.037078857421875,50.20303995316589,49.70515983137845,49.91261040969732,6039241
2023-12-20,50.783897399902344,50.90836583584853,50.28601415978464,50.28601415978464,14560834
2023-12-21,50.82539749145508,50.86688697876727,50.20304568543726,50.20304568543726,7873148
2023-12-22,51.28178405761719,51.44774515896084,50.82539340300567,50.949865020374595,18340964
2023-12-27,51.90413284301758,52.11158341646325,51.48923169612624,51.862643361417355,17552636
2023-12-28,52.402015686035156,52.526484129808495,52.153072467599465,52.277544076817314,23679787
2023-12-29,52.277549743652344,52.52648982362838,52.0700991494315,52.277549743652344,11249734
2024-01-02,52.23605728149414,52.60946896290369,51.90413508347573,52.60946896290369,11300472
2024-01-03,52.028602600097656,52.028602600097656,51.32326877623838,51.572211987861905,11954042
2024-01-04,51.613704681396484,51.77966577766325,51.24029300615742,51.48923306783526,15352782
2024-01-05,51.7381706237793,52.11158228093364,51.36476213206942,51.44774109346174,9448999
2024-01-08,51.987117767333984,52.60946952113873,51.696685049624946,52.27754731959831,18366385
2024-01-09,52.65095901489258,52.98287805105083,52.609469531053385,52.733937982570964,22773093
2024-01-10,52.19456481933594,52.567973313990215,52.07009321082151,52.15307217286813,14047387
2024-01-11,52.277549743652344,52.52648982362838,51.904138040965854,52.0700991494315,9479944
2024-01-12,51.0328369140625,51.157308514176954,50.70091475738682,51.0328369140625,25360105
2024-01-15,50.57645797729492,50.94986969824106,50.49347583628188,50.70092644064696,15966084
2024-01-16,49.041316986083984,49.53920028892708,49.041316986083984,49.45621815573087,32140858
2024-01-17,48.08704376220703,48.875356577740504,47.9625721514327,48.79237444874276,22319020
2024-01-18,48.58492660522461,48.87535932487419,47.962574847261585,48.08704646503208,19560544
2024-01-19,48.667911529541016,49.082812725307114,48.418968279725426,48.87536212742406,13658299
2024-01-22,48.543434143066406,48.99982477115163,48.0455540334179,48.99982477115163,16322492
2024-01-23,49.124298095703125,49.49770977369368,48.91684751520222,49.04131596423597,17567512
2024-01-24,49.74665069580078,49.829629663255446,49.04131681065731,49.04131681065731,15688743
2024-01-25,50.120059967041016,50.49346846805273,49.49770824476208,49.746648300584745,15648819
2024-01-26,50.3690071105957,50.410496598163625,50.07857436673023,50.161556507311076,11265141
2024-01-29,50.90837478637695,51.15731803292627,50.61794521932924,50.61794521932924,17498829
2024-01-30,50.90837478637695,51.03284640965161,50.41049462416805,50.78390632854716,17307137
2024-01-31,50.82539749145508,51.1158270680854,50.700925864073525,51.1158270680854,10601021
2024-02-01,50.53496170043945,50.99135233564025,50.41049008836442,50.90837020577537,12401886
2024-02-02,50.90837478637695,51.11582538153814,50.53496624744272,50.61794521932924,12338764
2024-02-05,50.659427642822266,50.90836768922188,50.16154755002302,50.36899811626345,13776855
2024-02-06,51.19880294799805,51.323271394715675,50.410490123674705,50.53496173583692,18917095
2024-02-07,51.57221984863281,51.904138905648765,51.28178711261834,51.44774822384876,18416220
2024-02-08,51.15731430053711,51.613704943504914,50.99135320342755,51.447743846395355,14559381
2024-02-09,50.90837478637695,50.949867437765086,50.327515652281534,50.6594347052725,8378605
2024-02-14,50.45198440551758,50.57645602952105,49.5392030476418,49.705164157831454,13618634
2024-02-15,50.90837478637695,51.11582538153814,50.244533514950135,50.286023000893394,10957515
2024-02-16,51.40625762939453,51.61370822259996,51.074335414087905,51.240296521741215,15013494
2024-02-19,51.779666900634766,52.07009645131682,51.73817425158473,51.86264586784544,25517362
2024-02-20,51.987117767333984,52.15307570265948,51.82115666656378,51.9456251180579,16713234
2024-02-21,49.99559020996094,52.65095828988597,49.829629111444746,52.56797615790554,71097052
2024-02-22,49.456214904785156,49.58068651367512,48.626412620037456,48.75088422892742,49445320
2024-02-23,49.16578674316406,49.33174783783328,48.792375071519466,48.916846683882525,34829496
2024-02-26,49.53919982910156,49.580689312592206,49.20727763028709,49.37323872969433,24469894
2024-02-27,49.49771499633789,49.49771499633789,49.16579276633653,49.290264393948284,25551648
2024-02-28,49.5806884765625,50.28601918034411,49.5806884765625,49.70516009038026,36228955
2024-02-29,49.99559020996094,50.49347034006484,49.912611243425175,49.912611243425175,25653195
2024-03-01,50.783897399902344,50.90836583584853,50.36899628252642,50.4934647184726,30001079
2024-03-04,50.3275146484375,50.57645472457653,50.20304302764558,50.49347258890031,32145143
2024-03-05,49.829627990722656,50.57645133452631,49.705159543718445,50.161550180289744,25881330
2024-03-06,50.20303726196289,50.57644891600853,50.037076175115445,50.24452674231364,27812425
2024-03-07,50.57160949707031,51.09029135231972,50.57160949707031,50.78772748637403,16713725
2024-03-08,50.830955505371094,51.21996858454034,50.830955505371094,50.91740468835267,15393017
2024-03-11,50.44193649291992,50.78772658877405,50.39871355536284,50.65805447840406,15094282
2024-03-12,50.7877311706543,50.917403292722824,50.22582303862276,50.31227221923479,24073029
2024-03-13,51.26319122314453,51.69542724239145,50.91740438636647,50.91740438636647,17936453
2024-03-14,51.04706954956055,51.39285965921826,51.00384661027805,51.17674166510691,9212019
2024-03-15,50.61483383178711,50.78772888753979,50.312269957494095,50.7012830085129,15941514
2024-03-18,51.52253341674805,51.60898260130016,51.17674657163718,51.30641540191655,18151375
2024-03-19,51.43608856201172,51.56576069259229,51.30641643143114,51.52253445059926,12611322
2024-03-20,51.52253341674805,51.73865143157954,51.52253341674805,51.695428488153084,10591308
2024-03-21,52.64634704589844,52.81923881078295,51.99799303448441,51.99799303448441,32880101
2024-03-22,52.689571380615234,53.12180739965605,52.30055830393867,52.90568939013564,23199039
2024-03-25,52.90568542480469,53.25147223550082,52.77601330973184,52.992131303054,17877422
2024-03-26,53.38114929199219,53.59726730532009,53.20825422179003,53.20825422179003,23896222
2024-03-27,52.81924057006836,53.42437166041676,52.81924057006836,53.25147659207448,25255202
2024-03-28,52.862464904785156,53.25147467240791,52.68956984267559,52.8192386659835,11974126
2024-04-02,53.51081466674805,53.899824403491316,53.07857869463441,53.07857869463441,28990927
2024-04-03,53.07857894897461,53.07857894897461,52.776011788425976,53.03535271339711,16279531
2024-04-05,54.24562454223633,54.46174256830101,54.0727294618447,54.33207043358245,34483646
2024-04-08,54.63462829589844,54.89396922324013,54.46173324510438,54.59140535762463,26942787
2024-04-09,55.239768981933594,55.45588700878356,55.02365095508362,55.15331979257397,23874492
2024-04-10,56.01778793334961,56.190679694249674,55.239761818503496,55.326207698953525,31018719
2024-04-11,56.061012268066406,56.1906843972937,55.75844836346836,56.1906843972937,21292507
2024-04-12,55.153316497802734,55.23976568199802,54.46173951273639,55.153316497802734,24244587
2024-04-15,55.196533203125,55.23975943918711,54.54817923457914,54.76429722409442,14775461
2024-04-16,53.94305419921875,54.54818196195856,53.7701591394221,54.332063961637495,26138092
2024-04-17,53.72694396972656,53.72694396972656,53.33793085334369,53.42437674689568,16830313
2024-04-18,54.159175872802734,54.28884470317058,53.424372643254806,53.72693984284485,17710630
2024-04-19,53.46759033203125,53.640485386562496,52.94890846613641,53.55403950814631,27750546
2024-04-22,54.807533264160156,54.937202102445276,54.332070964016495,54.54818899219111,27849271
2024-04-23,55.542327880859375,55.93133765587344,55.326209873540854,55.80167212780086,30252026
2024-04-24,55.931339263916016,56.10423763198061,55.758447491249775,56.06101139111487,30289113
2024-04-25,55.97455978393555,56.10423189788134,55.54232380104801,55.71521555604395,19488176
2024-04-26,56.14745330810547,56.19067954591534,55.84488942963012,56.017787785471675,24404160
2024-04-29,56.666141510009766,56.70936115221563,56.10423339815059,56.23390551556392,31462055
2024-04-30,57.91961669921875,57.96284293192926,56.3635646572003,56.53646299264519,39704597
2024-05-02,59.86467742919922,59.86467742919922,58.74086135193632,58.78408758390682,43579704
2024-05-03,59.95114517211914,60.03759107220465,59.69180747186261,59.9943714198616,19885139
2024-05-06,59.82145690917969,60.037574898873835,59.47567340198717,59.951129022075705,22339805
2024-05-07,60.25369644165039,60.383368562193,59.69179491162912,59.994358795963194,28297946
2024-05-08,60.81560516357422,61.11816905087596,60.34014951078522,60.513041276272475,49459810
2024-05-09,60.60980987548828,61.370795261742785,60.43075850835301,60.87839375656303,53440647
2024-05-10,60.87840270996094,61.057454103429336,60.2069497388952,60.60981878938551,35328064
2024-05-13,60.96792221069336,60.96792221069336,60.43076125450552,60.74410457641741,16953835
2024-05-14,61.72890090942383,61.99748480317489,61.012688576707916,61.05744800541832,25064742
2024-05-16,62.758460998535156,62.758460998535156,61.863190494047146,62.08700812016915,36702753
2024-05-17,61.37078857421875,61.77365752155874,60.74409519679188,61.77365752155874,36779017
2024-05-20,61.639366149902344,61.99747567874187,61.236497198939844,61.37078912605106,18311487
2024-05-21,61.415550231933594,61.773659770591,61.146973200719046,61.415550231933594,13259025
2024-05-22,62.221290588378906,62.221290588378906,61.7288891537326,61.99747299633438,19367138
2024-05-23,61.773658752441406,62.04224260960051,61.54984114826589,61.68413307684544,12404031
2024-05-24,61.32602310180664,61.77365830692931,61.012679824295,61.46031502941767,14112421
2024-05-27,61.684139251708984,62.08700824740544,61.59461356715109,61.773664936266876,11012694
2024-05-28,61.684139251708984,61.90795687828966,61.37079594057042,61.684139251708984,11863527
2024-05-29,61.32602310180664,61.46031502941767,61.012679824295,61.32602310180664,13936381
2024-05-30,61.01268005371094,61.28125707957172,60.520278594076025,61.14697198182693,21147727
2024-05-31,61.460323333740234,61.86319234063655,61.28126512927469,61.549849020786965,13444621
2024-06-03,61.907955169677734,62.48988234880113,61.907955169677734,62.087006533851834,14642150
2024-06-04,61.32602310180664,62.221293512051986,61.32602310180664,61.99747590949065,12942557
2024-06-05,60.96792221069336,61.773667060161195,60.69934514778551,61.50508316688121,17486418
2024-06-06,61.32602310180664,61.54984070436797,61.057439246584565,61.057439246584565,15135605
2024-06-07,61.54984664916992,61.952715640543026,61.46032096557277,61.77366427334872,25593633
2024-06-11,61.32602310180664,61.639366379318275,60.9231541493447,61.32602310180664,19300273
2024-06-12,61.01268005371094,61.01268005371094,59.893592036696326,60.38598666596003,21324484
2024-06-13,60.78886413574219,61.01268174535068,60.34122891652519,60.878389813511305,13649626
2024-06-14,60.11741256713867,60.565047795739304,59.84882869782969,60.206938246784496,15918209
2024-06-17,60.52028274536133,60.87839230144416,59.8488298890954,60.117413763750434,12501801
2024-06-18,60.8336181640625,61.14696825402026,60.3859829845466,60.52027490447553,12322662
2024-06-19,61.37078857421875,61.63936559565505,60.609803270888186,61.146970974502956,17424979
2024-06-20,61.32602310180664,61.68413263197901,61.057439246584565,61.415548776756935,11167283
2024-06-21,61.01268005371094,61.46031526051678,60.78886245030802,61.415549007687716,16651890
2024-06-24,60.74409484863281,60.78886110046782,60.16216772663289,60.69933542716884,19855470
2024-06-25,61.23651123046875,61.41556262073017,60.833635356821475,61.23651123046875,17757619
2024-06-26,61.146976470947266,61.50507919838518,60.83362633888154,60.83362633888154,14110286
2024-06-27,61.146976470947266,61.146976470947266,60.47552361144362,60.69934123127817,15372794
2024-06-28,61.146976470947266,61.54984545450077,60.788866913137646,61.057443958716085,13323685
2024-07-02,61.10221481323242,61.50508382710485,60.87839717655392,60.87839717655392,19290655
2024-07-03,61.01268005371094,61.639366611090644,61.01268005371094,61.32602333240079,14540763
2024-07-04,61.639366149902344,61.99747567874187,61.01267959721154,61.01267959721154,18882109
2024-07-05,60.699337005615234,61.99747637813528,60.65457075261611,61.99747637813528,23812581
2024-07-08,60.0726432800293,60.69933666666143,59.71453374914967,60.69933666666143,30290715
2024-07-09,59.75930404663086,60.296464964121746,59.44596074729214,60.117413601748666,27447629
2024-07-10,59.535484313964844,60.02788578855973,59.44595863595798,59.535484313964844,14625523
2024-07-11,60.20694351196289,60.47552740475991,59.893600190614464,60.11741782448793,11811664
2024-07-12,60.78886413574219,60.92315606758156,60.38598834022406,60.47552084836457,17675651
2024-07-15,60.43075942993164,60.74410274238283,60.02789043254754,60.74410274238283,10484128
2024-07-16,60.0726432800293,60.34122713578181,59.98311760490218,60.0726432800293,12063903
2024-07-17,60.16217041015625,60.430754272404364,59.98311905557174,59.98311905557174,9031967
2024-07-18,60.699337005615234,61.05743970812337,60.34122747273588,60.34122747273588,11465970
2024-07-19,59.40119934082031,60.25171045745434,59.311673652325204,60.25171045745434,22938967
2024-07-22,60.0726432800293,60.1621689551564,59.132613445637865,59.4011904710192,11879329
2024-07-23,59.80406951904297,60.385989854318794,59.75930326385026,60.16217223909838,11089428
2024-07-24,59.66978073120117,60.11741598525314,59.35643741943918,60.11741598525314,11104661
2024-07-25,59.087852478027344,59.93835671336538,58.953560538139286,59.66977966396106,13669321
2024-07-26,59.311668395996094,59.490719757118384,58.908799418285135,59.26690214052972,11169474
2024-07-29,60.251708984375,60.43076035698763,59.75930746413221,59.84883315043853,14754837
2024-07-30,59.84883499145508,60.07265262929176,59.177382077945026,59.80407556211109,19134790
2024-07-31,62.62417221069336,62.62417221069336,60.520287785264166,60.520287785264166,56335320
2024-08-01,61.10221481323242,62.66893826998197,60.9231634360385,62.66893826998197,33182376
2024-08-02,58.86403274536133,59.132616615511594,58.37163126020968,58.90879900051022,52751180
2024-08-05,55.55154037475586,57.1630267812275,54.7457988791132,57.1630267812275,78051535
2024-08-06,56.22298049926758,56.849670462999164,55.95440006200705,56.40203526250311,28434786
2024-08-07,56.44680404663086,56.71538451218845,55.864880273787065,56.17822358107327,21310804
2024-08-08,56.26775360107422,56.53633750251742,55.77535547373863,56.40204555179582,20331304
2024-08-09,57.25254440307617,57.70017620071335,56.80490919025335,56.80490919025335,22128125
2024-08-12,57.61065673828125,57.744948682687486,57.207787735434565,57.29731342158138,14396811
2024-08-13,57.7001838684082,57.87924207555489,57.43160680324646,57.744950127787924,8689897
2024-08-14,58.05829620361328,58.237354419245236,57.83447855685272,58.1030624651144,10939047
2024-08-15,58.53771209716797,58.718947556306624,57.85809468060621,58.17524809231652,14660551
2024-08-16,59.80634307861328,59.8969573672591,59.21733983227485,59.2626504333113,20655114
2024-08-19,60.03287124633789,60.30472097584257,59.715717837532964,60.03287124633789,10812337
2024-08-20,60.440643310546875,60.80310733836507,60.35002903194891,60.576568185156994,15217398
2024-08-21,59.98756408691406,60.0328746822334,59.443871510213036,59.89694980970159,8108865
2024-08-22,60.53126525878906,60.53126525878906,60.032876350134366,60.53126525878906,8923564
2024-08-23,60.57656478881836,60.71248965580759,60.21410078132238,60.395336241783326,8495221
2024-08-26,61.02964782714844,61.3468012658951,60.93903354656746,60.98434414357118,12054977
2024-08-27,61.61863708496094,61.70925134504796,61.120248284344974,61.165558871100934,16925486
2024-08-28,61.709266662597656,62.11704130434492,61.61865238001825,61.84519154318008,16090245
2024-08-29,61.84518814086914,61.93580241846356,61.16557068877168,61.61864899016999,16398847
2024-08-30,62.16232681274414,62.47948016575019,61.43740585064812,61.61863436281598,24198425
2024-09-02,61.93579864501953,61.935798645019524,61.43741669190109,61.43741669190109,17248746
2024-09-03,61.57333755493164,62.16234072140195,61.482723278573005,61.84518729743367,7373698
2024-09-04,60.75779724121094,60.98433637050192,60.259408391400555,60.93902577927349,18280522
2024-09-05,61.16556930541992,61.21087989990548,60.66718041978311,61.120258710934365,12106503
2024-09-09,60.75779724121094,60.75779724121094,60.16879412236928,60.21409780017213,18888242
2024-09-10,61.16556930541992,61.39210845099555,60.93903015984429,60.98434075432985,16977154
2024-09-11,60.30471420288086,60.531253314216364,59.57978628123724,60.21409302760664,22350902
2024-09-12,60.66717529296875,60.89371441940019,59.98755791367444,60.078179094987405,13728293
2024-09-13,60.98434066772461,61.43741895823244,60.71249092804949,61.029644348719756,12044509
2024-09-16,60.93902587890625,60.98433647020876,60.53125821088604,60.803101018424314,12030207
2024-09-17,61.75457000732422,61.84518427926069,60.93902773304442,61.07495259766202,19036822
2024-09-19,62.117034912109375,62.434188325213526,61.5733354457298,61.61864603907007,22332114
2024-09-20,62.4794921875,62.88726678847494,62.34357423393428,62.38887791398088,29810317
2024-09-23,62.4794921875,62.93257046852154,62.162338773470104,62.162338773470104,20309425
2024-09-24,63.521568298339844,63.521568298339844,63.11380064493022,63.34033976647453,54986765
2024-09-25,63.34034729003906,64.06526841703176,63.02319386489062,63.884039863640126,30430898
2024-09-26,63.43096160888672,63.476272203977814,62.660729886321185,62.88726903492435,34143710
2024-09-27,63.97465515136719,64.20119430339994,63.43096256917381,63.61219112542951,45551531
2024-09-30,63.83873748779297,64.33712644392659,63.385659132554046,63.83873748779297,36627980
2024-10-02,63.29502868652344,63.34033927585147,62.16233308757554,62.84195044694428,44965355
2024-10-03,62.88726043701172,63.52156720100803,62.660721319380855,63.295028083377176,28395539
2024-10-04,63.43096160888672,63.52157588564275,62.70603356798612,62.88726903492435,25432846
2024-10-07,63.74810028076172,64.3371033134998,63.43094692880262,63.702796609581604,28464373
2024-10-08,62.02642059326172,64.06527307765796,61.75457774339822,63.92935510943955,49019519
2024-10-09,61.437416076660156,62.34357261517476,61.07495207856917,61.89049434591746,40392267
2024-10-10,61.75457000732422,62.298262552368826,61.52803087077015,61.52803087077015,25163109
2024-10-14,61.79987335205078,62.29826221514222,61.3014914023851,62.02641248737857,18799525
2024-10-15,61.25618362426758,62.16234020721067,61.02964447853181,61.89049738038339,25680354
2024-10-16,61.34679412841797,61.75456871372897,61.165565588341295,61.21087618007329,14570282
2024-10-17,61.57333755493164,62.16234072140195,61.165569854604726,61.75457302107504,13061223
2024-10-18,62.252952575683594,62.660727173571345,61.98110975718429,61.98110975718429,19464178
2024-10-21,62.071720123291016,62.38887351495851,61.845180998753456,62.16233439042095,12089540
2024-10-22,61.84518814086914,62.16234156916271,61.573338394659665,61.79987754535882,9814428
2024-10-23,62.343563079833984,62.61540585175504,62.0264028091224,62.16232765179527,12543650
2024-10-24,62.298255920410156,62.34356650826775,61.754563433244314,62.25294533255256,8408504
2024-10-25,62.388877868652344,62.66072760243813,62.026413861413275,62.25295300175946,6907348
2024-10-28,62.57011413574219,62.660728410363824,62.07172525518418,62.29826439845127,7067319
2024-10-29,64.88080596923828,64.88080596923828,62.97787864467426,63.1591071847563,53518755
2024-10-30,65.10735321044922,65.51512784656234,64.47304632773083,65.24327808915359,29668622
2024-10-31,65.33389282226562,65.5151282996002,64.699585935161,64.79020021711501,31326048
2024-11-01,64.88080596923828,65.152655692787,64.65426683742291,64.79019169919727,12744884
2024-11-04,65.19795227050781,65.24326285730646,64.65425979604858,64.69957038284721,10916486
2024-11-05,65.60574340820312,65.60574340820312,65.01674019794063,65.2432793623934,13616661
2024-11-06,65.5604248046875,65.7869639414787,64.74488252955403,65.65103907671882,27558695
2024-11-07,66.27244567871094,66.40984675936319,65.4022504820954,65.49384887302715,21602026
2024-11-08,65.40225219726562,66.22665171428974,65.40225219726562,66.13504633244638,13611484
2024-11-11,64.48625183105469,64.48625183105469,63.47865556573539,63.6160496562491,19276724
2024-11-12,63.61604690551758,64.4404463554991,63.52444851963271,64.11984851064764,18903390
2024-11-13,63.61604690551758,63.70765227991132,62.92904852861778,63.20385067478125,15775499
2024-11-14,63.341251373291016,64.02824974612821,63.341251373291016,63.5244481439774,13077120
2024-11-15,63.845054626464844,64.21145520592789,63.616055137864166,63.845054626464844,11094803
2024-11-18,64.6236572265625,65.08165619489105,64.34885505016152,64.89845241445384,15540237
2024-11-19,65.6312484741211,65.6312484741211,65.12744685259001,65.40224900769952,14972878
2024-11-20,65.53964233398438,65.53964233398438,65.08164345530805,65.26484021137527,8322727
2024-11-21,65.3106460571289,65.63124389002472,65.1732449891711,65.58544120453591,7857831
2024-11-22,65.26484680175781,65.72284572668244,64.85265056472926,65.49384626422012,12509160
2024-11-25,65.12744140625,65.44803923472809,64.85264626262958,65.17324409110766,13670620
2024-11-26,65.53964233398438,65.58543802874703,65.21903752810434,65.40224127267983,9056114
2024-11-27,65.95184326171875,66.08924433288243,65.44804166362155,65.67704111939142,12782030
2024-11-28,66.04344940185547,66.13504779721812,65.67704883189525,65.95185100649282,9553098
2024-11-29,66.40984344482422,66.5930402175443,65.90604183708061,65.95184452451508,13325456
2024-12-02,66.45565032958984,66.684649804208,66.27244655678972,66.684649804208,8795497
2024-12-03,67.32584381103516,67.32584381103516,66.31824754625892,66.31824754625892,18941374
2024-12-04,67.41743469238281,67.50903307197744,66.95943580590125,67.0510341854959,10232457
2024-12-05,67.55484008789062,67.55484008789062,66.91364440110402,67.14264385902906,7470677
2024-12-06,68.28763580322266,68.42502987641565,67.60063748322447,67.78383423982066,26236720
2024-12-09,68.05863952636719,68.19603360594581,67.09683903826506,67.41743687146288,17252778
2024-12-10,67.96703338623047,68.51663765236049,67.82963930820651,68.28763820430916,18387826
2024-12-11,68.15023803710938,68.42503318529212,67.82964020330851,68.15023803710938,10394553
2024-12-12,68.60823822021484,68.60823822021484,68.15023930951716,68.56243553374156,10718800
2024-12-13,68.33344268798828,68.51664646309311,68.01284481719162,68.51664646309311,13707966
2024-12-16,68.69983673095703,68.69983673095703,68.2876405059748,68.51663996174466,10503034
2024-12-17,68.8830337524414,68.8830337524414,68.24183806934106,68.3334364542827,11007564
2024-12-18,68.69983673095703,68.9288361867269,68.33343620402351,68.51663996174466,8120910
2024-12-19,68.10443878173828,68.51664200753699,67.78384093178973,67.8296436197148,15498438
2024-12-20,67.87544250488281,68.60824361502429,67.87544250488281,68.10444197823837,11795582
2024-12-23,68.65403747558594,68.83724124246324,67.87544068475754,67.87544068475754,11245825
2024-12-24,68.79144287109375,68.79144287109375,68.79144287109375,68.79144287109375,0
2024-12-27,68.9288330078125,69.20363513746629,68.51663680184026,69.15783245302119,11697634
2024-12-30,69.3410415649414,69.52424534684603,69.02044368224546,69.1578447715465,13671375
2024-12-31,69.43263244628906,69.43263244628906,69.43263244628906,69.43263244628906,0
2025-01-02,69.3410415649414,69.47844265424244,68.37924791685354,69.43264695014857,15851617
2025-01-03,68.69983673095703,69.3868350982666,68.60823834635084,68.97463887328438,11755463
2025-01-06,69.2036361694336,69.2952345511813,68.83723565393424,69.15783348430547,12886461
2025-01-07,68.97463989257812,69.52423719684587,68.60823936023,69.15783666449775,18577225
2025-01-08,69.57003784179688,69.57003784179688,68.47084315511188,68.97464479647297,18019505
2025-01-09,69.24943542480469,69.79903273204343,69.24943542480469,69.52423757267852,12063607
2025-01-10,70.07383728027344,70.16543566986607,69.84483781203724,70.07383728027344,22361611
2025-01-13,68.97463989257812,69.70743396876549,68.56243667299566,69.61583558280567,14415841
2025-01-14,69.57003784179688,69.57003784179688,69.06624318894517,69.11203889092657,12841705
2025-01-15,69.61582946777344,69.61582946777344,69.02042952857109,69.3868300287347,11891439
2025-01-16,70.85242462158203,70.98982568189379,69.84482849347616,70.48602412358674,23222162
2025-01-17,71.08142852783203,71.44782904886127,70.80663337844162,71.21882959678157,12189547
2025-01-20,71.76842498779297,71.81422767240217,71.17302503041583,71.44782716105404,14442370
2025-01-21,72.22642517089844,72.3638262386736,71.95163002385675,72.18062947397912,12526437
2025-01-22,72.59282684326172,72.68442522706567,72.22642631953721,72.36382738949749,13195031
2025-01-23,72.0432357788086,72.5928331176441,71.72263791353033,72.27223525236583,12912877
2025-01-24,73.18822479248047,73.27982317374594,72.63862751637907,72.86762696379704,21067554
2025-01-27,72.7760238647461,73.1882270760649,72.547024410183,72.63862978281523,13218510
2025-01-28,73.23401641845703,73.23401641845703,73.23401641845703,73.23401641845703,0
2025-02-03,73.18822479248047,73.5088226211639,72.73022589764456,73.27982317374594,21017476
2025-02-04,73.32563018798828,73.73782642227444,72.77602589092815,73.09663072704954,23544590
2025-02-05,73.46302032470703,73.6920197733358,73.18822517945765,73.50882300983622,10753092
2025-02-06,73.87522888183594,74.0126299586775,73.55463102821169,73.73782780499438,14946253
2025-02-07,74.92861938476562,75.06601345763143,74.19581838310938,74.3790151392693,25317199
2025-02-10,75.66141510009766,75.66141510009766,75.11181783074511,75.29501459102649,24215871
2025-02-11,76.7606201171875,76.7606201171875,76.11941745003392,76.34841690505118,24827354
2025-02-12,77.35601806640625,77.6766229147818,76.98962450570711,77.31022236557345,31516140
2025-02-13,77.722412109375,78.22621369592626,77.63081372686803,77.90561586289756,38040116
2025-02-14,77.40180969238281,78.13461068605719,77.12700757262787,78.04300532046673,30988448
2025-02-17,78.31781005859375,78.31781005859375,76.94381339089912,77.85981116936222,31953730
2025-02-18,79.87500762939453,79.87500762939453,78.77581303363111,78.91321410522873,35657488
2025-02-19,80.97421264648438,81.34061319010829,79.41701208321001,80.37881263665915,40187102
2025-02-20,79.8292236328125,80.33301831783983,79.32542195927533,80.24141991951757,19478888
2025-02-21,79.41700744628906,79.87500635195049,79.18800799345834,79.23381067942796,20683604
2025-02-24,78.59261322021484,79.55440670713364,77.76821381106406,79.41700564085708,32915133
2025-02-25,79.78340911865234,80.05821126141414,78.82161559600364,78.82161559600364,18141190
2025-02-26,81.29480743408203,81.79860903611932,80.6994074467222,81.47800420472713,27976258
2025-02-27,81.89021301269531,81.98181140427197,81.38641137625974,81.61541084945604,27289916
2025-02-28,81.7528076171875,82.30240492615587,81.34061138258845,81.84440600393074,22619169
2025-03-03,83.58480072021484,84.36339746620826,83.4932023363054,83.90539855815229,34059748
2025-03-04,84.3176040649414,84.82139868441884,83.8596051444116,84.40920245134558,34717901
2025-03-05,84.18020629882812,84.22600199957523,82.76040679399304,84.18020629882812,31035361
2025-03-06,85.02191925048828,85.16362389071858,84.0772312588162,84.73850997002769,31682508
2025-03-07,83.08531951904297,84.03000766460296,83.08531951904297,83.79383562821297,37461271
2025-03-10,83.1797866821289,83.98277009277078,82.94361466679906,83.22701676075611,25392044
2025-03-11,80.48741149902344,81.526574023394,79.87337008949179,80.62911613483735,32927567
2025-03-12,80.3457260131836,80.44019338196875,79.30656333435205,79.58997264810579,27348802
2025-03-13,80.91252899169922,81.5738077116025,80.34571763072535,80.77082434960637,16773803
2025-03-14,80.72358703613281,81.24316832114565,80.25124303426568,80.91252896131816,19527983
2025-03-17,82.80191040039062,83.41595908457748,82.42403373262964,82.42403373262964,20789698
2025-03-18,84.12446594238281,84.31340065192124,83.65212196113956,83.65212196113956,18279111
2025-03-19,84.78575897216797,85.02193100273111,84.59682423067682,85.02193100273111,18366668
2025-03-20,84.8329849243164,85.44702635580249,84.8329849243164,85.02191964055866,18680778
2025-03-21,83.6993637084961,84.17170775561786,83.55765905287993,83.65213362822283,17088782
2025-03-24,84.26617431640625,84.26617431640625,83.60489553972921,83.69936290676907,10256298
2025-03-25,83.32148742675781,83.98277342032148,83.32148742675781,83.79383147613262,11464264
2025-03-26,84.54956817626953,84.88020750419457,84.07722421997752,84.83297743300345,11453325
2025-03-27,84.45511627197266,85.30533699026932,84.45511627197266,84.54958363902827,21262648
2025-03-28,84.5023422241211,85.16362817600476,84.12447277435643,85.1163908910853,11988204
2025-03-31,83.27424621582031,84.17169690671987,83.03807422269966,83.41595085317215,13507844
2025-04-01,83.841064453125,84.21894111467499,83.1797857009609,83.46318779157501,10222759
2025-04-02,83.13256072998047,84.03001162762865,83.13256072998047,83.55766753257194,9779227
2025-04-03,81.33763885498047,82.66020355331302,80.95976219725719,82.61296626832346,28052649
2025-04-07,69.34009552001953,71.13500402892707,68.20646567931097,69.43456287156268,128340513
2025-04-08,68.67882537841797,71.60736439894852,68.15925122220021,71.0405457450403,68246384
2025-04-09,67.73412322998047,68.0175324983491,66.17539387614431,66.55326329077302,58444722
2025-04-10,71.51289367675781,72.45758187437627,69.90692662376601,70.66268006482038,60984287
2025-04-11,71.3239517211914,71.79629577232512,69.71798483029606,69.95415685586292,28325901
2025-04-14,74.15801239013672,74.15801239013672,72.8354476703617,72.92991503447466,25547017
2025-04-15,74.44142150878906,74.63035623655537,74.01630756021807,74.63035623655537,15653353
2025-04-16,75.14994049072266,75.85845655867769,74.48865450285906,75.24440785830369,22685876
2025-04-17,76.33080291748047,76.4252702879247,75.62228682805113,75.66951690957406,22247386
2025-04-22,77.79505920410156,77.79505920410156,75.66951109903104,75.66951109903104,22003396
2025-04-23,81.14871978759766,81.52659651823286,78.88146661118554,78.88146661118554,33409268
2025-04-24,80.6763687133789,81.62105685473604,79.87338523470504,81.52658948208003,16529240
2025-04-25,80.62911987304688,81.38487316082862,80.34571779567685,81.10146387606109,18200727
2025-04-28,81.00699615478516,81.62104479743795,80.8652915130349,81.0542334378344,14467986
2025-04-29,83.46318817138672,83.69936018500547,80.5818939296767,81.76275399777045,36056898
2025-04-30,82.2823257446289,84.26616916067897,82.09339102210896,83.65212770879032,23899384
2025-05-02,81.43211364746094,81.80999033966184,80.15678611775655,81.24317890505971,19542978
2025-05-06,82.32957458496094,83.27426274495498,82.04616525400326,82.28233729400176,14481062
2025-05-07,82.99085235595703,83.32149176625992,82.56574557233881,83.27426168330157,17158298
2025-05-08,82.30834197998047,83.49983508123177,82.16536135337095,82.16536135337095,18530656
2025-05-09,83.40451049804688,83.49982848415684,82.64195206457482,83.02323128131084,12042335
2025-05-12,85.7874984741211,86.35941367615597,83.54749302397832,83.88110961914063,33752661
2025-05-13,85.45386505126953,85.64450099030876,84.97726793137656,85.31088446084266,17137129
2025-05-14,86.55005645751953,86.6930298030337,85.73983538069228,86.16877723412371,23987948
2025-05-15,86.35940551757812,86.55004874844346,85.31089320085358,85.31089320085358,16199823
2025-05-16,86.83600616455078,86.93132414765363,86.2640909936378,86.55005221524226,18235646
2025-05-19,87.21729278564453,87.21729278564453,86.12111770601045,86.59771493434731,15112594
2025-05-20,88.45645141601562,88.45645141601562,87.21729567240696,87.50325692779259,26316884
2025-05-21,88.2181396484375,89.07600874216837,87.78919782927633,88.50409358891588,18516840
2025-05-22,88.26579284667969,88.83770798596446,87.55089710449984,87.97983891318509,26336292
2025-05-23,88.7900619506836,89.12367854425094,88.40878272705106,88.93304256858283,15041226
2025-05-26,88.4087905883789,89.02836847283773,87.97985596883656,87.97985596883656,13750524
2025-05-27,88.07516479492188,88.74239797191599,87.83686619281023,88.64707998553058,14437342
2025-05-28,87.64622497558594,88.26580280987042,87.21729039077934,87.74155023647307,15137296
2025-05-29,87.93218231201172,88.21814353739197,87.26494914918587,87.36026713354727,14124966
2025-05-30,88.1228256225586,88.1228256225586,87.31261177954084,87.45559240414319,12369100
2025-06-02,88.17047882080078,88.3134594301045,86.64536929025151,87.4079204193782,13354599
2025-06-03,87.83686828613281,89.36197792153439,87.74155029747578,88.55176410950509,18695907
2025-06-04,88.7900619506836,88.7900619506836,88.02750350341854,88.1228214912526,9826531
2025-06-05,88.69473266601562,89.12366719278467,88.36110884264482,88.69473266601562,9923557
2025-06-06,88.8853759765625,88.8853759765625,88.2657981748136,88.55175939786571,12806961
2025-06-09,89.40963745117188,89.40963745117188,88.74239700912067,88.88537762329564,14592970
2025-06-10,89.4572982788086,90.07687612992879,88.98070105060792,89.5049609105473,13334320
2025-06-11,88.93303680419922,89.50495196642996,88.74239356859174,88.79005619556757,15503955
2025-06-12,88.2181396484375,88.9806907620089,88.17047702220991,88.74239217546238,14256583
2025-06-13,87.93218231201172,88.9806946845792,87.07430590816702,88.36111687778603,20495138
2025-06-16,88.4087905883789,88.64708921530176,87.07431682315153,87.50325871499085,13500937
2025-06-17,87.78919982910156,88.55175823233967,87.55090123712665,88.55175823233967,9675373
2025-06-18,87.50324249267578,87.83685905405888,87.12196330582556,87.2172812844642,11095459
2025-06-19,86.93132019042969,88.02749512695296,86.740684232902,87.45557998207427,11714163
2025-06-20,87.93218231201172,88.0275002963731,86.78835195508283,86.78835195508283,11784876
2025-06-23,87.50324249267578,87.69387844995309,86.78834674444248,87.16961865899708,11873908
2025-06-24,89.69559478759766,90.07687401566822,87.59856994165409,87.64622529997767,29990019
2025-06-25,91.12538146972656,92.26921909156675,90.02920647590739,90.0768691039284,36558811
2025-06-26,90.93474578857422,91.41134298110103,90.74410254818588,90.74410254818588,10230801
2025-06-27,90.553466796875,90.79176539370889,90.07686960320724,90.64878478114935,14778679
2025-06-30,90.50579833984375,91.69729124727874,90.31516238357239,90.55346096505939,12569111
2025-07-02,90.7917709350586,90.93475155634475,89.88623912074038,90.12453773211848,11853028
2025-07-03,90.41047668457031,90.74409323062429,89.98154216425739,90.55345728210638,6747352
2025-07-04,90.36283111572266,90.64878506945514,89.88623392053908,90.60112971331444,8201986
2025-07-07,90.7917709350586,91.03006954643669,90.21985572221044,90.3628363434966,10977288
2025-07-08,91.74495697021484,91.74495697021484,90.93474322026172,91.03006120161577,11683595
2025-07-09,92.17389678955078,92.17389678955078,90.98240377380014,91.50666360964892,16170576
2025-07-10,92.50751495361328,92.69815091547228,92.07857313098683,92.22155373852898,11785206
2025-07-11,92.50751495361328,93.93730648444318,92.45985232700063,92.84113152301443,18147678
2025-07-14,92.07858276367188,92.45986199957272,91.4113495550678,91.4113495550678,12074680
2025-07-15,93.07942199707031,93.41303853738766,92.50750688905553,92.74580545675295,11213353
2025-07-16,92.6504898071289,93.74666478652074,92.22155524976927,92.36453585965445,15036067
2025-07-17,93.07942199707031,93.55601913246514,92.93644140199282,93.1270773472327,9256646
2025-07-18,93.5560302734375,93.93730948161642,93.31773167736267,93.88964685348306,9850347
2025-07-21,93.84197998046875,94.12794119174168,93.22240947653688,93.41304543585504,9574689
2025-07-22,95.0334701538086,95.31943135679718,94.5092176447235,94.6045356216212,22106011
2025-07-23,95.31944274902344,95.31944274902344,94.65220955869881,95.31944274902344,16360291
2025-07-24,97.41646575927734,97.51179101808124,95.60540219874277,96.08199940357738,33187425
2025-07-25,96.27262878417969,97.2258231285775,95.98666757194205,96.65390797639796,14535176
2025-07-28,96.36795043945312,96.5585936789809,95.60539929823003,96.27263245583724,14686159
2025-07-29,96.08199310302734,96.08199310302734,95.17645410984431,96.08199310302734,14862211
2025-07-30,92.41218566894531,96.84454067561755,91.69728993471738,96.65390472207497,56520842
2025-07-31,91.64964294433594,91.93559690073945,89.88623476014439,91.17304574470059,34503819
2025-08-01,90.7917709350586,91.45900413799869,90.55347232368048,91.03006954643669,19756441
2025-08-04,91.88793182373047,91.88793182373047,90.83941954990946,91.12537347606317,16028330
2025-08-05,91.79261779785156,92.26921496757603,91.31602062812709,91.88793577733732,13480211
2025-08-06,92.45985412597656,92.74581534662477,91.8402763294361,91.9832569397602,13772041
2025-08-07,94.22325897216797,94.3662395775021,92.84113008929454,92.84113008929454,15267224
2025-08-08,93.60368347167969,93.84198206226165,92.98411295400324,93.79432670752277,12885779
2025-08-11,95.27178192138672,95.27178192138672,94.36625010705579,94.36625010705579,13584184
2025-08-12,95.51007843017578,95.70072167846195,94.93816322990993,95.1764618360454,11004355
2025-08-13,96.74922943115234,97.51178784297637,96.27263224183632,96.27263224183632,21987350
2025-08-14,96.43962860107422,96.91990562864088,95.86329763368339,96.91990562864088,14076706
2025-08-15,96.34357452392578,97.11201336986962,95.67118228922335,97.01595943018238,16326150
2025-08-18,94.56653594970703,96.00736691285205,94.56653594970703,95.9113129809981,17001072
2025-08-19,95.14289093017578,95.47908341501225,94.56655258080292,95.0948602915792,12049108
2025-08-20,95.57512664794922,95.67118058592636,94.66260324449784,95.19090356759496,9352354
2025-08-21,96.91990661621094,97.4001836486714,96.24751437369873,97.11201449781676,19558846
2025-08-22,97.30413055419922,97.40018449583759,96.72779224747705,97.01596140083814,14975835
2025-08-25,97.49623107910156,98.07256201388007,97.30412321032388,97.78440021071354,14346189
2025-08-26,96.24751281738281,97.59228995221635,96.05540493888337,97.11201292752193,12303465
2025-08-27,96.15145874023438,97.01595884913364,96.15145874023438,96.91990491002167,14979114
2025-08-28,96.6317367553711,96.72779069546826,95.7192133317792,95.95935184624506,14584101
2025-08-29,95.81526184082031,96.82384647578608,95.47906940531355,96.34356947407771,16072520
2025-09-01,96.05540466308594,96.53568168640138,95.67118157874444,95.81526615142823,10280357
2025-09-02,95.81526184082031,96.82384647578608,95.76723120927129,96.34356947407771,11792675
2025-09-03,95.23893737792969,96.34357602263125,94.85471428475793,95.6711837774692,15814228
2025-09-04,95.67118072509766,96.43962688692403,95.43104221558262,96.05540380601084,13580907
2025-09-05,98.07256317138672,98.07256317138672,96.34357034664467,96.53567821768972,28230410
2025-09-08,97.68834686279297,97.88046207558168,96.91990799697625,97.88046207558168,12378408
2025-09-09,98.36073303222656,98.45678696845789,97.68834082171608,97.97650995885566,14972324
2025-09-10,100.2818374633789,100.2818374633789,98.26467556129835,98.45678342685066,27375943
2025-09-11,100.95423126220703,101.24240041450234,100.37790028606237,100.5700081686286,20690414
2025-09-12,102.10689544677734,102.68322639415727,101.91478024535364,102.3950572562445,17203881
2025-09-15,102.29901123046875,102.58718039066544,101.14634924657432,101.14634924657432,13004430
2025-09-16,102.97138214111328,103.35560519289369,102.29899729683142,102.58716641777802,12544056
2025-09-17,102.39505004882812,102.77927309618514,102.20294218937218,102.29899611910015,12530146
2025-09-18,102.97138214111328,103.45165912372751,102.49110515849904,102.58716641777802,13691230
2025-09-19,102.58717346191406,102.97138921163145,102.01083518044665,102.97138921163145,11019438
2025-09-22,102.97138214111328,103.06744340039226,102.20294336599761,102.58716641777802,10942322
2025-09-23,104.316162109375,104.316162109375,103.3556081169711,103.64377724607041,13637949
2025-09-24,103.25955963134766,104.31616761304903,102.68322867118742,103.7398366528888,14777645
2025-09-25,102.87532806396484,103.64377416643275,102.10688928994209,103.64377416643275,12505892
2025-09-26,102.49110412597656,102.5871653842878,101.3384423106927,101.72266535860234,14572995
2025-09-29,104.50828552246094,104.70039340466911,103.64378539563228,103.73983933673637,20795349
2025-09-30,105.0846176147461,105.0846176147461,103.64378649752868,103.64378649752868,10386451
2025-10-02,106.42938995361328,106.42938995361328,105.37277465291035,105.66094379463765,14287215
2025-10-03,105.56488800048828,105.75699587263107,104.70038791895459,105.18066492775714,9743604
2025-10-06,106.52544403076172,107.77415988017395,106.33332882654358,106.71755190653415,15257276
2025-10-08,106.23727416992188,106.23727416992188,104.89249706327564,105.46883534358521,10546369
2025-10-09,99.89761352539062,103.73982943021333,98.45678256108211,103.2595524421105,92919887
2025-10-10,99.41734313964844,99.70551228302571,98.07256601796405,99.51339707795896,36090348
2025-10-13,98.55284118652344,98.55284118652344,96.43962526960863,97.01595621709033,35129469
2025-10-14,97.88044738769531,99.22522436163561,97.01594738098763,98.93705524991807,24066211
2025-10-15,99.41734313964844,99.80156622133623,99.03312005796064,99.03312005796064,16340175
2025-10-16,98.84101104736328,98.93706498457179,97.68834181552418,98.93706498457179,20032905
2025-10-17,96.91990661621094,98.45679165439525,96.53568352455339,98.07256856273769,25380495
2025-10-20,98.07256317138672,98.55284017744488,97.6883401008511,97.9765092358642,14257592
2025-10-21,98.36073303222656,99.32128705143103,97.784402086393,97.97650995885566,17638573
2025-10-22,98.456787109375,99.12917199240225,98.16861797182298,98.16861797182298,9717663
2025-10-23,98.64889526367188,99.1291722753323,98.360733453743,98.55284132702891,7515170
2025-10-24,99.03311157226562,99.60944248119128,98.45678066333998,98.55283459342007,12264938
2025-10-27,97.97650909423828,99.70550924492657,97.20806295427782,99.70550924492657,22950060
2025-10-28,102.29901123046875,102.29901123046875,98.64890273405946,99.12917978208984,30318072
2025-10-30,103.73983001708984,105.46883011541945,103.25955302626998,105.27671492202433,23739703
2025-10-31,103.83588409423828,104.70038414460758,103.54772229641205,104.41221501833606,10578102
2025-11-03,104.02801513671875,104.50829220137868,103.355622849127,103.83589991378693,6430188
2025-11-04,103.73983001708984,105.0846070570745,103.73983001708984,104.2201070079097,9496069
2025-11-05,103.93193817138672,103.93193817138672,102.77927632158816,103.73983030590207,10200607
2025-11-06,107.1031723022461,107.1031723022461,105.26491232683232,105.45841104587493,19883780
2025-11-07,106.42591857910156,107.10317147200377,106.03891376251333,106.8129233956898,9251490
2025-11-10,106.90966796875,107.39342212245475,105.9421596613405,106.42591381504525,8965474
2025-11-11,108.74793243408203,109.32843592730708,107.78042415153949,107.78042415153949,14732300
2025-11-12,109.81219482421875,110.5862044363738,108.7479371436326,108.7479371436326,14317119
2025-11-13,110.5862045288086,111.06995869143417,109.81219491600658,110.10245036618302,13596262
2025-11-14,109.23169708251953,110.48945354190893,109.23169708251953,109.61870190906362,9511429
2025-11-17,108.45768737792969,108.7479428430757,107.78043446792645,108.36093801671538,8779723
2025-11-18,106.03890991210938,107.39342303023265,105.26490768854082,107.39342303023265,14883339
2025-11-19,104.29740142822266,105.55515783437022,104.20064468955509,104.87790495271406,12267840
2025-11-20,104.10388946533203,105.3616531820977,103.91039076190765,104.4908942536832,9430635
2025-11-21,101.68511962890625,103.13638206142585,101.58837027637209,102.5558785647185,13752751
2025-11-24,103.81365203857422,104.10390012342621,102.74938691627412,103.42664721060174,12057743
2025-11-25,103.32988739013672,104.20063893806011,102.65262716436004,103.81364153076188,10642240
2025-11-26,104.10388946533203,104.68439295710758,103.3298872701321,104.10388946533203,10128177
2025-11-27,105.45840454101562,105.65190324812289,104.29739753536691,105.45840454101562,16714313
2025-11-28,105.74866485595703,105.74866485595703,104.9746552288574,105.45840940041894,6108819
2025-12-01,106.90966796875,107.68367756727864,105.74866095245963,105.74866095245963,9127025
2025-12-02,107.39342498779297,108.0706778684482,106.71617210713772,106.90967082118128,7973452
2025-12-03,107.5869140625,107.78042014070901,107.00641059087722,107.78042014070901,10933998
2025-12-04,107.87718200683594,107.87718200683594,106.71617492887029,107.49017718701306,8153363
2025-12-05,107.39342498779297,107.97392851142642,107.10316953522484,107.58692370183653,21391217
2025-12-08,105.5551528930664,107.00641532710902,105.07139874838553,106.42591182979247,19058791
2025-12-09,105.9421615600586,106.7161711724592,105.65190611003268,106.13566027240738,11079729
2025-12-10,108.0706787109375,108.0706787109375,105.16815368864013,106.42591748423679,15672710
2025-12-11,110.29594421386719,111.55370793381927,110.00568877649289,110.68294900319877,21622514
2025-12-12,113.48873138427734,114.06923491274237,112.23096758801738,112.32771694584441,33397964
2025-12-15,112.4244613647461,112.90821551413228,111.8439578617832,112.61796745340209,11925266
2025-12-16,112.4244613647461,112.71471680697881,111.45695306597375,112.52121809982535,8579394
2025-12-17,113.6822280883789,113.6822280883789,111.65046208395097,111.94071015229626,9505813
2025-12-18,114.8432388305664,114.9399955713064,113.68223175671602,114.26273529364121,12554309
2025-12-19,115.42374420166016,115.9074983560988,114.74648395654451,114.93999004722153,13434142
2025-12-22,117.35875701904297,117.64900507340562,116.39124874149604,116.58474744440448,19346571
2025-12-23,118.32627868652344,118.42302804892591,117.64901838669964,117.93927385541029,10892666
2025-12-24,119.87428283691406,119.87428283691406,119.87428283691406,119.87428283691406,0
2025-12-29,117.93927001953125,119.68078063064436,117.55226520100513,119.68078063064436,13132355
2025-12-30,119.00353240966797,119.29378788034163,117.2620143486325,117.2620143486325,11747636
2025-12-31,118.22952270507812,118.22952270507812,118.22952270507812,118.22952270507812,0
2026-01-02,120.26128387451172,120.648281286838,117.84251313996002,117.84251313996002,11545169
2026-01-05,120.84178924560547,121.13203730934435,120.06777964596324,120.55153380036398,9171037
2026-01-06,124.61507415771484,125.2923270268807,122.29305272107058,122.29305272107058,21686487
2026-01-07,123.06705474853516,123.84106435334462,122.38980188045386,123.26056084048885,9809659
2026-01-08,120.26128387451172,120.9385367275852,119.29377558069103,120.45478258067486,14152243
2026-01-09,120.74504089355469,121.3255444073549,119.0035229706514,121.3255444073549,11800959
2026-01-12,120.06777954101562,120.6482830494886,119.48727603254265,120.3580349860034,8758673
2026-01-13,122.29305267333984,123.26056098977212,121.80929851512371,122.0995465811518,12174381
2026-01-14,122.8735580444336,122.9703074012389,122.09954842698566,122.8735580444336,9036194
2026-01-15,124.03456115722656,124.03456115722656,122.4865493529052,122.4865493529052,10374153
2026-01-16,124.32481384277344,126.06633169745214,124.03455840649286,124.80856798223948,11375202
2026-01-19,122.8735580444336,123.35731220996287,122.09954842698566,122.8735580444336,10059540
2026-01-20,124.22806549072266,125.77608474665298,123.84106805824294,124.90533314207076,13402142
2026-01-21,124.03456115722656,124.9053274853794,123.74431309601148,124.03456115722656,7138446
2026-01-22,125.48582458496094,125.48582458496094,124.2280608320605,124.90532845801049,7970685
2026-01-23,125.77607727050781,126.55008685246575,125.19556639328813,126.16307467998435,11454836
2026-01-26,126.74359130859375,126.74359130859375,125.77608297799381,125.77608297799381,11309536
2026-01-27,130.12986755371094,130.51686497208865,127.51759807214826,127.71109678133712,20380297
2026-01-28,133.0323944091797,134.2901581816494,132.64539698519152,133.0323944091797,23365990
2026-01-29,133.129150390625,134.1934006820512,130.71037959692183,130.71037959692183,14607498
2026-01-30,132.16163635253906,133.70964073570065,131.96812288701474,133.12914462814183,11263295
2026-02-02,130.3233642578125,132.0648821397286,128.8721018167166,131.38762928648484,16159218
2026-02-03,134.38690185546875,134.48365859419198,132.8388973769361,134.19340314102786,19499165
2026-02-04,134.48365783691406,134.77391328844377,133.3226507938008,133.99990367203307,10559866
2026-02-05,133.99989318847656,134.48364731551078,132.06487668033972,134.48364731551078,15078576
2026-02-06,130.4201202392578,131.00061635454088,128.77535910144843,130.4201202392578,18601846
2026-02-09,134.77391052246094,134.96740923184103,133.61290350317518,134.38689834069555,16236415
2026-02-10,135.74142456054688,136.9024316288262,134.6771594695374,135.93492327809247,12641156
2026-02-11,135.25765991210938,135.35440188188846,134.0966529337274,135.16090317932557,7423588
2026-02-12,134.9674072265625,134.9674072265625,133.9031421962765,134.48365307879703,6789124
2026-02-13,131.2908935546875,132.5486574907781,131.19415156760812,131.19415156760812,14586816
2026-02-16,130.03311157226562,130.03311157226562,130.03311157226562,130.03311157226562,0
2026-02-20,129.93638610839844,130.90389454589507,129.3558751406976,130.61363906204463,10372959
2026-02-23,131.48439025878906,131.96814447572797,130.51688182491128,130.6136385735019,13451321
2026-02-24,130.90386962890625,131.29086702503875,128.67859769363352,129.93636137557067,15223740
2026-02-25,138.0634307861328,138.0634307861328,129.45261286320076,131.48437142551927,44603757
2026-02-26,140.28871154785156,143.19123661435884,139.80495737010034,142.0302295403571,30158366
2026-02-27,142.5139923095703,142.99774651648465,141.06272968882723,142.03023810265594,18075411
2026-03-02,135.16090393066406,139.7081898996905,135.16090393066406,137.8699300706175,30135411
2026-03-03,131.38763427734375,136.41867464498316,131.38763427734375,135.83816374129165,22180267
2026-03-04,126.55008697509766,128.87210096021676,125.29232324857279,128.67860225529097,35572176
2026-03-05,129.54934692382812,133.0323824793995,128.67859541643733,130.3233564654,26146424
2026-03-06,130.80711364746094,131.00061234663528,127.8078469027474,129.0655958288829,40598641
2026-03-09,125.6793212890625,126.64682958155107,123.26055793934357,124.22805885032966,59465930
2026-03-10,131.48439025878906,131.48439025878906,128.6786217057463,128.96887718851107,20552580
2026-03-11,128.67861938476562,131.19414717267807,128.67861938476562,130.61363621761924,15084104
2026-03-12,128.1051025390625,129.99339485238045,127.31004805418362,128.90017218863363,14658068
2026-03-13,121.74457550048828,125.6205267675853,121.74457550048828,125.02422832241948,35689160
2026-03-16,123.53348541259766,124.62670055435542,118.46492938584946,118.46492938584946,21752570
2026-03-17,124.0303955078125,125.42175602418577,123.73224249296328,124.2291591294812,11183283
2026-03-18,127.11128234863281,127.6081914231752,124.32854603711678,125.81929600778328,11978057
2026-03-19,123.2353286743164,124.92484224417093,123.03656504810282,124.03039834386342,16808610
2026-03-20,123.73223876953125,123.73223876953125,121.74457228327373,123.13594034012317,21143449
2026-03-23,118.16677856445312,119.75691029673725,117.76924373579556,119.35937546807966,34864925
2026-03-24,122.8377914428711,122.8377914428711,120.05506281844261,122.73840963170332,19779772
2026-03-25,124.22916412353516,124.42792775319424,122.63903233922319,123.63286565221148,19072875
2026-03-26,124.0303955078125,125.02422878084835,122.83779103076179,124.82545757683349,12844795
2026-03-27,124.0303955078125,124.62669395516478,123.03656223477664,124.0303955078125,10258490
2026-03-30,122.8377914428711,122.8377914428711,120.55197945662763,121.9433399776688,17920263
2026-03-31,125.02423095703125,125.02423095703125,122.53964773119475,124.03039766669664,13897520
2026-04-01,129.49647521972656,130.2915448508954,127.70757234076963,128.4032525812829,25202839
2026-04-02,129.19833374023438,130.49032011057537,127.31005646683133,130.49032011057537,17411159
2026-04-08,137.74530029296875,138.44098056420748,135.16132766871917,137.24838364712787,40142380
2026-04-09,138.04342651367188,138.93788549961116,136.15514948450777,137.94405229169502,18417735
2026-04-10,138.8385009765625,139.63357060368554,138.24221012973908,138.73912675110452,16727101
2026-04-13,137.94406127929688,138.1428249008921,136.35392197715072,137.64590826455793,15319683
2026-04-14,140.1304931640625,140.62740980648826,139.23604927357314,140.1304931640625,18252258
2026-04-15,140.52801513671875,141.82000139146317,140.42864091077956,141.42247415832267,13052754
2026-04-16,141.4224853515625,141.6212489838644,140.13049899456055,140.42865202535995,10451552
2026-04-17,140.62741088867188,141.52185478604434,139.8323412217338,140.62741088867188,10001944
2026-04-20,141.32308959960938,141.91939563440005,140.32925631808652,141.6212426170047,13863095
2026-04-21,142.81382751464844,143.01259112130325,141.22370349671894,141.32307771770078,13859824
2026-04-22,143.1119842529297,143.21137364120415,141.32308141682975,141.62123441696167,9399619
2026-04-23,140.22987365722656,142.11815071270763,139.73295704634296,141.12431749094043,15795912
2026-04-24,139.13665771484375,139.73296374235568,138.93789409390385,138.93789409390385,7627274
2026-04-27,139.33543395996094,139.53419759890937,138.34160060052514,138.7391430431156,6235801
2026-04-28,139.73297119140625,140.13049845447793,138.73913786903407,138.73913786903407,7774218
2026-04-29,140.1304931640625,141.12432644891402,139.73296591599888,139.73296591599888,11924004
2026-04-30,139.33543395996094,140.2298930822693,138.24222636339772,138.93790668206404,18699023
2026-05-04,142.51568603515625,143.9070617235215,141.91939516702172,143.21138146168505,10396179
2026-05-05,135.16131591796875,140.72678793340867,135.16131591796875,140.32924555248223,31713313
2026-05-06,139.63357543945312,139.63357543945312,135.3600893147734,135.75763172444846,22396052
2026-05-07,142.21755981445312,142.31693405158984,140.8261840122966,140.92557341412692,13291951
2026-05-08,137.84466552734375,139.33541536757753,137.3477489139325,138.54034575318119,15750818
2026-05-11,140.32925415039062,140.32925415039062,137.64590736466766,139.136657263924,9073683
2026-05-12,137.74530029296875,140.42864714757098,137.74530029296875,140.3292577525258,9948950
2026-05-13,140.22987365722656,140.72679026811016,139.3354146588212,139.93172065775812,11585598
2026-05-14,140.41294860839844,141.61220205910138,140.01320254127577,141.41232902554006,10046420
2026-05-15,139.31362915039062,141.11251701697384,138.61406588264592,140.9126439760947,9189819
2026-05-18,138.01443481445312,138.71399802164856,136.41542012714845,138.71399802164856,12750222
2026-05-19,140.21307373046875,140.21307373046875,138.0144398915451,139.91325655940307,12110298
2026-05-20,138.6140594482422,139.11374965191237,138.01444035343886,138.8139324798433,7692378
2026-05-21,141.61219787597656,143.4110856235606,140.91263465450902,143.01133956824617,16979986
2026-05-22,143.8108367919922,143.91078093404153,142.51165444136126,143.11127354565204,18580283
2026-05-26,145.40985107421875,145.40985107421875,143.4110902347106,144.31052651275525,19646590
2026-05-27,146.50917053222656,146.70904355934806,144.91015581658561,145.4098460090566,14520391
2026-05-28,145.20997619628906,146.90891983843116,143.1112712417204,146.70904680688528,17372582
2026-05-29,145.01010131835938,145.60972040536214,143.5110307268505,145.1100302081925,13019970
2026-06-01,146.2093505859375,146.40922360925737,144.8102089240301,145.60971626664372,11125038
2026-06-02,147.10879516601562,147.10879516601562,142.61158326403552,144.71028825136025,17445189
2026-06-03,146.80897521972656,148.70780713656347,146.20935612704235,147.70842673275502,13176862
2026-06-04,146.3092803955078,146.80897058162543,144.41046378799453,145.70966132176724,11968429
2026-06-05,141.71214294433594,144.41046695875016,141.11250860809517,143.71090373269234,29293119
2026-06-08,142.2118377685547,142.41171080402665,139.31362538153834,140.51289409304036,15193347
2026-06-09,142.011962890625,143.2112163372328,140.7127653029103,142.2118359235038,11622898
2026-06-10,135.21617126464844,139.1137487276466,133.51722763332447,138.11436832694608,35400697
2026-06-11,138.4141845703125,139.01381890645203,133.4172826002651,134.5166071334094,17746424
2026-06-12,142.71153259277344,142.71153259277344,140.61282752917293,140.8127005711026,14715851
2026-06-15,145.7096710205078,146.60910731565417,143.31114881789196,144.7102905817517,19088018
2026-06-16,145.9095458984375,145.9095458984375,143.91078499571918,144.91016544707836,10893438
2026-06-17,147.90829467773438,148.20811183843446,147.00885844496835,147.3086603563342,20033026
2026-06-18,148.90768432617188,149.0076284690779,148.10817693092943,148.90768432617188,28019812
2026-06-22,147.808349609375,148.50792806304364,145.90953301913362,146.90891338227837,11432504
2026-06-23,148.6078643798828,150.40675217335135,147.60848396677085,149.90706196679534,14752507
2026-06-24,148.10816955566406,149.80711315511837,147.80835239121106,148.70780388457,10676159
2026-06-25,148.20811462402344,148.50793179035864,146.709044041682,148.10817048546687,8637696
2026-06-26,147.60848999023438,149.50732200223374,146.50918064055261,148.70781458925165,17958141
2026-06-29,147.50856018066406,147.60848907583306,145.3099109962496,146.70905277263475,14007945
2026-06-30,147.808349609375,148.2081109042334,146.00947715518177,147.40860356385076,13123569
2026-07-02,149.40736389160156,149.5073080273831,146.90891299040422,149.10754673359105,18641915
2026-07-03,151.90582275390625,152.00576689492567,149.40737172176964,149.90706192819695,29828005
2026-07-06,151.90582275390625,151.90582275390625,149.40737172176964,151.20625951477498,11329676
2026-07-07,153.20501708984375,154.30432637105824,152.0057636697304,152.90519992248176,13801029
2026-07-08,151.80587768554688,153.8046384990463,150.20687818434823,151.80587768554688,10812738
2026-07-09,152.2056427001953,152.2056427001953,149.7071916225471,149.80712051605192,8992416
2026-07-10,153.40489196777344,154.5042165115761,152.5054557041784,152.5054557041784,11223212
2026-07-13,153.7047119140625,154.40427515941616,152.50545845783697,153.40489473767235,7632722
2026-07-14,152.50546264648438,153.80464503096604,151.20626501266725,152.70533568645575,10672156
2026-07-15,155.2037811279297,156.20316154053793,154.4042737479761,154.80401981328544,15259993
2026-07-16,156.8027801513672,157.50235863748753,155.5035978184805,155.90334388254797,13900318
2026-07-17,156.8027801513672,158.30185076562245,154.80401933236016,156.8027801513672,17653835
2026-07-20,157.7022247314453,157.7022247314453,155.4036468408457,156.9027173891497,12386814
2026-07-21,156.4030303955078,157.10259361578056,155.40365000959403,155.60352303690988,9738890
2026-07-22,158.80154418945312,158.80154418945312,157.20254465143498,157.702234866316,14270934
2026-07-23,161.39993286132812,161.89962305594526,160.1007353054567,160.50049661075113,16595815
2026-07-24,161.29998779296875,161.49987606913112,159.20129813727405,159.70098832901104,10606273
2026-07-27,162.69912719726562,163.29874626933855,160.6004223216748,160.9002394823784,12937163
2026-07-28,161.89962768554688,162.39931789445288,160.50050120034405,161.89962768554688,8011395
2026-07-29,164.5979461669922,164.5979461669922,160.30060746665478,162.6991295374483,20520250
2026-07-30,164.3980712890625,164.49801542605402,162.0994933822665,162.0994933822665,21285981
2026-07-31,168.0957794189453,168.79534264570248,166.29689165775935,166.49677993626253,21451778
2026-08-03,168.0957794189453,168.59546961653393,166.29689165775935,167.8959063897768,12417142
2026-08-04,166.39683532714844,169.5948495328183,163.89838434626031,168.29565197288957,27429003
2026-08-05,161.99957275390625,165.89715030593823,161.89962861181925,165.39746009417337,23150626
2026-08-06,160.0008087158203,160.1007376065793,157.40241356673084,159.50111851402116,20372701
2026-08-07,161.10011291503906,161.10011291503906,159.10135217105758,159.60104235705296,11750647
2026-08-10,162.39932250976562,162.69913969349687,161.20006902417597,161.69975924728294,8270003
2026-08-11,161.5998077392578,162.7990611702007,161.49987884879116,162.59918813993266,9756226
2026-08-12,161.29998779296875,161.89962212278692,160.5004956856571,160.90024173931295,7210163
2026-08-13,163.0,163.0,161.1999969482422,161.1999969482422,7977764
2026-08-14,160.8000030517578,162.8000030517578,160.60000610351562,162.8000030517578,6724838
2026-08-17,163.5,163.89999389648438,161.8000030517578,161.89999389648438,7607874
2026-08-18,162.10000610351562,162.89999389648438,161.8000030517578,162.89999389648438,5696185
2026-08-19,161.1999969482422,161.60000610351562,159.60000610351562,161.60000610351562,8430459
2026-08-20,160.3000030517578,161.0,159.5,160.3000030517578,9506422
2026-08-21,162.89999389648438,163.89999389648438,160.3000030517578,160.3000030517578,11360351
2026-08-24,161.5,162.89999389648438,160.3000030517578,162.89999389648438,10625499
2026-08-25,163.1999969482422,164.1999969482422,162.39999389648438,162.39999389648438,7585911
2026-08-26,161.6999969482422,163.1999969482422,161.0,162.6999969482422,8201958
2026-08-27,161.8000030517578,162.39999389648438,161.1999969482422,162.3000030517578,4651498
