Price,Close,High,Low,Open,Volume
Ticker,0700.HK,0700.HK,0700.HK,0700.HK,0700.HK
Date,,,,,
2020-01-02,336.3712158203125,338.48231061099943,330.38969807406386,330.5656396264775,15176989
2020-01-03,336.8988952636719,343.05632385296843,335.31556729947283,341.2970543817771,16611161
2020-01-06,331.97296142578125,334.25999712032353,330.21369199930814,334.25999712032353,13150847
2020-01-07,339.1859436035156,341.1211546535148,334.26001802112535,334.96372583571645,19185574
2020-01-08,336.019287109375,339.36188466435016,333.55630976159165,336.3711410162012,16845521
2020-01-09,343.0563659667969,343.0563659667969,340.4174759959311,343.0563659667969,17298593
2020-01-10,350.6211853027344,351.14898077381645,344.8156389590823,347.27858742496494,27435986
2020-01-13,357.4822998046875,357.4822998046875,349.5656303207703,351.8526662303631,29907325
2020-01-14,352.20452880859375,363.2878838304395,348.86193106167593,360.64899393758327,29101747
2020-01-15,350.797119140625,354.491570878186,348.5100831354205,349.38970340826853,17289175
2020-01-16,351.8526611328125,354.49155092255336,348.6859759132748,350.9730117897337,14937928
2020-01-17,350.9729919433594,352.3804075169025,348.3341023028391,351.8526412366969,14829690
2020-01-20,348.3341369628906,356.25083579192744,348.3341369628906,356.25083579192744,14408330
2020-01-21,339.01007080078125,347.4545364423076,337.25080105884854,347.4545364423076,26222512
2020-01-22,343.93597412109375,345.51933134357364,336.5470708153502,340.7693179156316,20265958
2020-01-23,339.1859436035156,342.8803950702452,333.3803978127602,342.70448267647106,20199731
2020-01-24,339.3619384765625,341.82491621489726,337.250814700847,340.4175003644203,8733127
2020-01-29,337.07489013671875,342.7045242160744,335.13967885215044,337.9545104517037,34453327
2020-01-30,329.86187744140625,342.1767357751969,325.6396594342273,339.5378167609925,27061451
2020-01-31,328.1025695800781,338.4822155448869,326.695154035071,334.43591041286436,22019753
2020-02-03,334.260009765625,337.0748409544691,325.1118375216283,332.5007402725974,31109450
2020-02-04,345.69525146484375,346.2230469240379,338.4822604006869,343.05636152812156,30843842
2020-02-05,344.99151611328125,351.85265269792524,340.76929837486375,351.85265269792524,24297251
2020-02-06,351.8526611328125,351.8526611328125,344.99152438368804,350.09339156640266,19300328
2020-02-07,353.9637756347656,353.9637756347656,347.10263905966315,351.14894439990366,16159459
2020-02-10,352.3804626464844,352.7323165949174,347.45453648817323,347.98230285094735,17859063
2020-02-11,359.7693176269531,361.52858713040393,355.0193045275094,356.25080773979835,25149444
2020-02-12,361.52862548828125,363.81566152554643,359.0656479221303,360.6490052031023,19203274
2020-02-13,366.2785949707031,366.45453647839537,363.4637638055981,365.92674107506497,19377169
2020-02-14,365.04718017578125,369.44534002560096,363.6397643646788,365.04718017578125,15064498
2020-02-17,366.4545593261719,369.2693615470283,360.82489664496256,361.1767505625382,11584816
2020-02-18,359.065673828125,364.5193957010612,358.3619950210625,363.2879213890119,14137968
2020-02-19,361.8804626464844,364.6952940201376,359.4174851945378,360.64898848038536,13560685
2020-02-20,360.6490173339844,365.9267974620826,356.7786238855617,365.9267974620826,17988323
2020-02-21,352.7322998046875,359.2415829809774,351.8526795353507,357.13045939087,18924900
2020-02-24,343.408203125,348.1582164883685,343.05634920475984,345.8711805666814,25147543
2020-02-25,353.26007080078125,354.31563252274316,343.4081905155508,343.7600444228715,26122308
2020-02-26,351.5008239746094,355.1952756803005,347.98228467407057,349.74155432434,19879517
2020-02-27,351.1489562988281,353.2600797965115,346.92670930346145,350.9730147808138,20804187
2020-02-28,339.53778076171875,344.63964760595996,338.130394321709,344.28779371602104,34620841
2020-03-02,342.7044982910156,347.1026577727283,338.30633880930293,338.30633880930293,25046834
2020-03-03,346.5748596191406,350.79710666606434,345.6952393775724,345.6952393775724,23657661
2020-03-04,346.5748596191406,348.3341292220255,343.76005737427323,348.3341292220255,21215873
2020-03-05,357.306396484375,357.8341628154805,346.5748662609896,350.09340553418957,29338773
2020-03-06,348.1582336425781,352.0285978361698,347.45452576742514,350.09341573937394,32962369
2020-03-09,331.97296142578125,338.6581561266335,328.6303640753551,334.25999712032353,39186001
2020-03-10,336.8988952636719,342.52852845173794,330.7414666743753,336.0192750879494,34608378
2020-03-11,332.8526306152344,338.30635208087443,331.6211563951543,336.8989363323544,22181564
2020-03-12,319.8340759277344,324.93594318102834,318.2507187361874,323.7044399076309,41266522
2020-03-13,321.0655517578125,323.70444159783864,295.55624447789535,295.55624447789535,62258137
2020-03-16,300.65814208984375,314.73224206968655,296.4358946240401,313.1489138298858,53921271
2020-03-17,307.69512939453125,312.0932883821855,297.3154835019858,300.65808083823356,45722279
2020-03-18,293.7969665527344,312.44516554410546,290.27842745257095,301.71363584848075,48160440
2020-03-19,301.7136535644531,308.39887824730556,286.05622644872454,301.7136535644531,64815069
2020-03-20,316.3155517578125,320.53779897598446,307.16737857152293,312.2692460669392,56732339
2020-03-23,306.1118469238281,316.13967049501053,299.25073819799564,299.25073819799564,41974224
2020-03-24,321.24151611328125,323.5285521958957,314.90814510330983,317.54706425067315,39717104
2020-03-25,334.260009765625,335.66742536004705,328.45443499850734,329.8618505929294,39297721
2020-03-26,335.8433532714844,339.5378048177191,330.74148606577967,339.5378048177191,31804183
2020-03-27,336.3712158203125,343.05641241695423,335.84342028282543,343.05641241695423,31174808
2020-03-30,331.269287109375,334.2600308765354,326.87112765890424,327.04704005944376,23689947
2020-03-31,334.4359436035156,339.53781090062154,326.16742013561884,338.8341030582794,24083255
2020-04-01,329.3341369628906,337.4267488050172,327.5748671885694,337.4267488050172,25623592
2020-04-02,334.08416748046875,334.08416748046875,325.1119057431607,325.4637597155993,13153815
2020-04-03,331.0933532714844,331.0933532714844,327.2229891723247,327.2229891723247,15484189
2020-04-06,335.4915466308594,337.77861195964334,331.269328177243,334.2600723151696,15044698
2020-04-07,340.94525146484375,340.94525146484375,336.0193253287418,340.94525146484375,20520606
2020-04-08,338.6582336425781,341.1212114033948,336.5471098475924,341.1212114033948,16468233
2020-04-09,344.287841796875,344.287841796875,340.06562364770826,343.0563675699826,17026496
2020-04-14,347.4545593261719,349.74159558143657,345.1675230709071,348.3341796951959,28419783
2020-04-15,347.4545593261719,352.3804858082615,347.4545593261719,352.3804858082615,22245735
2020-04-16,357.8341369628906,357.8341369628906,347.45449053647684,350.97300043572454,31296624
2020-04-17,360.2971496582031,369.09346894976176,357.30640575823315,366.80643292269644,32138269
2020-04-20,359.4175109863281,361.52863466806224,357.6582703713004,360.2971604135927,16637453
2020-04-21,352.3804626464844,361.00086982321733,348.8619522819052,361.00086982321733,22590476
2020-04-22,360.1211853027344,360.47303921688336,348.33412285836425,349.21377220361074,18608344
2020-04-23,362.056396484375,365.0471401955437,358.3619449447257,360.64898082741377,19316647
2020-04-24,357.4822998046875,361.0008389884829,355.7230302127898,356.25082565023325,13561226
2020-04-27,363.2878723144531,365.0471418938393,360.8248949033125,363.1119307966405,16994244
2020-04-28,366.9823303222656,366.9823303222656,362.7600832575183,365.0471483107974,14225735
2020-04-29,366.8064270019531,368.56566753606853,363.8156540305084,367.6860472690108,14399213
2020-05-04,351.8526611328125,359.59341810526803,351.8526611328125,359.59341810526803,26726857
2020-05-05,357.13043212890625,358.5378477482078,352.3804189736369,352.9082143907486,13649718
2020-05-06,360.6490173339844,362.58419949832023,356.9545654203654,357.65827332007865,21476066
2020-05-07,358.18597412109375,362.05636686106317,358.18597412109375,362.05636686106317,13340752
2020-05-08,367.8619689941406,367.8619689941406,362.05642266893,362.93604295827254,23885792
2020-05-11,382.6397705078125,382.6397705078125,372.6119486994858,373.84345193615604,36293510
2020-05-12,379.12127685546875,382.46387481882016,374.54720462764607,376.6582992067753,23905781
2020-05-13,377.8897705078125,385.4545861069135,374.8990267481913,376.6582672281461,26333597
2020-05-14,378.7694091796875,393.19536235976074,375.25086980905996,390.556472391665,35721383
2020-05-15,371.624267578125,384.32935726255397,370.56550523641545,379.3884955426189,26675459
2020-05-18,373.21240234375,375.32992706040085,367.74214476309015,369.6831944826652,22330008
2020-05-19,379.3885192871094,382.0354107030208,375.50639045787335,379.56496508441603,21521451
2020-05-20,388.2115478515625,388.2115478515625,381.15313111283905,383.4471311569479,23046369
2020-05-21,382.3883361816406,386.2704358503036,380.62373214677336,385.035227629919,20371407
2020-05-22,363.8600158691406,376.74158074129946,361.74252036196896,376.74158074129946,41079921
2020-05-25,367.56573486328125,368.44802231067763,358.2133477222584,361.7425559279361,21641576
2020-05-26,375.3299865722656,377.9768782837455,369.8597281242483,372.68306565273787,17354301
2020-05-27,370.5655517578125,373.38888914877487,365.4482144011323,373.38888914877487,22598252
2020-05-28,360.1544189453125,371.4478566637812,356.6252397388239,371.4478566637812,31393636
2020-05-29,362.0954895019531,364.74238114541515,356.44875617398395,358.03691452649883,31759786
2020-06-01,378.5062255859375,379.21206723397495,369.85970920954804,370.0361550175342,24941583
2020-06-02,379.7414245605469,384.68228638765925,378.68266219587065,384.68228638765925,19358960
2020-06-03,381.6824951171875,385.91751559892094,376.03579140552796,384.68230737675805,21726934
2020-06-04,383.79998779296875,383.79998779296875,378.1532553465585,383.79998779296875,20040135
2020-06-05,383.09417724609375,383.09417724609375,376.3886819232163,382.9177022388377,28778334
2020-06-08,379.3885192871094,384.50582711358095,376.7415986631534,383.8000147163099,21391198
2020-06-09,382.7412414550781,383.8000038330286,377.8003503579757,381.15308328413045,20064734
2020-06-10,393.6817626953125,394.74052516761793,384.505850476712,385.56461294901743,36818761
2020-06-11,390.3290100097656,401.7988924091517,389.9760892032594,397.74031773835213,29209470
2020-06-12,389.0938415527344,392.0936541105676,382.0354539093535,383.44713727963926,18940636
2020-06-15,382.5648193359375,392.0936528466009,381.32961099494327,383.8000568849795,17366744
2020-06-16,395.97576904296875,399.504948132865,392.9759273856937,396.5051356836368,24353819
2020-06-17,397.5638732910156,400.2107647447907,392.6229819831268,398.6226357141347,15271133
2020-06-18,404.0928649902344,404.0928649902344,392.7994291520775,399.15197403252193,20206364
2020-06-19,406.2104187011719,410.7983895337921,402.6812395764342,404.0929229095481,27479164
2020-06-22,418.3860778808594,418.7389986586704,405.1515925250072,405.8574340806294,28164190
2020-06-23,438.85546875,439.91423119000103,419.26843663009436,423.50345718205307,33983938
2020-06-24,433.03228759765625,445.5609325913373,433.03228759765625,442.91404110963833,25018502
2020-06-26,427.9149475097656,434.9733344820444,426.6797392822315,429.15018494534485,19393757
2020-06-29,428.7972717285156,435.6791838141133,424.3857761417268,424.3857761417268,23950557
2020-06-30,439.9142150878906,441.1494232853237,430.73830348512485,430.73830348512485,24021590
2020-07-02,457.47198486328125,457.9131431905694,443.7963395897638,443.7963395897638,34478837
2020-07-03,462.7657775878906,466.7361149919613,451.2958945040998,458.79544018381995,22780939
2020-07-06,458.7954406738281,466.73611549045035,455.2662323944093,462.3246197452002,25231360
2020-07-07,455.2662353515625,468.5007226732767,451.73705625726683,457.91315618234285,27361783
2020-07-08,479.0882873535156,482.17633711611677,454.8250767719932,454.8250767719932,29952588
2020-07-09,496.73431396484375,497.61663066665034,479.9706179190417,480.8529346208483,28275408
2020-07-10,482.17633056640625,495.8519459486809,481.73517226115723,484.3820636765623,25448185
2020-07-13,477.3236999511719,490.5581868772322,476.44141250598625,476.8825416245561,21734334
2020-07-14,463.2069396972656,472.4710603822219,456.5896814285357,466.7361187936143,28032305
2020-07-15,479.0882873535156,479.0882873535156,468.0595632368359,475.1179501764763,24048405
2020-07-16,452.6193542480469,478.2060420145672,450.8547500558649,475.55912112227037,29339802
2020-07-17,459.6777038574219,467.6184074626272,456.1485249724768,457.9131290189719,19053259
2020-07-20,461.00115966796875,465.41265527662114,452.619326773943,459.67771390617764,14087753
2020-07-21,497.6165771484375,497.6165771484375,479.97056629864136,483.94093261366663,31566813
2020-07-22,475.55908203125,496.73427218073556,474.2356362979128,487.9112811531241,22705332
2020-07-23,491.4405212402344,491.88167958274795,479.0883213142303,481.73521295321774,20706016
2020-07-24,465.85382080078125,482.61748684795526,463.20692923628496,478.20602037915893,30519968
2020-07-27,458.7954406738281,474.6768195151193,454.383944928578,467.6184321643284,20271449
2020-07-28,479.52947998046875,480.4117674580445,466.73612170331444,472.0299341929101,23359984
2020-07-29,477.76483154296875,478.64711893878325,470.2652864503904,473.3533361478076,13541414
2020-07-30,472.0298767089844,484.82320422011674,469.3829853905492,482.6174419827251,14864435
2020-07-31,471.1475830078125,485.2643860716603,471.1475830078125,476.44139510977226,16957703
2020-08-03,475.55908203125,477.7648443921754,465.85380358409543,472.91219056457555,19608257
2020-08-04,485.2643737792969,490.9993148384462,476.44138304090643,481.735165800723,21891901
2020-08-05,494.9696350097656,494.9696350097656,486.1466732599993,491.88164366981704,17231508
2020-08-06,490.11700439453125,497.61657874518926,479.52943874194244,494.5285290271693,22312251
2020-08-07,465.41265869140625,493.20507830902784,440.62008064443694,493.20507830902784,67382603
2020-08-10,442.9140319824219,457.0308057326061,442.03171536800744,449.972418857514,52702218
2020-08-11,453.0605163574219,464.08924153598826,449.9724662974918,450.85475379687995,27659963
2020-08-12,459.236572265625,461.44230540576865,444.6786400749329,451.7370270146556,20550871
2020-08-13,449.972412109375,468.500681029633,449.972412109375,465.85378964217387,29564943
2020-08-14,446.8843994140625,453.5016576385259,442.4729036671024,443.3552203413224,19516498
2020-08-17,445.1197509765625,454.3838998856497,442.9140179266144,448.64895890613207,16044652
2020-08-18,451.7370300292969,455.70736723287825,449.0901385602426,454.3839214983511,14522085
2020-08-19,446.4432373046875,458.7954369750232,446.4432373046875,455.2662287240569,12036870
2020-08-20,448.2077941894531,449.0901107632225,442.9140115790102,448.2077941894531,15594179
2020-08-21,457.0307922363281,462.7657332284885,451.7370095383475,455.707346561833,19791641
2020-08-24,483.4997863769531,483.4997863769531,472.0299038651686,474.235637021414,29733601
2020-08-25,480.4117126464844,484.3820496546586,473.79448429952726,483.49976227774556,19540299
2020-08-26,486.5878601074219,489.6759100445664,481.73520603361663,488.35246424408257,16958631
2020-08-27,492.32275390625,494.08738718453577,482.61747533199696,488.79357497381505,18475989
2020-08-28,476.8825378417969,492.3227578623683,476.8825378417969,488.7935789015742,24448188
2020-08-31,468.0595397949219,489.23469955332365,468.0595397949219,489.23469955332365,23436872
2020-09-01,475.55908203125,482.6174690117301,468.5006950507698,474.2356362979128,21442977
2020-09-02,480.8529052734375,489.6758965047333,479.52945950954773,489.6758965047333,15799943
2020-09-03,471.1475830078125,483.9409403481816,470.2652955948417,481.7351780036871,18526413
2020-09-04,457.0307922363281,462.7657332284885,452.619296918663,456.14850485601266,35876407
2020-09-07,450.85467529296875,462.76571510499184,449.97238794720664,455.2661704378646,19569013
2020-09-08,448.64898681640625,458.7954237350698,442.91404548012014,456.1485322272524,20087365
2020-09-09,444.67864990234375,448.64898716717386,442.4728875054077,442.914045826404,19265013
2020-09-10,446.4432373046875,457.47199118292247,446.4432373046875,453.50165380662014,14842100
2020-09-11,455.2662353515625,457.4719978425383,446.88440214355757,449.0901646345333,13818776
2020-09-14,467.1772766113281,474.23566400418036,457.4719975971621,460.11888921847583,20916073
2020-09-15,467.1772766113281,475.1179806833162,465.41267246110334,472.4710598539556,12278865
2020-09-16,471.5887145996094,474.6767641821156,468.0595359396331,474.6767641821156,11049682
2020-09-17,464.9715576171875,472.9122327251291,460.5600617100929,472.02994522692927,12772075
2020-09-18,463.2069396972656,463.2069396972656,450.41361070791385,458.79544392079464,23536646
2020-09-21,455.7073974609375,465.41267656059034,451.737059993995,460.5600516147875,11402469
2020-09-22,451.2958679199219,457.47196743447387,449.9724221965243,452.61931364331946,13609887
2020-09-23,453.5016784667969,460.11890778712745,449.97247002392186,451.7370742453594,13578774
2020-09-24,445.5609436035156,451.73704335215433,445.5609436035156,449.97243925139384,15563132
2020-09-25,444.2375183105469,451.2959058309542,442.91407247597346,449.9724599963808,14348363
2020-09-28,446.4432373046875,449.53128722227143,444.23750405386835,445.5609498459691,11867319
2020-09-29,446.0020751953125,454.8250659621785,446.0020751953125,454.3839076614219,12400323
2020-09-30,451.2958679199219,458.79541315787145,449.0901347836076,452.1781553328386,11113578
2020-10-05,463.2069396972656,467.6184354737366,460.1188897329313,467.6184354737366,19784578
2020-10-06,465.41265869140625,467.1772627894235,463.64808380143506,465.41265869140625,8516081
2020-10-07,472.0298767089844,472.9121640791149,464.53033183472235,467.6183814422446,12498379
2020-10-08,472.0298767089844,474.67676802741954,468.94182710146214,474.67676802741954,8817982
2020-10-09,476.000244140625,480.8528980069194,472.0299069089543,474.23564007942286,16480298
2020-10-12,491.4405212402344,491.4405212402344,479.5294796567439,480.8529254762376,20502504
2020-10-14,505.9983825683594,506.43954084819137,494.52850095707095,501.1456999062934,28099743
2020-10-15,487.0289611816406,502.91036828873706,483.9409406304193,502.91036828873706,16837386
2020-10-16,491.4405212402344,497.17546286072286,487.0289962311926,493.20509619419465,11200152
2020-10-19,495.4107666015625,501.5868657805498,492.7638752985804,495.851924888074,10600153
2020-10-20,498.0577087402344,499.82234206639265,492.76392559394486,499.82234206639265,10789484
2020-10-21,499.8222961425781,502.46918747252573,495.85192993961306,500.26345443358395,13248862
2020-10-22,497.1755065917969,500.7047152262372,487.9113558324281,499.3812400822849,13724851
2020-10-23,495.4107666015625,498.05765790454467,491.4404588551326,494.52850844462625,8194052
2020-10-27,516.1448364257812,519.2328862502286,494.52854607074096,498.49885411925106,30502855
2020-10-28,530.2615966796875,532.9084881146332,515.2625062709351,518.3505560143867,27029743
2020-10-29,533.7908325195312,541.7315072377412,518.3505829984902,519.6740579929047,25004401
2020-10-30,521.4385986328125,538.2023220465261,515.7036575327783,526.7324398464577,26994484
2020-11-02,530.7028198242188,532.4674532738278,517.4683610326346,523.2033029116704,16822035
2020-11-03,527.61474609375,532.4674294469298,524.9678544538765,526.7324878245215,18416480
2020-11-04,519.2328491210938,528.9381562205087,505.9983925456069,506.4395508341376,30877246
2020-11-05,551.4368286132812,551.4368286132812,537.32005374537,538.2023704296439,28159138
2020-11-06,542.172607421875,553.2013308614763,534.6730918394503,552.7602309934049,23160064
2020-11-09,549.2311401367188,558.4952908292795,547.0254066621372,556.2894989385993,18813238
2020-11-10,524.9678955078125,539.0846714964733,516.1449032128871,536.4377796496057,39182109
2020-11-11,486.1466979980469,516.1448512562632,486.1466979980469,494.9696601967782,71667336
2020-11-12,509.0865173339844,517.0271924519999,502.9104172146071,502.9104172146071,35048219
2020-11-13,531.1439819335938,531.1439819335938,512.6156810785707,520.556414825636,30867511
2020-11-16,526.7325439453125,532.0263277890864,516.5860762313289,529.3794358671995,21033460
2020-11-17,513.0568237304688,525.8501822741708,513.0568237304688,525.8501822741708,21014227
2020-11-18,519.6740112304688,521.4385859814785,511.7333372267937,517.0271198959103,14626060
2020-11-19,505.55718994140625,517.909387273161,505.55718994140625,517.0270707734409,17038003
2020-11-20,518.7916870117188,522.3208948778853,507.7629635440239,509.96869655434557,17972456
2020-11-23,517.0271606445312,529.3793601233795,517.0271606445312,528.4970434702926,22671092
2020-11-24,515.2625122070312,520.5563535540002,510.85104590332907,517.9094620885609,17250845
2020-11-25,505.55718994140625,524.0854275229566,503.792556941966,520.1151201063795,22351142
2020-11-26,517.0271606445312,517.0271606445312,507.3218527088517,510.40990257856373,12088784
2020-11-27,514.3802490234375,524.5266564735215,514.3802490234375,517.0271404632894,12128872
2020-11-30,496.73431396484375,515.7037141410195,496.73431396484375,513.4979808025981,35594689
2020-12-01,509.9687805175781,512.6156722489759,504.2338386968669,505.55731377061386,24105564
2020-12-02,506.4395446777344,515.7036349599151,501.14570369580593,515.7036349599151,14617333
2020-12-03,519.6740112304688,519.6740112304688,511.2921789350194,515.7036450205875,16875948
2020-12-04,519.2328491210938,523.2032153017833,517.9094326715885,519.6740074096244,15581008
2020-12-07,514.8214111328125,522.7620855109807,511.2922030482633,522.7620855109807,13161833
2020-12-08,514.3802490234375,520.9975068311121,513.939090714114,518.7917152844941,10589801
2020-12-09,516.1448364257812,521.4386194345221,514.3802615615647,521.4386194345221,10724443
2020-12-10,509.9687805175781,513.9391473227229,509.5276221596625,511.73341394924074,11095396
2020-12-11,518.7916870117188,520.5563201528453,513.9390627057937,520.5563201528453,13061206
2020-12-14,503.7926025390625,516.5859592785743,502.91034437557306,516.5859592785743,22972317
2020-12-15,494.0873718261719,504.67493750241516,494.0873718261719,503.79262089069846,25302119
2020-12-16,504.2337646484375,504.2337646484375,487.9112582991501,497.17540720661896,18783148
2020-12-17,514.3802490234375,514.3802490234375,506.4395747038819,511.73335758358564,15010198
2020-12-18,511.73333740234375,517.0271200732765,506.8806546072493,517.0271200732765,20833822
2020-12-21,504.67498779296875,512.1745629077101,503.7926710933297,512.1745629077101,14272363
2020-12-22,505.1160888671875,509.9687133327681,500.704622701403,506.8806636502836,11140303
2020-12-23,503.7926025390625,506.8806521514934,499.82229476314217,501.1457112164199,12357176
2020-12-24,491.8816223144531,491.8816223144531,491.8816223144531,491.8816223144531,0
2020-12-28,457.91314697265625,478.2060212828723,457.91314697265625,476.00025883625943,65693227
2020-12-29,468.0595397949219,475.5590554621593,464.08917360868617,467.6183815057749,39322878
2020-12-30,493.646240234375,496.73429012640645,475.55909921191835,478.206019982264,31656728
2020-12-31,499.38116455078125,499.38116455078125,499.38116455078125,499.38116455078125,0
2021-01-04,505.1160888671875,514.380237914641,491.8816319537456,492.3227318374533,22545919
2021-01-05,514.8214111328125,517.4683025922019,498.94000396038604,504.67494519174477,20250507
2021-01-06,526.2913208007812,528.4970540616104,516.1448543352185,516.1448543352185,27892115
2021-01-07,501.58685302734375,515.7036257563484,501.5868530273438,512.1744763861611,43257974
2021-01-08,505.55718994140625,509.96865560784335,500.7045660251091,501.58682410874746,24801900
2021-01-11,521.4385986328125,531.1439060390584,512.6156078315223,512.6156078315223,41658409
2021-01-12,520.5563354492188,526.2912764942263,517.0271274793475,517.4682857775925,21880619
2021-01-13,525.8501586914062,531.5851001780584,519.2329005403175,520.1152172047541,24526128
2021-01-14,555.4072875976562,555.4072875976562,535.5555093982452,536.43782622918,39717665
2021-01-15,569.082763671875,569.9650802815266,545.2606825399922,555.4071483027193,33259043
2021-01-18,579.6702880859375,588.9344365799668,560.7008912405215,563.3477824650893,36342783
2021-01-19,577.90576171875,594.2282687040913,571.7296622064345,586.7287526769023,32892334
2021-01-20,599.5220336914062,599.9631919885525,580.5526358267377,592.0225178881857,39283275
2021-01-21,602.1690673828125,617.6092594378949,594.6694921184845,600.4044339483371,30107343
2021-01-22,609.6685180664062,617.1680341007486,603.9335768589416,608.7862014449225,32900498
2021-01-25,676.2820434570312,677.1643600315978,619.8148925904217,623.7852587598843,50943301
2021-01-26,633.9317626953125,660.8418356962625,631.2848712266303,657.3126860154132,54204246
2021-01-27,618.9327392578125,643.1959234229582,616.2858475019075,631.7260396753375,40555108
2021-01-28,600.8455810546875,634.8140730390431,600.8455810546875,617.6092478716868,40450793
2021-01-29,601.2867431640625,632.6083436581815,601.2867431640625,613.1977850337872,36854446
2021-02-01,628.1968383789062,641.8724544051163,615.8446389146691,615.8446389146691,31071463
2021-02-02,639.2255859375,659.9596190962529,638.3432692536102,652.9012024573224,28558742
2021-02-03,649.3720092773438,652.4600593268591,637.9021257837427,647.6074342845187,18419172
2021-02-04,648.9308471679688,655.1069472312413,626.8733970129338,639.6667554891549,25643030
2021-02-05,646.7250366210938,667.9002259646977,646.2838783240892,659.9595518668792,20247014
2021-02-08,649.8131103515625,661.7241511474907,648.4896938276206,659.9595763102047,16074400
2021-02-09,653.3423461914062,660.4007042564274,650.2542962829305,657.7538126800329,11554775
2021-02-10,671.4295043945312,679.3701793257633,663.0476711199929,669.6648710213058,18359327
2021-02-11,667.9002685546875,667.9002685546875,667.9002685546875,667.9002685546875,0
2021-02-16,657.3126831054688,676.2820816163943,653.7834750241531,672.7528735350786,25578781
2021-02-17,668.3414306640625,673.1940554358504,644.5193483005727,653.7834979326068,17395892
2021-02-18,659.5183715820312,684.222709645872,657.3126385866339,676.7231940950862,26296878
2021-02-19,653.783447265625,659.5183882482335,640.5489321266285,659.0772299547885,24504422
2021-02-22,629.520263671875,661.2830210089459,627.314530427267,661.2830210089459,29610396
2021-02-23,623.7852783203125,637.0197936894665,614.9622875462394,614.9622875462394,29217098
2021-02-24,606.1393432617188,631.2849010252847,599.9632434045654,625.9910594219441,45110719
2021-02-25,610.109619140625,632.608223549069,610.109619140625,617.6091344714115,26043490
2021-02-26,584.5230102539062,605.6981414841484,584.5230102539062,590.2579513647784,40220039
2021-03-01,614.96240234375,614.96240234375,599.0810510354357,610.5509353412514,29374462
2021-03-02,615.8446655273438,637.0198571787869,610.992040563592,628.1968655253601,25036439
2021-03-03,637.902099609375,637.902099609375,608.7862337178229,615.8446502316932,19835294
2021-03-04,608.7861938476562,625.9910172553451,608.7861938476562,619.3738179250649,26574209
2021-03-05,599.0809326171875,613.1977060173086,588.4933087550306,589.8167836438332,29437409
2021-03-08,566.8770141601562,607.9039174965199,565.5535392839761,603.0512346999463,39304600
2021-03-09,568.200439453125,586.2875792122347,540.8492090810897,557.6128739434453,42094843
2021-03-10,580.9937744140625,591.140181239862,575.2588335778925,591.140181239862,25226999
2021-03-11,600.4043579101562,603.0512493105576,580.1114848963526,580.9938015018494,22750548
2021-03-12,573.9354248046875,612.7565986966443,571.2885332229737,612.3154403636767,28188692
2021-03-15,554.083740234375,576.14124922412,547.9076400538903,573.4942990758298,37980809
2021-03-16,556.2894287109375,567.7593114300871,551.4368039962485,563.7890033602839,21200125
2021-03-17,550.9957275390625,563.7890871263389,548.7899940152183,550.9957275390625,20718031
2021-03-18,565.1124267578125,574.8177347208609,557.6129104337015,560.2598019843343,24258336
2021-03-19,554.083740234375,563.3478905051021,550.5545317860843,554.083740234375,24450964
2021-03-22,558.9363403320312,567.7593318499398,555.4071904577427,556.2894487182681,15200343
2021-03-23,554.52490234375,568.6416778163159,552.7603273157155,568.6416778163159,15845913
2021-03-24,550.1134033203125,562.4656043524807,543.4962028383076,556.7306622184168,19578933
2021-03-25,534.6731567382812,548.7899314644009,519.2329069990442,529.3793735179981,48044038
2021-03-26,547.0253295898438,557.612895508995,534.2319720907938,534.6731304067735,26565370
2021-03-29,539.9668579101562,548.7898480753321,529.820392932966,547.0252734087308,31467316
2021-03-30,537.7611694335938,547.9075768335783,535.1142780068113,541.2903774746668,22298924
2021-03-31,538.2023315429688,548.3487390146344,537.3200149224448,545.2606892588906,17291203
2021-04-01,577.0234375,578.7880707180481,548.3487318676092,553.6425146895754,35692168
2021-04-07,555.4072875976562,580.552791534365,550.1134450281511,576.1413242118984,29482285
2021-04-08,547.0253295898438,554.9660040292073,541.7314882141775,541.7314882141775,268356622
2021-04-09,547.4664306640625,554.9660052196236,543.0549643269836,554.9660052196236,24367916
2021-04-12,541.2904052734375,546.5841883988725,532.0262555958801,543.4961385063534,30351587
2021-04-13,536.437744140625,548.7899442190982,535.555427444707,541.2904275520793,20003360
2021-04-14,550.1134033203125,551.4368784663731,543.0550444562874,547.9076698263109,19525541
2021-04-15,547.0253295898438,550.1133209695207,538.6434384184099,550.1133209695207,15781867
2021-04-16,557.6128540039062,558.054012287049,543.4960810237687,547.0252888728247,22516576
2021-04-19,553.201416015625,568.2005079053671,547.0253743349974,555.8483661280166,21957212
2021-04-20,549.2311401367188,552.3191903675723,545.260773149593,547.0254066621372,16518819
2021-04-21,537.3200073242188,543.4961067483704,536.4376907161716,542.1726318362997,22412262
2021-04-22,547.9075927734375,550.9956425972035,543.4961264058238,548.3487510934171,16681244
2021-04-23,557.6128540039062,557.6128540039062,547.907547023024,553.6424878717075,17679003
2021-04-26,554.52490234375,564.6713109831176,551.87801059365,557.6129524548828,15403758
2021-04-27,551.4368286132812,551.4368286132812,543.9373120452358,550.1133535868705,15000735
2021-04-28,554.083740234375,554.083740234375,544.8195899636479,547.9076400538903,12146108
2021-04-29,557.1718139648438,564.2302311609066,554.5249221203449,564.2302311609066,13523125
2021-04-30,549.6722412109375,553.6425493680555,547.0253496341612,553.6425493680555,13011490
2021-05-03,550.9957275390625,550.9957275390625,543.9373685795412,546.5842604913742,8617701
2021-05-04,548.7899780273438,551.436869862065,546.1430861926225,550.9957114869284,6862858
2021-05-05,538.6434326171875,544.3783738309772,538.6434326171875,543.0549573133818,12612494
2021-05-06,538.6434326171875,546.143007075891,531.5850748858023,542.172640690925,23222240
2021-05-07,529.37939453125,540.849278102515,529.37939453125,540.849278102515,18943197
2021-05-10,524.9678955078125,536.4377796496057,520.5564285683992,528.4971041090024,22281136
2021-05-11,515.7036743164062,517.0271492669124,499.822325406877,513.49794114832,37552039
2021-05-12,528.055908203125,532.0262748993036,515.7037081848755,515.7037081848755,24845424
2021-05-13,511.73333740234375,524.9677940796755,511.73333740234375,523.2032193280604,19503878
2021-05-14,514.3802490234375,518.7917152844941,506.4395747038819,509.08646614373373,17371562
2021-05-17,529.8204345703125,533.3496425969519,519.6740272118244,523.2032352384639,20791791
2021-05-18,535.99658203125,537.7612154107026,528.938223761723,535.5554236863868,13221629
2021-05-20,537.3200073242188,543.0549484443469,532.4673828121377,539.084582124224,16956713
2021-05-21,519.2328491210938,529.3793145090394,514.8213830679605,529.3793145090394,43760440
2021-05-24,518.114013671875,520.3262712336887,510.1498512960172,518.9989401321529,18016223
2021-05-25,539.7943725585938,542.4490936984083,520.7688027028856,521.6537292791201,29337091
2021-05-26,546.8735961914062,552.6255016202084,541.5641540400331,552.6255016202084,20313763
2021-05-27,535.8121337890625,542.4489643504792,532.7149500996597,539.7942438436875,27927261
2021-05-28,532.2725830078125,541.5641357534179,531.8301197453238,538.0244882423941,16470119
2021-05-31,547.7584838867188,548.2009471327582,534.0424162039137,541.5641156199338,16833640
2021-06-01,555.72265625,559.2623036912233,545.9886404338569,547.7584934489107,19570899
2021-06-02,556.1651000976562,566.3415202235957,553.5103792565902,561.0320785414636,17716492
2021-06-03,544.661376953125,557.0501152426633,541.5641923807405,556.1651886251558,13353978
2021-06-04,541.1216430664062,543.7763639080972,536.2546646214532,539.7943119400019,20546029
2021-06-07,531.3876342773438,541.1216498786752,529.6178398902302,540.6791866346761,21443030
2021-06-08,531.8301391601562,536.2547133576795,528.2905501088027,536.2547133576795,11199399
2021-06-09,533.5999755859375,536.2546965858678,528.7329382619938,530.9452545860072,8425280
2021-06-10,531.3876342773438,538.4669290035635,529.1753766462311,535.3697448844528,12721726
2021-06-11,527.4055786132812,538.4669252812624,527.4055786132812,538.4669252812624,15725544
2021-06-15,530.9452514648438,535.3697669090895,523.8659564473882,535.3697669090895,12508921
2021-06-16,527.8480224609375,529.6178167707941,526.0781695622006,528.2904856856218,10599375
2021-06-17,530.060302734375,530.060302734375,523.4234712571608,525.6357288866046,14939241
2021-06-18,533.5999755859375,538.0244910561928,530.5027913212045,532.7150490563322,13344383
2021-06-21,522.5386352539062,530.9452616300301,515.4593401009142,530.9452616300301,25501352
2021-06-22,507.4951171875,521.2111840174953,505.72526431338474,521.2111840174953,33489921
2021-06-23,515.4592895507812,515.9017527780625,507.05266399907947,513.2470320032556,19947191
2021-06-24,515.9017944335938,519.8838466228871,513.2470734444364,516.7866623707226,11875278
2021-06-25,529.6178588867188,530.9452486663272,516.7866587060432,520.7687694559837,20884046
2021-06-28,526.963134765625,536.2546874006745,523.8659505539418,533.5999664462153,12459596
2021-06-29,522.5386352539062,531.8301295824892,520.3263189005422,530.9452616300301,15961551
2021-06-30,516.78662109375,528.7328938852237,516.78662109375,528.7328938852237,14772746
2021-07-02,508.3800354003906,529.6178618716273,506.6102409398232,529.6178618716273,27052611
2021-07-05,490.2394104003906,506.1677652144026,485.3724318120026,504.3979707974117,47011802
2021-07-06,494.6639709472656,498.2036184840174,485.81488139982906,488.46960240517143,21123736
2021-07-07,485.3724060058594,489.7969504019777,476.5233172136228,488.46956071814583,33107895
2021-07-08,467.2317810058594,480.9478778863489,463.2496997029204,477.85069377480477,49561439
2021-07-09,476.5233154296875,479.6204994248196,450.8609463104961,464.5770426754467,46560639
2021-07-12,472.98370361328125,487.58469822931846,462.36479044858805,486.25733774553714,33240198
2021-07-13,491.5667419433594,497.76110992176245,471.65630692070977,478.7355720555532,35933948
2021-07-14,492.4516906738281,498.20359568701963,490.2394037409782,495.548874803153,21595871
2021-07-15,499.97344970703125,506.16781870442435,495.99139720077153,496.8762652083347,21890303
2021-07-16,499.0885314941406,503.9555101072647,492.894163119864,501.7432524275614,16011232
2021-07-19,486.2573547363281,495.54890774190517,482.71770712626727,495.54890774190517,18348476
2021-07-20,480.06298828125,492.00926240227835,476.9658039317653,485.81489370330905,21492839
2021-07-21,476.0809020996094,481.8328074664211,469.0016362092598,480.0629836702229,22021840
2021-07-22,481.3902893066406,485.8148336454372,475.1959506678775,482.27521575106397,17022608
2021-07-23,469.8865051269531,483.60260210238295,468.1166814374716,483.16013885640217,18179395
2021-07-26,433.60528564453125,453.5157231677213,432.8973561126944,451.30346535156417,89266221
2021-07-27,394.6692810058594,425.4640963671941,388.29794494738354,411.8364977484496,117184426
2021-07-28,395.7311706542969,407.5889454267499,373.43145076588837,399.09382101555656,122431259
2021-07-29,435.37506103515625,437.32185238388945,414.66819776884336,424.7561485334869,79075566
2021-07-30,423.87127685546875,431.4814749920214,411.48253997607077,431.4814749920214,43889700
2021-08-02,420.3316345214844,423.6942850197453,406.3500707529853,421.21656104909584,31941064
2021-08-03,394.6692810058594,414.8451834067731,374.8473140523324,414.8451834067731,127799280
2021-08-04,404.226318359375,415.73012905701006,384.05038573472,384.9353122772724,50011558
2021-08-05,388.47491455078125,410.9516025295604,382.81150794855955,400.50968653674965,63595518
2021-08-06,401.39459228515625,407.4119637588956,389.3598493376776,393.60739705606926,46586976
2021-08-09,408.4738464355469,418.03086514912604,391.6605944723553,396.26210681140503,44428211
2021-08-10,430.2426452636719,436.2600171331715,418.7388340389748,422.9863820367261,44347453
2021-08-11,428.29583740234375,435.90603582046214,424.756189793142,433.7822765493846,21853357
2021-08-12,426.5260009765625,434.66716094238075,421.39352674231503,427.0569334550104,17736919
2021-08-13,416.0840759277344,421.3935177770234,408.29688087803754,416.96897313780187,28656855
2021-08-16,401.57159423828125,412.7214400922017,397.3240171732965,410.24368680429393,31480707
2021-08-17,384.9352722167969,395.02322283204285,383.1654486103221,391.8375403403882,46801344
2021-08-18,385.9971618652344,392.0145625135342,380.51075227462417,380.51075227462417,28851497
2021-08-19,372.7235412597656,398.9168140190494,370.9537176153705,396.43909021133715,55433509
2021-08-20,376.4402160644531,383.34248543237925,364.75940745035433,372.7236004680481,56555339
2021-08-23,383.87335205078125,392.89940789075143,381.92653156830914,389.3597902120024,48400600
2021-08-24,417.6769104003906,417.6769104003906,393.96136006682303,395.37721906484666,53716905
2021-08-25,419.9776611328125,435.0211188484226,413.96028976434536,435.0211188484226,44724609
2021-08-26,417.4999694824219,425.46413291605575,414.49125427119725,419.9776935936265,18764172
2021-08-27,412.7214660644531,427.94189291623917,409.3588153236193,415.0222224722165,25452380
2021-08-30,412.1904602050781,414.4912163669886,404.9342269794802,410.77460124561264,20041445
2021-08-31,425.8180236816406,425.8180236816406,395.73114044845755,409.5357055775398,56603643
2021-09-01,432.1894226074219,437.67586178149446,422.8094003384872,429.18073677199834,38287137
2021-09-02,438.9147033691406,451.30344019116274,436.2599824199765,441.569453612747,43902749
2021-09-03,431.8354187011719,440.33054294063015,426.17201230634674,439.4456457614028,29441113
2021-09-06,446.87890625,448.648730023454,432.0124451418721,433.0743394059445,29043486
2021-09-07,456.1704406738281,460.1525220325076,449.5336091149206,451.30343281692535,27079321
2021-09-08,464.1346130371094,468.1166944785468,453.51569989883376,465.4619735175885,35792918
2021-09-09,424.75616455078125,452.6307926097731,423.8712673482902,450.41853495632444,58676024
2021-09-10,433.60528564453125,437.85286283555223,425.81809008877,434.6671799422865,38694918
2021-09-13,422.986328125,425.8180459588807,416.79198930504737,424.75615177117544,30173503
2021-09-14,418.38482666015625,427.2339158233432,414.8451792771048,421.57050930490254,21592603
2021-09-15,401.21759033203125,410.5976114935717,399.2707697199959,405.2881699748794,39231994
2021-09-16,399.0938415527344,402.45649208703446,393.7843702134897,395.3772262624846,26598358
2021-09-17,408.6508483886719,413.7833225484855,393.96135539985636,394.49228787060434,26015577
2021-09-20,401.9255065917969,404.75722447231925,396.43909713994685,404.04929500218867,16828242
2021-09-21,398.2088928222656,401.57157246359657,392.19152160093086,394.6692747544858,17960361
2021-09-23,409.8897399902344,415.5531470303317,403.8723681792282,407.23501885564013,24093629
2021-09-24,407.2349853515625,418.9157632416638,403.6953379336882,408.29687957692477,18068880
2021-09-27,411.1285400390625,418.56176981270164,402.81041311882433,406.17306328811634,19490017
2021-09-28,415.7300720214844,421.3934780801747,411.1285307970666,413.2523190544902,22722926
2021-09-29,411.4825134277344,411.4825134277344,398.3858771921094,408.4738279125681,19797496
2021-09-30,408.296875,411.12856360811486,401.57157427587,403.51836568665675,18804935
2021-10-04,404.4032897949219,415.90710059791394,402.1025334932122,415.90710059791394,12713753
2021-10-05,398.2088928222656,401.3945754482648,394.13831300293185,394.84624247537613,12888955
2021-10-06,395.0232238769531,401.74852430490677,394.3152944324906,401.74852430490677,11767293
2021-10-07,417.1459655761719,418.38482751555193,401.9255110923738,402.6334405704315,15784083
2021-10-08,426.3490295410156,433.60526292039674,417.67690787771994,433.60526292039674,32333000
2021-10-11,438.9147033691406,441.2154888665623,432.72036425257187,435.90601767379184,28425260
2021-10-12,427.5878601074219,433.60523107631883,424.93313934434616,430.9505103132431,17842757
2021-10-15,438.5607604980469,442.4543433457665,428.6497770669867,435.1980808189592,31595846
2021-10-18,439.7996520996094,441.923440684007,429.53470323613107,441.923440684007,22487283
2021-10-19,441.5694580078125,442.4543552348607,434.1362275583911,438.38377526044223,16735539
2021-10-20,450.8609924316406,455.72800053535656,446.4364475994743,449.53363191143507,35497959
2021-10-21,447.32135009765625,453.51568909416943,442.4543422555572,450.8609681964578,18097118
2021-10-22,450.8609924316406,453.07327949494544,444.66665310216246,449.09116863988544,13823480
2021-10-25,446.87890625,451.30345103641355,443.3392587030919,447.32136951697424,13296540
2021-10-26,444.2241516113281,449.53359323534704,438.5607452594119,449.0911300018652,16606863
2021-10-27,430.9505615234375,435.02114165571453,426.70298436222123,434.3132121288452,20302427
2021-10-28,432.0124206542969,437.14489465917023,429.8886322465338,429.8886322465338,14832277
2021-10-29,425.64111328125,432.1894173695094,425.64111328125,430.77355833601223,17834144
2021-11-01,415.5531311035156,421.924496735681,411.4825510412982,421.57053197833847,24569493
2021-11-02,410.59765625,426.52601183675773,407.2350056823634,423.51732602857993,35803836
2021-11-03,415.022216796875,415.9071140817771,405.11123245152675,408.82784791922677,21003990
2021-11-04,425.464111328125,426.34903786103524,419.2697427755251,420.5086340627109,17834322
2021-11-05,413.6063537597656,419.6237255463624,411.6595621748862,417.676933961483,21716216
2021-11-08,410.4206237792969,410.5976207909626,401.21759941702504,407.23497051372306,24234522
2021-11-09,410.59765625,416.79202489330675,406.7040438959536,415.0222010960129,14760906
2021-11-10,427.94189453125,430.7735834690127,412.3675028429976,415.02222403846986,33212806
2021-11-11,422.63238525390625,424.93317076014915,413.2523633857121,422.98635000144805,39089792
2021-11-12,429.35772705078125,434.84413684416046,426.34904126265616,431.65848332470716,25849642
2021-11-15,435.1980895996094,437.85283985186686,432.72036566268457,435.37508662049964,21038637
2021-11-16,444.6666259765625,450.418530978056,437.3218650124352,440.1535829065027,30659014
2021-11-17,450.4185485839844,450.4185485839844,441.215494362978,445.9940038487783,23262320
2021-11-18,439.62261962890625,445.5515216254299,436.08300156804376,444.2241611908013,20959763
2021-11-19,438.9147033691406,439.4456651356388,429.1807167907249,430.59657577546363,16502389
2021-11-22,437.4988708496094,443.7817084357048,434.4901851737173,440.68452425022826,15931741
2021-11-23,425.8180236816406,429.8886032076658,423.8712324199171,428.29577665665926,20313292
2021-11-24,417.8539123535156,425.4641106160376,413.60633530931864,418.7388095905019,28227792
2021-11-25,422.8093566894531,426.8799363926398,416.79198563981384,417.85387981818087,18375654
2021-11-26,410.0666809082031,418.2078408121927,407.05799519948204,418.2078408121927,35673130
2021-11-29,409.1817626953125,416.968957452067,408.2968655185335,408.8277979657127,21163279
2021-11-30,406.52703857421875,407.2349680276781,397.32398497368786,404.93421195115553,38602838
2021-12-01,414.8451843261719,419.0927612375307,408.29688052948995,409.3587747573297,22065387
2021-12-02,419.0927734375,419.0927734375,410.2436839090103,413.25236966158593,19221936
2021-12-03,409.3587646484375,414.8451740817958,404.93422012225477,414.8451740817958,24404006
2021-12-06,396.2621154785156,406.70403162585575,396.085147751347,397.14704199768636,33582406
2021-12-07,410.4206237792969,410.5976207909626,399.62474348979725,405.1111821403799,25205220
2021-12-08,413.2523498535156,416.2610354618785,411.48252617376056,413.78331160466286,16459470
2021-12-09,418.2078552246094,419.80071129163474,416.79202547922733,419.80071129163474,14485645
2021-12-10,410.0666809082031,419.44673207656666,408.4738541905137,416.7920111156035,16521558
2021-12-13,412.8984069824219,425.6411088570012,412.8984069824219,416.4380545293725,24125047
2021-12-14,406.8809814453125,412.01345505998137,404.7571931990139,407.05794915195116,14808796
2021-12-15,403.3414001464844,410.951627956271,401.0406438183316,406.7040507709639,14505438
2021-12-16,400.5096740722656,402.81043018646113,396.61606201448456,399.97871232625675,22812079
2021-12-17,387.59002685546875,395.731186862367,387.59002685546875,395.5541898390295,30682034
2021-12-20,380.5107727050781,389.00589772318114,379.6258461502993,387.059076879334,22143443
2021-12-21,390.0677490234375,395.3772202823761,379.9797975731183,380.51075934623344,18686797
2021-12-22,392.0145568847656,398.9168253523397,389.7137714344659,398.2088958744693,15012791
2021-12-23,408.6508483886719,414.8451874899815,397.5010028529838,401.7485505022945,35745558
2021-12-24,407.2349853515625,414.6682156346566,406.17309112620023,414.6682156346566,10313242
2021-12-28,398.5628662109375,406.3500612824361,393.78435681542226,405.1111993259848,20555921
2021-12-29,393.60736083984375,394.3152902768455,389.71374893633424,392.54546668434114,10402269
2021-12-30,392.3685302734375,398.91683414643325,391.12963901263214,395.02325122675387,8314363
2021-12-31,404.226318359375,408.8278309206517,402.8104593268458,408.8278309206517,10712324
2022-01-03,401.57159423828125,409.7127543183924,400.86366472745044,406.88103627506916,6531544
2022-01-04,398.2088928222656,405.28818754670823,394.13831300293185,402.9874021140437,14711705
2022-01-05,381.04168701171875,392.8994620652342,379.6258280272198,391.48360308073524,34633344
2022-01-06,386.705078125,386.8820751381752,372.54654743750865,372.54654743750865,24292770
2022-01-07,392.0145568847656,396.7930662131701,387.9439770342315,393.784351285,22577720
2022-01-10,401.0406494140625,404.5802971178739,391.48362990821596,396.439136693552,21218880
2022-01-11,407.0580139160156,408.8278377361818,401.9255394847558,405.2882193902933,17795793
2022-01-12,425.464111328125,425.464111328125,415.19916274857826,417.49994829859054,30671300
2022-01-13,420.50860595703125,430.0656243892612,418.0308528427091,430.0656243892612,19860639
2022-01-14,418.915771484375,419.6237009818793,408.8278200866026,408.8278200866026,14886027
2022-01-17,412.0135192871094,419.26975298478277,410.597660235531,417.676926198979,13757827
2022-01-18,400.6866149902344,416.79196530123266,398.91679144598635,413.96024763043584,25533037
2022-01-19,403.3414001464844,405.28822100363874,398.2089256947935,400.8636760828324,18972619
2022-01-20,429.9632568359375,430.32794337081856,402.9765997269576,402.9765997269576,31098094
2022-01-21,432.8807067871094,436.1628559856604,425.7693639939546,427.41043859323014,28238280
2022-01-24,428.13983154296875,431.78666741068355,424.6753242861405,428.5045180591845,15453269
2022-01-25,425.5870361328125,426.68109570768956,418.84037936273563,418.84037936273563,26320564
2022-01-26,431.7866516113281,434.5217857356445,424.85763735120884,428.5045023799251,22762432
2022-01-27,422.1225280761719,425.76939331956976,417.38163255419784,423.9459606978708,21591501
2022-01-28,419.3873596191406,423.03422456539175,415.3758374727052,422.12249368160855,15822080
2022-01-31,429.5985412597656,429.5985412597656,429.5985412597656,429.5985412597656,0
2022-02-04,436.7099304199219,440.3567663685345,429.4162292282533,440.3567663685345,16772866
2022-02-07,435.7981872558594,439.44505239677187,428.6868441727437,439.44505239677187,16195588
2022-02-08,428.5045166015625,433.97478503174807,427.59278566690324,432.6983675821136,19745906
2022-02-09,440.1744384765625,440.9037822319283,434.5218119877634,437.6216328022305,24600711
2022-02-10,441.63311767578125,444.91529612043814,433.7924019996509,444.91529612043814,19803240
2022-02-11,434.8864440917969,440.9037270580658,430.69256422743024,436.5275186012848,16344233
2022-02-14,430.327880859375,430.87492522945246,424.31059784960195,428.68680633802234,13541324
2022-02-15,428.5045166015625,432.6983675821136,425.2223379667857,430.327919881996,14623872
2022-02-16,434.1570739746094,434.8864469379195,429.59850760114074,434.8864469379195,12855204
2022-02-17,436.7099304199219,437.2569455591586,430.3279308917957,434.1571247497827,13607278
2022-02-18,428.5045166015625,440.17442649188405,426.6810840266865,436.70991924684085,25303740
2022-02-21,406.0763854980469,425.58701089583803,401.7001767524877,423.21656327139175,48477043
2022-02-22,405.5293884277344,405.8940456528457,394.04180700344074,394.04180700344074,32179004
2022-02-23,405.71173095703125,411.5466861756068,403.34128314583904,403.34128314583904,21311907
2022-02-24,390.0302429199219,400.7884208614802,386.2010495208568,397.68860042361223,35768451
2022-02-25,386.5657653808594,400.2414362065715,383.1012581990867,394.22412346659297,26877414
2022-02-28,384.0129699707031,387.8421637619824,377.8133284599543,382.9189104168458,28269030
2022-03-01,392.9477233886719,400.2414240387959,383.28357515378474,384.01294814824126,20329969
2022-03-02,386.01873779296875,396.4122597912124,385.47172265387945,389.3009165108346,14752581
2022-03-03,381.8248596191406,388.7538444986427,378.725039030505,385.4716953080597,20920744
2022-03-04,367.6021728515625,370.3373071507805,364.6847099364702,367.41984423568823,43750295
2022-03-07,353.744140625,362.13190136610194,347.3621704091848,354.65587158043303,41987247
2022-03-08,349.3679504394531,361.40254776653705,346.8151739335399,354.6558906644009,33966559
2022-03-09,350.82666015625,356.2969284370071,337.3333180596429,349.36791413619693,34965768
2022-03-10,351.00897216796875,363.59061205448023,347.5444651813445,360.490791555629,25335066
2022-03-11,335.32757568359375,342.25659037193196,328.21623237977246,336.42163525982244,50996737
2022-03-14,302.50592041015625,327.851498435243,300.86481663595424,321.8341862835268,70448173
2022-03-15,271.6900939941406,303.78236286863864,270.7783922962856,278.25442238425256,124658821
2022-03-16,334.5981750488281,338.06268210738665,282.9952849602363,287.3715229043782,113433662
2022-03-17,355.5675354003906,365.59636978173967,340.6154774203153,365.59636978173967,73377749
2022-03-18,347.3621520996094,358.12036002777074,338.24504808694707,346.45045048667566,39708790
2022-03-21,339.52142333984375,357.75565996873456,337.69799088862254,357.57330207639217,32326528
2022-03-22,353.744140625,354.65587158043303,330.0396337892756,337.33333496052387,32645563
2022-03-23,354.6558837890625,367.96686911105706,351.1913763458189,363.7729885961365,44491277
2022-03-24,333.6864929199219,347.9091791845972,332.7747619811619,340.06846301902857,49413053
2022-03-25,324.9340515136719,335.87458861510504,320.01082739469285,326.9398127430089,40322104
2022-03-28,334.0511779785156,339.70377501971967,322.74595460166495,326.39279045745974,28357473
2022-03-29,343.89764404296875,346.8151360676985,337.33331628176836,338.24504718671716,22007226
2022-03-30,346.9974670410156,354.29116785819343,346.6327805354346,349.1855860745015,28377006
2022-03-31,341.16253662109375,348.63856657797874,339.70379049454726,348.63856657797874,15361005
2022-04-01,345.35638427734375,345.35638427734375,330.22196788836857,334.59817655780546,15263214
2022-04-04,355.5675354003906,356.4792369643532,349.9149388327183,354.4734759469714,16493903
2022-04-06,347.3621520996094,351.00898784578595,346.45045048667566,349.18558461991853,18033596
2022-04-07,341.3448486328125,349.73257914365223,340.79780426169776,342.4388787861621,16713428
2022-04-08,336.9686279296875,339.3390755395527,333.6864787143177,337.33331443077765,20637305
2022-04-11,322.3812561035156,333.868807663657,321.83421170409275,333.68647906014365,23993899
2022-04-12,334.0511779785156,339.70377501971967,326.93980558277406,331.6807302780826,27806289
2022-04-13,340.615478515625,345.5387021301827,329.85727113073483,333.6864645827954,22786489
2022-04-14,341.3448486328125,345.5386992410124,339.70374481390826,345.3563706469341,15962008
2022-04-19,331.8630676269531,335.14524634859265,329.12793333947513,333.50414234055125,18679202
2022-04-20,330.0395812988281,336.23922191421394,329.67489483354433,332.410057970392,11427510
2022-04-21,317.2756652832031,324.75169440734845,312.7170987927367,320.9225008989119,27099539
2022-04-22,310.52899169921875,312.71711072882664,304.69403691470615,305.241081319329,29513509
2022-04-25,298.49444580078125,308.70564036096374,296.4886843337024,302.87068459562227,27152036
2022-04-26,306.1528015136719,311.44074150890793,301.4119059562566,302.87065206452087,28731252
2022-04-27,305.2410888671875,308.70559610251445,299.2237760341934,302.6882832695204,24646404
2022-04-28,309.7996520996094,310.52902518813767,301.9589353395971,310.52902518813767,22355935
2022-04-29,344.08001708984375,353.74413661111964,307.6115409418479,309.07028701843404,49977014
2022-05-03,346.4504699707031,350.82667897111696,333.13945576551095,345.53873901205293,26923424
2022-05-04,335.87457275390625,342.62125846377904,333.86881161928846,341.34487034073896,14847493
2022-05-05,334.0511779785156,344.6270283253188,334.0511779785156,342.62126713990955,22525168
2022-05-06,318.36968994140625,324.02231580690324,316.36392892282345,321.4695104140633,24135375
2022-05-10,311.0760498046875,314.9052436279311,300.86485651122354,302.6882891162069,29900375
2022-05-11,319.4637451171875,330.0395944427257,309.61726875126436,309.61726875126436,25636282
2022-05-12,313.8111572265625,321.10482843382624,311.62303828771906,312.5347398650169,21081648
2022-05-13,323.1106262207031,325.6634024137391,319.09907474038187,319.09907474038187,20518021
2022-05-16,319.0990905761719,330.40431399287064,316.5463142564504,328.21622418945833,16380684
2022-05-17,335.87457275390625,336.78630366559923,323.1106329346219,323.1106329346219,31709550
2022-05-18,333.3217468261719,342.07416307167176,326.392733543396,342.07416307167176,29842282
2022-05-19,311.623046875,313.26412147713484,304.51170406945494,311.8054047721491,63330058
2022-05-20,322.6952819824219,325.0774999426212,317.0146876453175,318.84715167641787,29823434
2022-05-23,317.7476806640625,321.2293476845376,313.34979632645025,320.3131009278619,17935414
2022-05-24,309.68487548828125,318.4806738106505,308.2189041946299,314.0827599296963,20741634
2022-05-25,306.0199890136719,311.33409100778846,306.0199890136719,306.7529746900067,22692875
2022-05-26,306.20318603515625,307.66915722180306,302.3550263899769,306.93617162847966,19474403
2022-05-27,313.16656494140625,318.6639282454027,309.86815873482493,316.64823229254284,21858579
2022-05-30,320.6795959472656,321.7790743991121,315.548725944854,316.83143608557225,23477448
2022-05-31,332.04083251953125,332.5905864952175,317.381207347056,319.76339606958896,68180756
2022-06-01,330.2083740234375,335.5224756224486,327.8261854722363,331.67431582757337,28343735
2022-06-02,328.9256591796875,330.3916305335091,324.16128171930774,325.2607602346739,14932415
2022-06-06,336.80523681640625,338.4544398517133,326.17697405656054,331.67433713394416,25163887
2022-06-07,336.80523681640625,343.4020489576345,332.5905839398681,340.83662855594355,28519264
2022-06-08,358.61138916015625,358.61138916015625,341.93607003607116,343.58527289281017,49987345
2022-06-09,361.7265930175781,372.72131888831757,356.412491214475,370.1558985528994,41217081
2022-06-10,363.19256591796875,364.841768917939,350.9151298254194,352.1978399987808,31329160
2022-06-13,345.4177551269531,354.39678491441344,342.3025809264151,351.4648424011831,26256659
2022-06-14,344.50152587890625,346.70048287557705,336.621974133479,336.621974133479,17169964
2022-06-15,347.9831848144531,350.1821417589526,343.7685320572655,344.5015177054319,22365927
2022-06-16,336.80523681640625,350.3653833728644,333.50680130625204,348.16645580563505,23314598
2022-06-17,338.4544372558594,343.21881462777833,331.4911028940363,331.4911028940363,20513213
2022-06-20,339.7371520996094,342.6690947929681,334.05655729053717,339.00416642626965,12255165
2022-06-21,349.0826416015625,349.0826416015625,339.1873948450898,340.65333661081866,15807132
2022-06-22,339.004150390625,348.89942707310206,339.004150390625,348.89942707310206,14439299
2022-06-23,343.5853271484375,347.6167190880723,338.08796379819313,340.65338432721836,13288125
2022-06-24,352.0145568847656,353.66378922129195,342.85229567074373,347.6166726796166,19160085
2022-06-27,346.5172424316406,366.67426111950994,343.2188361792105,354.5800557946967,60436173
2022-06-28,335.156005859375,342.11934030613963,326.54346836983456,341.5696157717278,61682872
2022-06-29,334.4230041503906,339.3706424810018,326.3602210214407,329.841888077865,36825199
2022-06-30,324.71099853515625,333.14027397585977,324.3445057386442,329.8418682467882,35150506
2022-07-04,317.9309387207031,326.543476422635,315.5487499469382,324.71104163637955,40489011
2022-07-05,319.58013916015625,323.794762297059,318.297399611106,318.8471535434241,20516943
2022-07-06,318.4806823730469,323.4282914628287,312.2503336470638,319.7633925697081,26134846
2022-07-07,322.14556884765625,322.14556884765625,314.0827562661593,314.4492490852973,19989588
2022-07-08,323.0617980957031,327.27645095152815,319.3968992086388,327.27645095152815,19746025
2022-07-11,313.7162780761719,317.19791553430815,311.70055294630487,315.54871264581465,21687300
2022-07-12,309.50164794921875,312.2503294419272,308.03567663589706,310.2346336058796,18222209
2022-07-13,307.3027038574219,312.6168353711435,306.93621101373276,310.23464660693475,18040252
2022-07-14,306.93621826171875,309.1351753757795,304.18753658891353,306.5697254093753,17662006
2022-07-15,297.7739562988281,304.5540299184943,296.124753180469,302.3550728009877,27720676
2022-07-18,304.7372741699219,305.8367232281795,294.1090114640852,299.0566499844044,21449470
2022-07-19,305.2869873046875,310.05136451111406,302.3550447533242,303.63778433931503,13324752
2022-07-20,310.2345886230469,314.0827186032428,309.6848347404936,313.34976249239736,16827893
2022-07-21,306.0199890136719,308.4021777419897,301.62210439520356,306.93620638932015,20117623
2022-07-22,304.1875,311.15083391740603,302.355035958699,309.318369876105,15878686
2022-07-25,299.056640625,302.35504657562444,294.6587562109877,301.9885831940342,17738614
2022-07-26,301.8053283691406,302.72154572133627,296.12473368226404,297.40744386324593,14596411
2022-07-27,293.37603759765625,300.3393722575469,293.19280589375757,297.77395176571844,20864179
2022-07-28,293.9257507324219,298.5068959675984,293.1927651396307,297.4074175784116,16161029
2022-07-29,281.0986022949219,296.3079819409259,279.44939919296104,293.9257931404177,39161077
2022-08-01,274.5017395019531,279.26611673942847,274.5017395019531,276.70069642980593,42108373
2022-08-02,270.2870788574219,271.0200644785634,263.87349883174056,270.47033998247633,44948736
2022-08-03,277.25042724609375,280.7320944079236,273.03577442497976,273.9520212188548,28852709
2022-08-04,285.8629455566406,285.8629455566406,279.63259730695034,282.01478582129806,20838564
2022-08-05,281.8315734863281,287.69542933332644,278.71639914762466,287.14570480748336,17311910
2022-08-08,274.3185119628906,280.182367753042,273.2190334823236,277.0671934445385,15842588
2022-08-09,273.0357971191406,278.8996534412655,271.569855118266,274.86826141966156,14943954
2022-08-10,270.83685302734375,274.68501310606496,267.72167862452574,274.50175196731897,16170724
2022-08-11,278.16668701171875,279.08290440878005,273.2190483005973,274.1352656976586,15647854
2022-08-12,278.7164001464844,279.0828929782064,275.05150126880363,279.0828929782064,11562363
2022-08-15,275.2347412109375,280.18237986764683,273.9520309812502,276.5174514406248,12236681
2022-08-16,277.6169128417969,280.3655942727194,268.0881583984756,276.70069551133565,24774160
2022-08-17,277.8001708984375,280.18235948291476,272.11954696961885,277.6169097706492,18547810
2022-08-18,286.4126892089844,289.52786322207,283.48074687218065,289.52786322207,33909244
2022-08-19,288.61163330078125,293.1927787485983,286.0462130464714,286.41270585987826,24497052
2022-08-22,284.5802307128906,289.16137598234366,282.38127391806427,286.04620190944155,15556594
2022-08-23,286.595947265625,287.69542574313033,283.1142801399612,285.8629616139548,14245624
2022-08-24,284.030517578125,288.9781264047859,281.6482995688154,287.5121551496841,13740901
2022-08-25,297.7739562988281,298.1404491517459,286.41273673746076,286.41273673746076,20468991
2022-08-26,297.04095458984375,303.08804217788617,294.47550475763364,302.53831764789686,19558483
2022-08-29,295.9414367675781,297.59063957795087,290.26084276750845,292.2765383623569,13050392
2022-08-30,296.4911804199219,296.67444154379245,287.51215077825134,295.94145592738613,14785492
2022-08-31,299.7896423339844,306.5697157289342,288.42842314916925,288.6116548497844,27592247
2022-09-01,297.4074401855469,305.6534845719574,296.85768622939594,299.6063676915328,25197807
2022-09-02,301.0722961425781,302.90476000306893,295.2084412285427,296.67441231693533,26838727
2022-09-05,292.2765808105469,297.59068279792353,289.52789924754785,296.8576971225184,21447744
2022-09-06,287.878662109375,294.6587647776153,285.4964734225467,292.27657609078705,17091537
2022-09-07,285.4964904785156,286.2294761858739,280.5488811131596,283.29756279598234,15981089
2022-09-08,276.5174255371094,284.58023788171135,275.0514837431674,281.0985709219654,24821368
2022-09-09,281.2818298339844,283.4807572273745,273.95200316376247,273.95200316376247,18070133
2022-09-13,279.2661437988281,282.9310723670281,278.8996509420081,282.7478112188472,18081809
2022-09-14,274.5017395019531,278.7163922272348,273.95201498975945,275.23472514457075,18940182
2022-09-15,274.86822509765625,277.0671819677039,274.135239474307,274.135239474307,14026323
2022-09-16,268.63787841796875,274.3185023146653,268.63787841796875,272.48603824483763,26263163
2022-09-19,264.78973388671875,268.2714011007411,264.05674821644664,267.72167656780715,24136397
2022-09-20,268.8211364746094,271.7530495133109,267.90488973039044,267.90488973039044,15936615
2022-09-21,262.04107666015625,266.98871567385953,262.04107666015625,266.0724982207653,16944133
2022-09-22,259.2923583984375,261.4913153040876,255.8106913509275,258.37614107418597,18464820
2022-09-23,251.96255493164062,257.82641043434563,251.96255493164062,255.26096077211432,20715044
2022-09-26,259.4756164550781,263.50700796150363,250.31332556288038,250.31332556288038,25949956
2022-09-27,257.27667236328125,259.47562935219605,252.14580216201983,258.74264368922445,23931088
2022-09-28,251.04632568359375,256.3604570630432,250.4966011517204,256.3604570630432,23331323
2022-09-29,247.93113708496094,260.025341048096,245.73219492432798,254.89447110002936,21225113
2022-09-30,244.08299255371094,253.24526875080554,241.51755757368753,244.44948536796704,23645919
2022-10-03,241.7008056640625,244.44948707035627,237.6693993989393,241.8840373526974,14726895
2022-10-05,255.62745666503906,256.5436739785493,248.48089096476713,251.77929684503468,19100720
2022-10-06,254.52798461914062,258.9258690498234,251.96256430105032,255.6274630866961,10922599
2022-10-07,247.93113708496094,251.41280409249515,247.3814125846296,250.8630795921638,10508799
2022-10-10,241.7008056640625,245.91544361782059,240.78457362204148,243.71650143673943,16508799
2022-10-11,233.27149963378906,240.41808010108312,232.90502153782333,239.68509446961312,22451585
2022-10-12,232.3552703857422,241.8840242265953,227.22438594862683,229.97308192552893,33718496
2022-10-13,225.57518005371094,233.63797731840137,225.57518005371094,233.08825285017002,23330747
2022-10-14,228.32388305664062,237.1196667444716,227.5908974027123,229.05686871056898,33120474
2022-10-17,226.49143981933594,229.789860632211,220.62758386750698,224.65897563453305,27710742
2022-10-18,233.08827209472656,235.10396789737976,228.5071265362626,230.88931516117447,23299725
2022-10-19,223.5594940185547,231.43904522564355,223.19300121081534,230.5228132062952,22065529
2022-10-20,212.93124389648438,219.1615921049215,211.648533806376,217.14589640916907,52023627
2022-10-21,213.29776000976562,216.59618087586642,210.91557125085126,212.56477432401647,27949605
2022-10-24,188.92611694335938,207.06740948387827,188.0098848434144,205.23496000375857,89566069
2022-10-25,189.10934448242188,197.53865017689705,181.9627784194146,185.07795277091108,76877860
2022-10-26,193.8737335205078,200.10408212525996,185.26119626564915,187.64338491575563,53011549
2022-10-27,195.33969116210938,203.4025039411572,194.05698098346755,202.66951828492196,44975839
2022-10-28,183.9784698486328,193.6904855013641,183.24548420244113,192.40776062052862,42991223
2022-10-31,188.37637329101562,198.45486727632894,182.3292710119197,184.89470611217706,52130612
2022-11-01,208.35012817382812,212.38153457288388,190.39206787222403,190.39206787222403,81958346
2022-11-02,211.28204345703125,212.5647535620349,201.5700282287744,206.70089808832677,37003471
2022-11-03,202.85275268554688,210.9155502673264,201.75327426630784,207.0673905197587,32254804
2022-11-04,218.6118621826172,226.67467474749932,205.60144072887587,205.60144072887587,70707463
2022-11-07,224.84222412109375,228.69038422480472,212.19829472850668,214.21399063055995,46305791
2022-11-08,225.2086944580078,230.88930347598557,222.4600131499466,223.0097523555126,24786140
2022-11-09,216.962646484375,227.590878714541,214.21396522761592,223.5594873885042,33332722
2022-11-10,212.01504516601562,214.7637267079931,209.8160881566176,209.8160881566176,24487596
2022-11-11,236.753173828125,238.9521307890799,224.84221583536512,231.80555010551603,55816383
2022-11-14,238.76889038085938,253.42851550397245,235.65371599426106,246.64844219648091,50955670
2022-11-15,263.87353515625,264.05676686698973,236.56994948807065,240.05161694800603,66439198
2022-11-16,269.7373352050781,271.93629191233686,256.54365384059787,261.6745233846655,65052154
2022-11-17,267.53839111328125,274.3184932272688,257.6431443430902,273.5855076236195,73512490
2022-11-18,263.6902770996094,277.43368441593356,262.40753749442365,274.8682346451014,47125979
2022-11-21,259.4756164550781,262.5907906480992,251.5960651290926,258.5593697021353,32964378
2022-11-22,254.16148376464844,262.4075278514156,251.59606352763015,256.72693344120495,29966391
2022-11-23,258.3761291503906,260.9415787552562,254.16147666216582,254.5279694628609,24616758
2022-11-24,256.9101867675781,265.1562315489458,255.62747654102066,262.4075499551566,18082659
2022-11-25,250.13009643554688,254.5279808002445,245.91544375958972,253.79499516620513,32973614
2022-11-28,247.38140869140625,248.66411879835135,237.3029006408169,237.3029006408169,35269983
2022-11-29,261.8578186035156,262.04105029988494,250.86309251423822,253.245281204279,34893161
2022-11-30,263.1405029296875,268.08814095931945,256.5436620366906,259.8420972029576,49099574
2022-12-01,269.7373352050781,278.34987148253737,268.0881323944021,273.03574082643013,47958641
2022-12-02,271.2033386230469,274.5017446369895,267.17191751323537,271.2033386230469,26413721
2022-12-05,287.6954345703125,290.44411612864224,277.0672011740736,284.03053563905297,62990620
2022-12-06,285.6796875,287.5121219175365,281.465035348503,282.014759785857,30595611
2022-12-07,275.0514831542969,291.9100639846095,273.9520047315408,283.8472516572696,43281194
2022-12-08,290.810546875,291.3602712934786,278.71634471266435,278.71634471266435,35895137
2022-12-09,298.3236389160156,299.2398561997249,288.0618993561373,292.0932907319029,42536416
2022-12-12,290.9938049316406,297.5906457494749,288.9781092949901,291.72679051579297,21594497
2022-12-13,291.726806640625,297.7739233243601,289.16138639382814,289.52787920616174,21387357
2022-12-14,297.7739562988281,300.33937682971083,291.72683894545594,295.2085063284038,25520152
2022-12-15,290.9938049316406,299.2398485940493,289.52786320287265,297.77390686528133,19964708
2022-12-16,290.2608642578125,294.4754874320211,285.4964577068814,287.6954145765419,26457328
2022-12-19,293.5592956542969,301.2556159279372,290.26088950247436,293.5592956542969,26213666
2022-12-20,283.48077392578125,292.0933112027629,280.7320924424794,292.0933112027629,30592837
2022-12-21,284.9467468261719,286.96244266658357,282.1980653275123,284.9467468261719,16134154
2022-12-22,296.6744689941406,298.50693320470856,289.89439557435037,292.27658432831834,25534109
2022-12-23,293.37603759765625,298.69016916429416,290.6273559623879,291.36034165706496,16322433
2022-12-28,298.8733825683594,301.98855655337604,294.84196189157893,297.77390420196474,25467403
2022-12-29,307.11944580078125,307.8524019857221,295.94145918678134,295.94145918678134,31678390
2022-12-30,306.0199890136719,314.9990193894624,303.63780028535405,310.60113477099407,28650190
2023-01-03,316.2817077636719,316.8314322631937,301.2555907550002,306.0199678826503,31541576
2023-01-04,330.7580871582031,330.7580871582031,319.76336208740315,320.6795793634574,39409103
2023-01-05,335.51385498046875,349.40519446450264,331.46223883057223,345.3535488750701,40803927
2023-01-06,337.057373046875,346.704121156056,334.54921265058016,341.1090190285466,27092487
2023-01-09,349.2122802734375,349.5981443084838,339.17966816453935,342.4595566217412,28323733
2023-01-10,349.59814453125,352.87803299054184,344.3889064559584,352.1063049199575,19854116
2023-01-11,360.5954284667969,365.4188024668318,353.6497875704697,356.7367292667689,35722217
2023-01-12,351.1416320800781,366.1905650571321,343.8100976102786,365.61175428118025,40547528
2023-01-13,358.28021240234375,359.2448871958016,343.61717320550724,351.7204355826456,20970696
2023-01-16,357.12261962890625,363.10358567314967,351.1416241451245,359.0519692121212,19986153
2023-01-17,360.5954284667969,362.33186077053256,353.07097680255777,357.50848677049765,16103837
2023-01-18,366.576416015625,367.54109079461347,357.8943430047286,366.576416015625,27122730
2023-01-19,369.2774963378906,371.399792643095,361.3671807557086,363.6823943544073,17351698
2023-01-20,377.9595642089844,378.3454576697364,371.39978752972894,376.2231613937514,16863710
2023-01-26,392.4296875,392.4296875,384.32642526126835,385.8699107923453,23729091
2023-01-27,400.3400573730469,401.8835430002244,394.55200835078597,395.709629931054,18625209
2023-01-30,373.5220947265625,396.4813432147651,370.43512358751775,393.20145477924166,53626689
2023-01-31,368.69873046875,382.9759061253137,360.59543837441663,376.22318233972885,55756238
2023-02-01,371.3998107910156,373.3291604574624,360.4025235801766,371.9786215788576,31418879
2023-02-02,369.470458984375,378.152532433094,367.73405607044697,375.25850795018766,23755405
2023-02-03,371.3998107910156,372.943296412081,362.1389265041629,368.1199222459639,25941959
2023-02-06,363.4894714355469,366.57644272908146,355.57915533511704,361.94601522831965,25591052
2023-02-07,366.576416015625,372.3644646895559,364.06825570234736,367.54109079461347,19801656
2023-02-08,368.69873046875,373.1362111190743,364.4541376804652,370.2421866395379,17269537
2023-02-09,381.6253662109375,382.9759050764478,366.57643307065536,367.7340546351153,26660695
2023-02-10,369.8563232421875,383.1688535350069,369.084595155447,381.0465571371614,24606130
2023-02-13,372.94329833984375,374.8726480162635,363.296549957745,365.80471042499863,20355691
2023-02-14,365.22589111328125,373.9079644546134,364.6470803359513,373.32915367728344,17932457
2023-02-15,363.6824035644531,368.6987243549508,359.2448935481727,368.6987243549508,16498472
2023-02-16,369.0845947265625,378.92426029899747,365.61175946118686,367.34816237410496,21914350
2023-02-17,360.5954284667969,373.7150116347996,359.8237004026067,371.5927447385074,17721575
2023-02-20,363.6824035644531,365.418806447566,356.1579518182455,358.4731654755756,12312675
2023-02-21,349.0193176269531,362.13890029727537,345.54651203029687,361.94598300831524,29313236
2023-02-22,343.42425537109375,350.1769794935591,335.32099231204353,343.0383913091468,33151555
2023-02-23,343.42425537109375,350.56284355550605,336.0927204359375,338.4079342471603,19433112
2023-02-24,337.057373046875,342.6525046139233,335.1280234250388,338.60085863225174,24415893
2023-02-27,337.057373046875,341.8807471014655,330.69051340690777,332.81280976674316,20480043
2023-02-28,331.4622497558594,344.96769624640456,331.4622497558594,339.7584584879588,26006206
2023-03-01,355.7720642089844,357.70141386183036,333.7774899423559,335.1280288114402,35607254
2023-03-02,349.9840087890625,355.96500437828,349.59814475352493,355.19327630720494,14796574
2023-03-03,354.614501953125,361.560143624736,351.52753047271443,359.052012416387,17784504
2023-03-06,350.17694091796875,355.579125508743,347.86172736179054,351.14161568633784,12628083
2023-03-07,344.388916015625,355.77206729018553,342.45956634606966,349.9840182815196,17037998
2023-03-08,337.2503356933594,339.1796854062052,332.81282546590586,337.6361997480205,21208344
2023-03-09,328.182373046875,336.8644460963739,328.182373046875,335.7068245806255,17274863
2023-03-10,319.8861999511719,326.2530601238134,318.9215250595456,321.23673891154033,37596411
2023-03-13,332.619873046875,339.1796796224153,325.4812851189827,328.37530963890174,27127633
2023-03-14,329.53289794921875,340.1443201174694,327.024737730634,329.3399512248904,21324692
2023-03-15,332.42694091796875,341.3019313862148,332.0410768870952,338.0220429644817,16570551
2023-03-16,324.1307373046875,332.8128106253488,322.00844093937695,328.37530059576966,23728825
2023-03-17,327.4106140136719,334.35628419635617,327.4106140136719,328.76115281598885,29033159
2023-03-20,322.9731140136719,327.41062401935636,319.3073615182806,325.0954103675545,20437066
2023-03-21,331.4622497558594,334.74213801565577,318.7285312889591,322.9730942980802,21276362
2023-03-22,334.93511962890625,341.10903277976485,333.97044477909895,334.7421728831288,19654793
2023-03-23,362.33184814453125,362.524765434087,339.9513817884349,341.10900328391966,46850205
2023-03-24,363.4894714355469,373.7150307258977,361.56012173697275,366.57644272908146,33215505
2023-03-27,349.9840087890625,364.647077655799,349.7910914910631,361.3671891944218,25798653
2023-03-28,364.8400573730469,367.5411353055122,353.84274000912274,353.84274000912274,31337657
2023-03-29,371.2068786621094,383.5547346771993,368.50580079856445,382.9759238665709,36095299
2023-03-30,371.3998107910156,376.0302382146722,366.76938336735907,376.0302382146722,25243232
2023-03-31,372.17156982421875,380.08191589013484,370.43516675586744,376.2232162364279,25957481
2023-04-03,374.48675537109375,377.18783293599694,371.39978434874376,375.25848340691255,18773494
2023-04-04,371.3998107910156,374.87264607852785,368.69873303380587,369.6634078670293,14254252
2023-04-06,371.7856750488281,373.9079714589481,367.1552476225258,370.4351361694516,14945689
2023-04-11,363.2965393066406,376.22317587176263,358.2802185192015,375.25850106183503,21931068
2023-04-12,344.5818786621094,358.4731910361346,341.68785402420656,357.89438022064587,40470596
2023-04-13,350.3699035644531,351.14163163839225,335.1280238680743,337.6361842676849,24956481
2023-04-14,352.4921875,355.19329476822924,346.31827429189656,353.4568623587518,12744724
2023-04-17,357.8943786621094,358.8590535372094,347.66881909814094,351.7204653493774,15710199
2023-04-18,352.4921875,357.8943725969181,348.2476240094001,357.8943725969181,13686354
2023-04-19,344.5818786621094,350.1769811862384,342.45958215183094,350.1769811862384,16279391
2023-04-20,344.388916015625,348.82642614351016,343.0383771348442,344.58186275839637,10530854
2023-04-21,336.86444091796875,343.0383535481305,333.77746988311907,340.723139991762,16523648
2023-04-24,332.81280517578125,338.40790722610944,326.06008159250456,334.9351015063408,20470625
2023-04-25,326.4459533691406,329.5329245705549,321.2367152263509,329.5329245705549,20949955
2023-04-26,335.8997802734375,339.7584795094814,323.5519250543737,323.93778909007034,25018346
2023-04-27,332.81280517578125,335.7068295686141,328.18237792306405,334.7421547710032,14757831
2023-04-28,332.2340087890625,342.2666212305404,331.65519799753616,335.70684409868096,15394102
2023-05-02,333.5845031738281,341.8807115734962,330.11169776704526,339.5654981557957,8648798
2023-05-03,327.4106140136719,330.883449105014,324.3236723854528,327.60356074523344,10551544
2023-05-04,325.8671569824219,331.4622888521787,321.23672941531464,328.5682642628515,17579228
2023-05-05,330.6905517578125,334.74219820936236,326.253070664596,331.2693625993971,14814925
2023-05-08,328.76116943359375,335.3209759242657,325.67422764934173,331.8481406573852,10715881
2023-05-09,316.7991943359375,327.2176997049513,316.606277042155,326.25302491742434,23541440
2023-05-10,317.9568176269531,319.69322047835345,313.9051717209679,315.44865727751176,15572919
2023-05-11,314.8698425292969,321.8155127260798,311.7829008948118,320.85083794538986,17571687
2023-05-12,316.6062927246094,322.58725903980854,315.4486711464213,320.07909858009424,17991214
2023-05-15,328.9541015625,332.233989942371,313.51930500824784,313.51930500824784,23740493
2023-05-16,332.619873046875,335.70684431060454,330.690523366929,335.70684431060454,14121222
2023-05-17,330.6905517578125,337.4432762173673,329.14709543297664,333.7775232865688,19562717
2023-05-18,327.7965087890625,330.8834801464197,317.7638960369626,329.1470771576192,34412000
2023-05-19,323.716064453125,326.24203634243855,319.6355981490888,323.52174523904733,22685856
2023-05-22,330.5168151855469,334.5972517582266,318.8583741511212,322.3558827422899,20042131
2023-05-23,326.0477294921875,335.7630967020325,324.49326480882274,335.3744879434283,15019611
2023-05-24,322.9388122558594,327.2135680589723,321.19005795197876,321.7729859362553,13547979
2023-05-25,313.2234191894531,321.1900318119901,309.33727247581487,320.41278467989457,26028377
2023-05-29,304.2853088378906,317.88682275135284,302.3422354216817,317.88682275135284,28838839
2023-05-30,307.1999206542969,309.1429940812084,298.8446989887877,302.9251353959334,21736553
2023-05-31,301.75933837890625,305.6454856094164,297.29026313402943,305.6454856094164,32131907
2023-06-01,306.4226989746094,314.19499332855736,302.3422622281567,303.7024078103076,22951704
2023-06-02,324.6875915527344,324.6875915527344,314.19497693306585,318.2754431155395,32055423
2023-06-05,328.5737609863281,329.1566593531407,320.6071472851177,326.43636814484717,19890895
2023-06-06,321.7729797363281,329.5452736463945,319.6355870514805,328.3794177003052,16700158
2023-06-07,326.0477294921875,330.32248513472973,325.076192771203,330.32248513472973,18254900
2023-06-08,325.2704772949219,325.65911569646266,318.85835875476164,323.3274038830073,13133723
2023-06-09,326.43634033203125,330.32248724074594,324.298947672659,326.8249490931131,16184167
2023-06-12,328.7680358886719,330.32250064502654,324.6875992583087,330.32250064502654,13488760
2023-06-13,334.98583984375,338.4833778678897,328.37940219177824,329.93386683016774,23119808
2023-06-14,335.7630920410156,343.34106649991924,334.20862737922977,336.7346287485134,22081967
2023-06-15,344.89556884765625,344.89556884765625,338.09481115206864,342.9524952203455,25008358
2023-06-16,352.6678466796875,354.02799222469537,345.67277009257685,348.78169960883696,35853943
2023-06-19,347.0329284667969,349.75321942496754,340.42646097717886,349.36461066650713,20273905
2023-06-20,340.0378723144531,348.97602253201285,337.31758119551733,343.9240194266183,16283873
2023-06-21,330.71112060546875,336.1517326122196,327.40790141710403,331.87697662439757,19304438
2023-06-23,327.40789794921875,331.09972588847273,323.5217507925515,330.3225083167192,13898721
2023-06-26,323.3274230957031,329.7395716658321,320.8014512292742,326.04774382339826,18157220
2023-06-27,331.6826171875,334.5972272324674,323.3273957954708,323.3273957954708,17490624
2023-06-28,326.63067626953125,331.29404093930236,324.29896428569623,330.3225041623542,15887756
2023-06-29,324.10467529296875,329.35096796797853,321.7729929539588,329.35096796797853,13517437
2023-06-30,322.16162109375,324.2989843458771,320.02422819267156,321.578693061733,16197039
2023-07-03,328.3794250488281,330.3224985698271,322.35588527415166,322.35588527415166,14198462
2023-07-04,329.5452880859375,331.4883616485929,326.6306777419544,326.82496730885015,9439642
2023-07-05,325.8534240722656,331.2940358697105,323.7160609850563,330.12817989563337,9861945
2023-07-06,317.4981994628906,327.4078862168679,316.1380539365866,322.74452165555437,19781825
2023-07-07,317.30389404296875,322.1615775719519,310.8917458549215,314.0006751730497,21595356
2023-07-10,319.4412841796875,326.2420416987717,318.08113860566067,324.2989681218905,17287899
2023-07-11,324.2989501953125,326.0477341072063,320.8014416694213,323.13312390299814,12361269
2023-07-12,330.322509765625,331.2940465590533,326.2420433736461,328.96236418461535,16847310
2023-07-13,339.8435363769531,340.62078355051074,337.1232453918717,340.03785558257954,27315463
2023-07-14,342.5638732910156,344.7012364097421,338.8720157512981,344.7012364097421,21213481
2023-07-18,326.824951171875,341.7866109358001,325.4648056749633,341.7866109358001,29147987
2023-07-19,323.5217590332031,324.29897662475366,317.692538149722,321.1900766096008,21913296
2023-07-20,323.3274230957031,332.07125396889285,321.19006000495955,326.43635259908353,16564481
2023-07-21,323.5217590332031,327.7965150846325,321.57868540537606,323.3274398108402,11843920
2023-07-24,315.74945068359375,321.57867131159855,314.58359469841304,319.2469889901865,17451591
2023-07-25,335.1802062988281,335.7631343265294,325.4648380003114,327.40791166001475,29203653
2023-07-26,331.29400634765625,334.9858338550017,328.57371551581707,334.9858338550017,14941840
2023-07-27,334.0143127441406,336.5403141479548,330.71109382328257,336.1517053894329,13651548
2023-07-28,340.4264831542969,341.9809479383521,328.9623609636707,334.01433445066283,22244305
2023-07-31,344.3126220703125,352.667844142317,340.8150838019212,349.75323386014907,36796567
2023-08-01,343.92401123046875,350.72476851468707,337.3175731568076,345.8670847402454,23436211
2023-08-02,333.6257019042969,342.3695323367569,330.5168022065685,341.5923148245617,21038298
2023-08-03,332.4598693847656,337.90045116572793,329.3509400965468,332.2655501858968,16661383
2023-08-04,333.6257019042969,340.6207781098439,329.5452654918507,338.6777046804084,19099499
2023-08-07,331.4883728027344,332.0712711719851,328.37944313829456,330.51683598871574,9480118
2023-08-08,325.2704772949219,327.6021891083772,323.91033183637114,324.88186854232845,15381749
2023-08-09,327.6021728515625,328.5737095093086,322.55017037170444,323.52170702945057,11917732
2023-08-10,330.128173828125,331.8769577570994,326.0477372917485,327.6022020122984,11185881
2023-08-11,326.2420654296875,331.8769970018989,325.07623898812625,329.15667600701863,12303930
2023-08-14,323.716064453125,324.88189079074294,318.4697421625215,318.6640613765992,15754526
2023-08-15,323.13311767578125,325.4647998644234,321.19004424375487,321.7729722031523,10787439
2023-08-16,319.4412841796875,321.57867697383676,318.27545782292873,320.41282096812813,16484843
2023-08-17,323.3274230957031,326.24203338676637,311.47469236808206,311.47469236808206,28817958
2023-08-18,315.74945068359375,323.3274256404203,315.74945068359375,320.02420654767405,18108794
2023-08-21,308.9486999511719,316.52667507152626,308.9486999511719,311.8633103280697,25696855
2023-08-22,309.92022705078125,315.3608388472932,305.4511520161839,309.1430095008291,24679965
2023-08-23,308.9486999511719,312.2519191151994,307.9771631588726,310.8917735357704,17244848
2023-08-24,315.9437561035156,318.6640470849051,311.86328998248337,311.86328998248337,22340826
2023-08-25,310.8917541503906,314.58358187134723,310.8917541503906,313.41775558265215,12542511
2023-08-28,315.9437561035156,324.1046586966321,315.55511769279025,321.19004850987994,19402834
2023-08-29,320.0242004394531,322.5502019264986,316.1380534282905,316.1380534282905,15382479
2023-08-30,316.52667236328125,324.49328585155195,315.7494547956718,324.29896663517474,15190035
2023-08-31,315.74945068359375,322.35588886908613,312.83484036959135,321.57867131159855,49737237
2023-09-04,323.91033935546875,325.07619528926006,319.05265571291835,320.6071204083241,30748869
2023-09-05,319.6355895996094,325.4648100786296,318.0811248754143,322.5501998391195,13250752
2023-09-06,318.2754211425781,319.63556655985207,314.0006656958831,319.63556655985207,16488562
2023-09-07,312.44622802734375,317.88683981455364,311.08608249277853,317.30391182861166,16724228
2023-09-11,314.7779235839844,316.1380691758535,306.42270116400215,306.42270116400215,18808064
2023-09-12,312.8348388671875,318.6640594671972,310.69744612093757,318.6640594671972,10399333
2023-09-13,311.0860900878906,316.72099157535695,309.92023408754255,316.72099157535695,10662703
2023-09-14,310.69744873046875,313.4177694893573,309.3373031754992,313.22345027481185,10153112
2023-09-15,308.17144775390625,312.6404927772266,307.97712855769817,310.8917386071401,19218155
2023-09-18,303.31378173828125,309.9202197030939,303.31378173828125,308.1714654326871,14736625
2023-09-19,303.508056640625,305.83973877155586,300.0105186197553,303.8966653876223,15579978
2023-09-20,300.3992004394531,303.7024197398426,299.23334438098567,303.7024197398426,13663748
2023-09-21,294.37567138671875,299.62196455094903,293.40413451745565,298.06749963033764,19116385
2023-09-22,304.6739196777344,305.0625284338479,291.65533362977374,293.4040878567581,21236877
2023-09-25,295.73577880859375,298.26178027162854,294.5699525056959,297.8731715039959,18307015
2023-09-26,291.4610290527344,294.958567331157,289.7122747379976,292.4325658162435,15924558
2023-09-27,293.40411376953125,295.54150659034633,289.5179665672858,289.5179665672858,14203461
2023-09-28,288.9350280761719,293.9870311154119,287.9634913108526,293.209783913787,15604031
2023-09-29,297.48455810546875,299.62192111865045,288.7407275495804,289.1293363111636,11252646
2023-10-03,292.0439453125,293.4040907970012,287.96347921004866,293.4040907970012,15122710
2023-10-04,289.12933349609375,291.4610156918389,286.9919408547745,291.26669648846524,10942209
2023-10-05,291.2666931152344,294.95855039394337,290.1008668553374,291.2666931152344,10801914
2023-10-06,296.51300048828125,298.6503633508899,293.20975212516123,295.1528254451396,11076858
2023-10-09,298.26177978515625,300.01053406112504,293.4040960753003,296.70731506821267,11396304
2023-10-10,299.4276428222656,305.8397617518855,297.2902500797596,299.23332360969266,16445252
2023-10-11,302.1479187011719,305.64545680885277,301.56499074173377,305.06252884941466,16424531
2023-10-12,307.5885314941406,308.1714594559536,305.83974760870177,307.5885314941406,13451541
2023-10-13,298.0674743652344,304.091014303673,296.70732879334656,303.89669508671057,13367440
2023-10-16,292.62689208984375,300.01054795152726,291.6553553028907,300.01054795152726,12452816
2023-10-17,293.598388671875,295.93007071147537,291.46099617368964,295.93007071147537,9202480
2023-10-18,291.4610290527344,293.01549380413877,288.9350275378209,291.65534826501585,12001017
2023-10-19,282.9115295410156,289.1293591646637,282.9115295410156,286.9919663335892,17216427
2023-10-20,280.77410888671875,281.9399647970384,278.05381796123606,279.21964422260834,19212180
2023-10-24,274.9449157714844,281.5513541848586,274.55630697933594,278.8310629908693,21619960
2023-10-25,279.6082763671875,287.9634986929128,277.0823044317623,284.07735153201264,17506229
2023-10-26,279.4139709472656,281.9399723883398,274.94489603597253,278.6367237698091,11446711
2023-10-27,284.4659423828125,286.2147262843272,278.83104121436617,279.41396918153777,16455031
2023-10-30,286.9919738769531,289.3236563409888,282.52289852566315,283.3001457796425,14357754
2023-10-31,280.96844482421875,286.9919549891396,279.80258884445385,286.9919549891396,13727382
2023-11-01,278.8310546875,281.7456650152439,276.30505314033206,280.57980902456654,11006036
2023-11-02,280.385498046875,285.8261095063099,278.63671419440635,281.7456434994969,10477412
2023-11-03,293.987060546875,295.5415254567954,283.10583582638424,283.8830831058205,21575201
2023-11-06,303.702392578125,305.2568573007405,298.4561000821277,300.9820719013108,26863379
2023-11-07,299.81622314453125,305.0625152476636,297.4845410596887,303.7023698355843,13397743
2023-11-08,299.6219482421875,305.64548836333154,298.6504114258062,300.5934850585688,12879809
2023-11-09,298.0674743652344,300.0105479390598,296.31872000837143,296.31872000837143,10272208
2023-11-10,294.1813049316406,295.9300888049728,292.62686990949766,295.9300888049728,9871831
2023-11-13,300.9820556640625,302.92512905027064,291.6553271294209,293.59840051562907,13586029
2023-11-14,299.03900146484375,303.11946769727115,296.9016383922451,302.92514848660363,12477388
2023-11-15,313.4177551269531,314.3892918572605,305.06253331651993,307.5885347451088,32454690
2023-11-16,315.55511474609375,320.6071175488671,307.1999226745845,320.6071175488671,35296026
2023-11-17,306.2283935546875,314.3892962741329,304.2853200667744,314.3892962741329,21970164
2023-11-20,317.30389404296875,319.44125700635294,307.19991823247324,307.19991823247324,27782719
2023-11-21,315.55511474609375,323.1331189502538,314.38928847164834,320.99572630701556,24188659
2023-11-22,315.1665344238281,320.6071464756289,312.83485201561365,318.6640728606251,14169841
2023-11-23,319.8299255371094,320.2185343262471,314.389313542331,317.30392393428906,14531153
2023-11-24,312.0576171875,320.21851998982277,310.891761223333,320.21851998982277,15236522
2023-11-27,313.6120300292969,315.74942259567706,308.9486658013086,315.74942259567706,12232068
2023-11-28,310.503173828125,315.16653870794397,307.97717216449354,315.16653870794397,15153725
2023-11-29,307.9771423339844,314.7778994202238,304.67392339331485,313.80636269361815,16856744
2023-11-30,317.6925048828125,317.6925048828125,307.9771377610139,308.3657465160964,30308092
2023-12-01,309.92022705078125,316.52666517222144,309.92022705078125,315.55512841030674,15149684
2023-12-04,307.7828369140625,314.9722327321012,306.2284018010318,313.8063767483789,14907238
2023-12-05,300.01055908203125,311.8633201821805,296.3187310142213,311.8633201821805,23730039
2023-12-06,302.7308654785156,305.8397653738569,293.79271527539197,297.87318159615484,15896242
2023-12-07,299.03900146484375,302.3422501524987,295.3471736537514,300.2048574309512,13703651
2023-12-08,296.901611328125,300.39914925868,292.4325367306907,298.6503654689294,16600566
2023-12-11,298.45611572265625,299.81626130786725,289.9065741247085,292.23825650634876,18402157
2023-12-12,302.5365295410156,302.92513830033437,297.4845563719765,298.261773890614,12995914
2023-12-13,298.26177978515625,301.9536075450674,295.7357783262415,300.787781244071,14145125
2023-12-14,297.6788635253906,305.0625489847477,295.9301091805993,301.1764018639229,17198776
2023-12-15,305.4511413574219,310.30882499748566,300.20484895594257,302.14792241196807,30917917
2023-12-18,302.7308654785156,303.7024022549878,300.7877919255713,300.7877919255713,12094993
2023-12-19,302.9251403808594,305.4511418072017,297.87316717712275,302.1479228568839,12530326
2023-12-20,305.2568664550781,309.1430135536841,303.3137929057752,307.1999400043811,14187408
2023-12-21,303.702392578125,304.6739293236411,300.2048543644773,300.39917357315994,10167030
2023-12-22,266.2010803222656,307.97716227065035,256.09710364128347,307.97716227065035,147014902
2023-12-27,276.8879699707031,282.71719039113896,274.16767896741237,274.16767896741237,64471032
2023-12-28,284.6602783203125,287.18627989390046,276.6936648149082,276.8879840317033,37840686
2023-12-29,285.2431945800781,287.380557632094,281.3570475957418,286.60334009480613,19624685
2024-01-02,288.1578063964844,296.31870917849585,286.0204136838141,291.46102542147133,23354069
2024-01-03,292.0439453125,293.0154820369934,284.07733231207516,285.6317970010541,20391718
2024-01-04,290.2951965332031,295.7358087782531,289.5179789191752,295.7358087782531,20217430
2024-01-05,283.8830261230469,288.15778153055834,281.35702485758,286.99192566989785,23745017
2024-01-08,279.8025817871094,286.214730216187,277.082290768203,286.0204110081443,16718452
2024-01-09,275.52783203125,280.9684438361039,275.3335128189895,277.8595143336305,16927478
2024-01-10,272.224609375,277.08229312795186,268.92136070383384,273.9733636664832,19146068
2024-01-11,279.21966552734375,284.07734944274273,272.0302992623432,272.61322726198097,20604580
2024-01-12,280.1911926269531,284.6602676044579,276.69365439895165,277.47090158792344,15770055
2024-01-15,281.1627197265625,285.4374753478716,279.41396549705576,281.7456476860473,16334371
2024-01-16,274.3619689941406,280.57979819010575,272.0302867517722,275.7221144981098,22236094
2024-01-17,266.78399658203125,270.8644331289309,264.4523143196674,269.1156788443951,36114167
2024-01-18,269.6986083984375,271.2530731320811,263.4807791128117,266.7839981412115,24604079
2024-01-19,263.48077392578125,274.55628675541163,260.5661637259339,267.1726016526753,26897479
2024-01-22,254.7369384765625,263.8693776657648,252.7938650469898,262.8978409509784,33654810
2024-01-23,264.25799560546875,270.2815353060552,255.70848407781244,259.2059926534318,35610787
2024-01-24,273.7790222167969,276.305023492926,264.4522938879298,271.64165932849244,33863638
2024-01-25,282.52288818359375,283.6887441974097,272.8075202316277,276.8879866310334,34160783
2024-01-26,274.7505798339844,281.9399754715745,273.1961447599689,279.9969019801066,24815795
2024-01-29,273.973388671875,280.1912185133613,271.4473869600036,277.8595360289229,20159014
2024-01-30,266.0067443847656,272.0302839606156,265.2295268616002,269.3099929805886,21505998
2024-01-31,262.8978576660156,270.0872238827448,260.7604648980112,266.0067575616272,20052974
2024-02-01,263.869384765625,269.8928947700048,260.3718465684973,262.31492005035176,17329472
2024-02-02,271.4473571777344,279.41397024519375,267.17260148378347,276.4993600471888,31053753
2024-02-05,271.6416931152344,275.33352106718763,266.0067619293137,270.4758371046439,20456590
2024-02-06,282.52288818359375,284.27167220431767,271.6416938667617,271.83598343643104,28856902
2024-02-07,283.8830261230469,288.5463902677964,280.5797777341576,286.60331693265977,26343654
2024-02-08,279.0253601074219,284.85458047471667,278.2481129357471,281.74565108591355,17910672
2024-02-09,279.0253601074219,279.2196496636296,273.3904292963348,276.4993586851379,6732059
2024-02-14,281.74566650390625,282.9115225007437,273.97337225552263,278.8310561607624,11567444
2024-02-15,277.276611328125,281.7456867722335,276.88800251753986,280.38554111070965,12568028
2024-02-16,283.494384765625,283.494384765625,272.418872801215,277.47087527919996,17215356
2024-02-19,276.69366455078125,283.1058132625529,275.72212776563254,283.1058132625529,15415304
2024-02-20,276.1107482910156,279.60825677155185,272.418890957525,278.8310392534211,15773028
2024-02-21,280.5798034667969,286.21473444485383,272.8075094134347,272.8075094134347,23947218
2024-02-22,283.10577392578125,283.10577392578125,278.63669940527274,279.9968744346482,12441270
2024-02-23,282.52288818359375,287.9635001664848,278.83106022142664,281.74567060701645,13229798
2024-02-26,279.0253601074219,281.93997029106924,277.27657620786465,279.2196496636296,12412426
2024-02-27,276.4993591308594,278.05382382776673,270.281529992178,278.05382382776673,23612599
2024-02-28,269.1156921386719,277.665204072667,268.5327641320472,276.8879864964675,25903478
2024-02-29,269.30999755859375,271.058751839917,266.78399609194463,267.3669240687019,29721885
2024-03-01,269.5043029785156,271.0587677916989,264.0636909568492,265.2295469789742,27952651
2024-03-04,268.33843994140625,272.030267425459,266.978264885122,269.5042661552905,13832089
2024-03-05,260.566162109375,265.4238457456501,258.62308865486494,262.50923556388506,26055083
2024-03-06,266.78399658203125,269.1156788443951,258.23445542143224,258.4287746303578,23289346
2024-03-07,263.2864685058594,267.75554364275985,261.53771415396125,266.97829642606644,17159729
2024-03-08,262.3149108886719,267.7555223776338,262.3149108886719,264.257984302662,12416156
2024-03-11,270.670166015625,270.670166015625,263.48079942339376,263.48079942339376,17866889
2024-03-12,282.52288818359375,284.27167220431767,272.2246218736697,273.9733762454436,36531141
2024-03-13,282.3285827636719,285.6318017521038,280.38550928236504,283.10580029661526,20074418
2024-03-14,280.96844482421875,285.63180944538,278.63673286468895,281.16273438821344,14227432
2024-03-15,275.72210693359375,278.05381876093924,271.6416705336341,274.9448894237769,29183023
2024-03-18,281.55133056640625,283.10579525355115,274.1676751881267,274.1676751881267,19633305
2024-03-19,276.8879699707031,282.9115095980661,276.8879699707031,280.77411691766036,15635351
2024-03-20,280.5798034667969,281.9399786452944,274.9449021376888,277.2765844239077,15622235
2024-03-21,282.9115295410156,289.71228717758856,281.357064722866,286.7976767619145,36868686
2024-03-22,280.5798034667969,282.1342682072591,274.3619741538969,279.21965793724826,26432205
2024-03-25,280.385498046875,282.32857145031977,276.8879599908849,280.5797875978511,21127168
2024-03-26,290.8780822753906,292.04393817587203,277.8594964151019,277.8594964151019,33998571
2024-03-27,293.40411376953125,298.8447257824649,287.3805737464707,287.5748929661631,38753084
2024-03-28,295.1528625488281,300.7877936745006,292.8211802015273,293.40410820058986,30000843
2024-04-02,300.3992004394531,303.50810051378096,299.03902515492405,300.2048812133915,26561604
2024-04-03,299.6219482421875,303.1194867109501,297.678874609425,303.1194867109501,19696947
2024-04-05,301.1763916015625,302.7308563267151,295.73577988800264,300.7877828325115,13582369
2024-04-08,296.70733642578125,302.1479485022354,295.73579961387696,296.5130468527707,21656541
2024-04-09,296.3187255859375,300.0105535861166,294.37565197553795,298.65040798862697,17879375
2024-04-10,305.2568664550781,306.2284032297296,297.67886182342687,297.67886182342687,24730145
2024-04-11,306.0340881347656,307.5885529249226,300.20486740838913,300.98208497899276,18834968
2024-04-12,300.7878112792969,308.94871479697383,300.5934920519195,305.06256744103706,23031342
2024-04-15,295.73577880859375,300.01053455044956,295.1528508326706,295.9300980168843,18295291
2024-04-16,293.2097473144531,299.6218950949666,291.46099321474287,292.62684904718003,19691636
2024-04-17,292.2382507324219,295.3471802791506,289.32364040071974,293.2097875096559,14410544
2024-04-18,295.73577880859375,300.01053455044956,290.1008775555496,293.5984157621401,19058907
2024-04-19,295.1528625488281,296.7073273300119,291.072425853289,294.7642537657696,19472600
2024-04-22,311.2803649902344,313.41775767385883,298.06745942089316,299.23331536631525,41133325
2024-04-23,322.9388122558594,324.1046682244124,315.94376539138796,316.7209829377907,43821652
2024-04-24,334.4029846191406,335.18020221396955,325.8534428312689,328.1851252647064,41472682
2024-04-25,329.73956298828125,336.5403201551242,326.82495277391996,330.51681016814655,27727556
2024-04-26,338.4834289550781,341.7866482796178,330.32252543299444,330.32252543299444,29599531
2024-04-29,337.7061462402344,344.70119234682556,335.374464204704,338.4833637024293,25416523
2024-04-30,337.3175354003906,340.8150436073486,334.20860627315517,339.6492174213445,15957023
2024-05-02,350.141845703125,350.91909290788396,335.5687941645742,339.0663324636162,22479610
2024-05-03,354.0279846191406,361.99459780281785,350.33615684072356,360.4401330780822,23592345
2024-05-06,359.6629333496094,362.38322451588584,352.6678565663983,354.22232136810635,26208326
2024-05-07,355.38812255859375,360.6344445988515,353.0564403456725,356.94258725019057,19408056
2024-05-08,351.1133728027344,361.21734899474393,349.55890808497554,355.97105651513783,20058148
2024-05-09,359.2742919921875,359.4686112091778,350.1418521236902,350.72478012571133,16026030
2024-05-10,360.44012451171875,363.5490538873019,354.61090416921115,363.16041547864313,15693045
2024-05-13,367.4352111816406,369.18396547430785,357.52552445932974,358.10845243986836,20558084
2024-05-14,370.9327087402344,373.8473189073361,367.8238090180279,370.1554912219197,21603101
2024-05-16,385.7001037597656,389.5862509009219,383.36842140486175,388.61471411563286,58430778
2024-05-17,387.0719909667969,392.1676342023089,386.2880596559778,389.03184914890727,27916392
2024-05-20,387.0719909667969,391.77563864183674,384.91613500445044,389.03184914890727,22331961
2024-05-21,375.90081787109375,385.5041113223186,371.9811013758896,385.5041113223186,30679849
2024-05-22,376.68475341796875,379.0365773603627,369.04131812892234,371.58913986029245,22374764
2024-05-23,374.13690185546875,376.29275774205723,368.84529093073337,372.9610049305617,18323988
2024-05-24,369.4332580566406,374.92086680984715,367.2774021483968,370.60918489842123,19143321
2024-05-27,369.8252258300781,370.0212236065232,355.12628974855625,364.5336148217427,32132068
2024-05-28,372.5690612792969,378.25263818113314,365.9055253579384,369.6292739359202,16614787
2024-05-29,363.5537109375,372.1770754074151,362.18181612252226,369.8252514524441,27378220
2024-05-30,360.6139221191406,366.68949472556477,358.45806605748976,362.57378039152724,22006500
2024-05-31,352.5784606933594,371.3931104402182,352.5784606933594,363.74967580215383,40035868
2024-06-03,367.4734191894531,371.3931356608073,359.24202058062207,359.4379884611517,28125374
2024-06-04,369.8252258300781,371.98108175072616,366.29747518950046,367.473402038047,18043066
2024-06-05,373.156982421875,380.0164859951085,370.0212273028628,370.0212273028628,20205424
2024-06-06,373.9409484863281,383.1522759947023,371.393126859315,379.6245252730736,18888938
2024-06-07,367.2774353027344,376.8807589640086,365.31757699289045,375.3128663351205,25247259
2024-06-11,366.2974853515625,370.21720174871166,360.02594509713646,360.02594509713646,26496779
2024-06-12,363.3576965332031,370.21720019951,362.1817995620167,366.2974838187632,14960058
2024-06-13,372.17706298828125,372.9610242171544,366.10152046609556,368.84531000449385,15337042
2024-06-14,372.17706298828125,375.90081153903674,371.00116600256615,375.90081153903674,20859332
2024-06-17,373.5489807128906,378.056630598531,367.27741061883654,368.64933526757494,15281150
2024-06-18,369.4332580566406,376.0967637465659,369.4332580566406,373.7449399680665,14278934
2024-06-19,381.1924133300781,383.1522714962996,370.8051590680918,372.7650172343133,22313477
2024-06-20,379.8205261230469,384.13220819318224,377.86066791797964,384.13220819318224,14049005
2024-06-21,373.7449645996094,377.46871324061925,370.41321153506857,376.096788533105,25855005
2024-06-24,372.7650146484375,373.35297807523773,366.493474541047,370.0212251967861,12919565
2024-06-25,374.3329162597656,377.272703560235,371.0011633002463,374.1369184777092,12789522
2024-06-26,374.3329162597656,375.31284535992205,369.4332707589833,371.5891267413527,11886907
2024-06-27,366.8854675292969,372.37307674657507,364.7296413438027,371.9811110678547,17513758
2024-06-28,364.9255676269531,368.45331814338067,363.3576751857563,364.1416363588852,15561097
2024-07-02,361.7898254394531,368.64932894525487,357.87010915042356,359.63396951846204,27266647
2024-07-03,371.78509521484375,373.1569899762513,359.43798255204996,359.43798255204996,22256951
2024-07-04,374.7248840332031,379.03656611720766,371.0011653936226,379.03656611720766,15437093
2024-07-05,372.17706298828125,377.86066975362496,371.1971338809871,377.07670852475184,10522095
2024-07-08,371.00115966796875,375.5088394655687,368.0613723962813,374.13691481473114,11623215
2024-07-09,373.3529968261719,374.52892373883094,368.45335119853183,369.4332803240598,13024401
2024-07-10,370.021240234375,378.05664104366105,369.2372789984273,377.4687074980295,15586645
2024-07-11,377.07672119140625,378.25264812168587,370.60921279006084,371.7851098152763,16590064
2024-07-12,389.0318603515625,389.2278581374426,381.3884251832549,382.9562878500417,27521352
2024-07-15,382.36834716796875,389.0318530926694,380.8004546253736,385.308134470936,13680185
2024-07-16,370.4132080078125,379.6245357709094,370.2172102214443,378.2526409815228,19061149
2024-07-17,364.337646484375,369.8252557125634,361.0058933510314,367.4734317305011,25857823
2024-07-18,361.7898254394531,364.1416492318584,359.63396951846204,360.61389859071943,18944747
2024-07-19,356.6941833496094,361.0058652991966,355.7142542744731,359.2420049259761,23088518
2024-07-22,365.70953369140625,368.25732529923386,358.06606915273926,359.82995938707535,16960926
2024-07-23,358.85003662109375,368.845295170472,358.65403884549227,367.473400456447,12104461
2024-07-24,355.9102478027344,362.1817878277257,353.362426256783,358.458039443624,11800216
2024-07-25,344.151123046875,354.3423800364842,343.95512525849136,352.97048523299014,25787277
2024-07-26,347.286865234375,351.20658161378117,345.3270070446719,345.71897270159997,13267324
2024-07-29,351.0106201171875,354.7343387832739,346.6989080974286,352.57848277339446,12872249
2024-07-30,346.5029296875,350.4226460190214,345.32700282601866,348.2667900746597,9749595
2024-07-31,354.9303283691406,359.4379782592063,343.9551105988337,345.1310374688889,20304313
2024-08-01,358.2620849609375,361.201872261101,356.3022267608285,356.4981946378017,12412285
2024-08-02,351.0106201171875,358.06609178530863,349.05076189186553,353.55841188605547,17707597
2024-08-05,349.4427185058594,356.89018555021687,341.9952514615019,344.93503872334855,22963458
2024-08-06,347.286865234375,356.1062270880389,342.38721976011726,353.36243758447966,17674374
2024-08-07,356.1062316894531,358.06608990448046,348.07083095087893,348.07083095087893,15840290
2024-08-08,360.8099060058594,366.8854484731198,352.18651199659206,353.9504023168131,18811540
2024-08-09,362.5737609863281,368.4533354888091,361.0058684713207,363.9456557225612,16353916
2024-08-12,367.4734191894531,369.04131175900744,362.5737736002604,364.5336318359375,10215275
2024-08-13,371.00115966796875,372.9610178490937,368.0613723962813,368.4533380514938,13590391
2024-08-14,366.2974853515625,371.7850942885839,361.985803295711,371.00116297117916,18692686
2024-08-15,361.0058898925781,367.27743041968415,356.89020543966365,358.8500637234508,21443850
2024-08-16,365.12158203125,367.66940362613957,361.39783357562294,364.53361860088125,16414338
2024-08-19,365.12158203125,370.0212274425522,363.74968729709786,370.0212274425522,15210162
2024-08-20,362.9657287597656,366.2974816829611,361.593834015516,365.3175525934882,11852608
2024-08-21,364.14166259765625,366.29748869271475,357.87012228602487,360.02594838108337,11647083
2024-08-22,370.21722412109375,370.21722412109375,363.74971559901365,367.2774366455793,16786859
2024-08-23,368.0613708496094,371.00115810894323,366.1015126767201,369.43326558961934,13055635
2024-08-26,374.3329162597656,377.07670577817856,370.0212342000898,370.4131998591398,16251125
2024-08-27,374.13690185546875,374.9208630438016,369.6292521190662,370.41318340233755,13675535
2024-08-28,366.6894836425781,375.3128478184173,364.9255933077044,375.3128478184173,14602521
2024-08-29,370.021240234375,370.41320589981717,361.59384385458344,362.5737729707205,12890430
2024-08-30,374.3329162597656,377.8606670013414,369.23727297692693,370.0212342000898,30873303
2024-09-02,370.21722412109375,375.50886550107145,368.8453292801999,372.3730802318302,13878671
2024-09-03,370.6092224121094,373.74497779916106,367.2774393248362,370.4132246169528,9814885
2024-09-04,365.3175354003906,369.04128370817295,363.74967285507296,366.6894599851353,13278870
2024-09-05,365.905517578125,369.04130263974633,362.9657302972535,362.9657302972535,9576319
2024-09-09,363.74969482421875,363.74969482421875,357.8701202089893,362.5737679391477,20078164
2024-09-10,361.20184326171875,363.1617013044789,358.6540218251184,361.7898066555589,12303441
2024-09-11,362.769775390625,363.1617410610748,357.6741319595862,359.2420245464492,12043623
2024-09-12,365.12158203125,369.43326401218343,362.1817947844687,363.55368951862084,13800366
2024-09-13,367.2774353027344,369.23729361257836,365.31757699289045,365.31757699289045,11013765
2024-09-16,370.21722412109375,370.21722412109375,362.96575432917103,365.1216104399075,7689238
2024-09-17,372.373046875,373.74494159300076,364.5336143092105,364.5336143092105,10147851
2024-09-19,380.99639892578125,381.97632796613055,369.04128257655645,371.98106969760437,25801963
2024-09-20,380.8004455566406,385.5040931673461,376.096768040873,382.1723402843412,28407069
2024-09-23,379.8205261230469,384.13220819318224,377.46870225797875,380.21249178304777,15223032
2024-09-24,394.1274719238281,394.1274719238281,381.5843622664427,385.1121127921155,42919010
2024-09-25,397.26324462890625,409.6103570669611,393.3435282933373,409.6103570669611,40112126
2024-09-26,421.3695068359375,421.3695068359375,398.6351400864852,399.81106695130813,50254878
2024-09-27,429.0129699707031,435.8724740217061,423.9173563329967,434.3046113055284,57154793
2024-09-30,435.67645263671875,448.21953225632524,425.48519670765586,440.57609778579325,75459468
2024-10-02,460.5666809082031,469.9740063290429,440.1841674172696,440.9680987418966,48766943
2024-10-03,456.84295654296875,467.0342131609305,444.1038782942509,461.5466042420087,31600782
2024-10-04,468.0141296386719,469.38602435514844,452.9232279473058,460.56666272843376,24663665
2024-10-07,468.7980651855469,472.71778149964854,460.17470125654813,470.16995991447004,25334387
2024-10-08,429.7969055175781,467.2301788702469,429.7969055175781,462.5265311930209,70468024
2024-10-09,425.4852294921875,443.9078847101877,415.4899406558931,439.98816828890574,46372903
2024-10-10,429.99285888671875,439.59618160258543,427.64103512744623,429.20892760198177,33111230
2024-10-14,427.24908447265625,431.9527321562017,415.4899353587299,431.9527321562017,30316807
2024-10-15,408.63043212890625,425.09322894329756,404.3187500970478,425.09322894329756,33478410
2024-10-16,407.4544982910156,417.253789061892,404.3187431873725,406.6705669913704,22490256
2024-10-17,404.3187561035156,418.2337314996429,401.770934440684,409.61036730781933,16476899
2024-10-18,422.1534423828125,426.85711998428843,403.14282391097026,404.3187507876049,25963857
2024-10-21,412.5501708984375,422.74142804650717,410.7863103958143,421.95749669091117,16334100
2024-10-22,413.1380920410156,415.0979501342794,409.6103414921286,414.7059844966389,11027704
2024-10-23,419.60565185546875,423.5253682486817,408.2384683341387,414.51000858226683,14656951
2024-10-24,413.5300598144531,417.0578103815603,411.1782360714022,416.46984696953217,11202752
2024-10-25,412.5501708984375,419.0177092498297,410.19834692658515,419.0177092498297,11951879
2024-10-28,408.8264465332031,413.7260922016017,405.29869567094335,412.55016527916047,15551935
2024-10-29,410.0023193359375,414.90196471496415,406.8665642363977,410.98224841174283,13797786
2024-10-30,402.7508544921875,409.6103580966773,402.3588888386577,405.29867609772475,17895482
2024-10-31,396.4793395996094,410.3943155700262,396.4793395996094,402.162916700826,22753709
2024-11-01,410.7862854003906,413.92204053703534,397.85120948467664,397.85120948467664,21086569
2024-11-04,410.59027099609375,415.29391846314144,407.6504838529236,414.50998718698725,11706119
2024-11-05,419.2136535644531,419.2136535644531,406.86657093021984,406.86657093021984,15270863
2024-11-06,411.3742370605469,417.6458074203875,404.9067287226899,416.4698805016514,20755203
2024-11-07,419.8016052246094,420.9775320639608,406.0825983224649,408.6304198710184,19924018
2024-11-08,412.3541564941406,427.2490908908943,410.9822617245862,426.26916178334636,19389836
2024-11-11,404.9067077636719,407.25853157434375,401.1829593171344,403.73078090580486,22857586
2024-11-12,395.69537353515625,405.4946649045763,394.91144218762827,401.18298268304426,27303282
2024-11-13,395.69537353515625,399.02715652481027,388.0519382290342,389.2278651553902,28307185
2024-11-14,395.30340576171875,406.67058967088144,389.81579664297846,393.53954528661757,34898922
2024-11-15,392.9515686035156,398.83114319608694,390.99171040599185,395.8913558998013,29061324
2024-11-18,396.0873718261719,405.10270200473195,393.5395500716638,397.0673009698239,20493537
2024-11-19,398.0472106933594,400.79100019969405,395.303391281962,398.43917635068397,13879296
2024-11-20,402.55487060546875,405.4946579659908,398.0472205767189,400.007078817067,15005135
2024-11-21,399.41912841796875,403.1428472343052,398.8311649456355,401.182988929904,12501718
2024-11-22,392.5596008300781,404.12275217114586,391.5796717365957,400.5950014535965,16949546
2024-11-25,387.2679748535156,394.3234461129553,385.8960502512071,391.97162235980875,27888308
2024-11-26,385.89605712890625,391.1876980491241,384.3281945355727,384.3281945355727,16940574
2024-11-27,394.7154235839844,398.047206397946,384.13220142511335,386.68002302782304,16685594
2024-11-28,391.9716491699219,396.0873634482315,389.4238274693047,393.3435439610039,13067643
2024-11-29,390.01177978515625,394.71542747883154,387.0719925003435,387.0719925003435,15626995
2024-12-02,391.775634765625,393.53952505511006,387.6599505669512,390.01177438120226,13334410
2024-12-03,396.2833251953125,396.2833251953125,386.48403411775746,395.10742820904375,18362569
2024-12-04,395.107421875,397.45924571489803,391.77563903799324,394.12749278295394,14053234
2024-12-05,397.0672607421875,398.43915542329825,392.75554902289497,395.3033705192784,13314801
2024-12-06,404.3187561035156,406.2786143202994,396.87128889872446,398.63514933180466,27711445
2024-12-09,410.394287109375,412.74614082753027,398.04720461437125,398.04720461437125,22461949
2024-12-10,402.9468688964844,422.3494536448244,402.1629076520172,421.36952451803825,30282843
2024-12-11,401.5749206542969,406.67056377689966,399.02712899805744,406.4745660010065,13098201
2024-12-12,407.258544921875,414.31401658512726,400.98700458618526,405.6906523616868,23414258
2024-12-13,401.5749206542969,406.67056377689966,400.3990237141237,404.7107056382158,16296064
2024-12-16,397.459228515625,403.14280504152146,395.6953382832334,401.77091035303556,14059845
2024-12-17,394.5194396972656,399.811050561926,393.735478517833,393.93147628895645,16779048
2024-12-18,397.8511962890625,400.5949856807556,395.89133817926415,399.81105439886085,14906072
2024-12-19,406.8665466308594,413.530052095974,393.34350802686447,394.1274691966232,34671236
2024-12-20,417.8417663574219,421.1735193490891,405.88664916319686,405.88664916319686,44834041
2024-12-23,411.7662353515625,422.34945806970586,407.8465188033518,421.9574923958976,20856154
2024-12-24,411.5702209472656,411.5702209472656,411.5702209472656,411.5702209472656,0
2024-12-27,409.02239990234375,412.5501506394179,407.2585394863381,409.2183976841501,13545082
2024-12-30,410.59027099609375,413.3340603676947,407.45448608135445,409.6103419483704,13515622
2024-12-31,411.3742370605469,411.3742370605469,411.3742370605469,411.3742370605469,0
2025-01-02,407.6505126953125,416.4698747488169,405.2986887953907,408.63044181236853,20733037
2025-01-03,405.88665771484375,410.59030557805613,402.1629090768255,409.6103764477982,16843241
2025-01-06,401.1829528808594,406.67056162109617,399.02712688277256,406.67056162109617,16869318
2025-01-07,371.9810791015625,384.9161248181441,369.0412919061946,372.96100816668513,142920468
2025-01-08,361.7898254394531,372.1770496813318,358.26207479831413,363.7496835839679,95456188
2025-01-09,365.905517578125,371.78509213986797,357.6741191726974,357.6741191726974,60578450
2025-01-10,362.1817932128906,371.78508621534735,362.1817932128906,366.1015095249239,37053933
2025-01-13,358.654052734375,364.14166170804475,357.4781258453518,357.4781258453518,34785015
2025-01-14,367.4734191894531,371.9810991125231,358.26209146278353,358.26209146278353,40623785
2025-01-15,372.373046875,377.6646578758955,365.5135433799342,365.9055090272113,29158255
2025-01-16,374.7248840332031,378.8405982391083,369.0413071822512,376.29277658331284,26141103
2025-01-17,372.17706298828125,374.52891676983756,370.8051682190821,373.3529898790594,17138321
2025-01-20,381.9763488769531,384.916136158936,372.569053498658,372.569053498658,31141403
2025-01-21,379.6245422363281,384.3282200437012,378.6446130979251,384.132222253995,25249668
2025-01-22,375.7048034667969,380.8004466472063,373.3529796547088,377.27269597654305,17859069
2025-01-23,373.5489807128906,378.2526283783686,371.9810881893771,375.31284111117924,21256810
2025-01-24,382.76031494140625,384.52417537090355,374.52891642864694,375.50884553504835,24079119
2025-01-27,387.6599426269531,390.01176639303446,380.2124757801442,380.2124757801442,23605938
2025-01-28,393.9314880371094,393.9314880371094,393.9314880371094,393.9314880371094,0
2025-02-03,396.0873718261719,396.67530538831176,386.2880803896517,391.9716574608077,27917841
2025-02-04,412.3541564941406,412.7461520612103,398.83114677200456,400.98700277063523,31276268
2025-02-05,409.41436767578125,413.1381162138972,401.7709326268565,413.1381162138972,32129392
2025-02-06,411.9621887207031,411.9621887207031,405.1026850030247,407.8465044331339,19585105
2025-02-07,419.60565185546875,423.7213361253046,409.4143653090649,411.96218694566585,34567530
2025-02-10,428.2290344238281,430.97282405536475,420.1936035092272,420.97756476471204,31411302
2025-02-11,418.8216857910156,432.344725134273,417.05782539649016,431.1687982678811,30893563
2025-02-12,435.2845153808594,435.6764810373244,417.44979391360516,420.38958119468685,38264929
2025-02-13,433.128662109375,455.2750657457538,428.2290166104002,439.98816580793977,60985718
2025-02-14,465.27032470703125,465.27032470703125,437.63634203071894,440.7720972076075,74519223
2025-02-17,483.6930236816406,501.7237136602947,475.2656271977401,495.84413889083817,126223580
2025-02-18,493.3943176269531,502.7036443746315,483.8889930909823,484.2809886675672,62529454
2025-02-19,487.8086853027344,490.45450578748904,483.30103544731884,489.9645412462428,34127174
2025-02-20,477.02947998046875,483.10505243970744,472.91379565120087,481.3411919993159,34549151
2025-02-21,506.62335205078125,506.62335205078125,489.37659365952925,494.8642026801635,73545153
2025-02-24,487.22076416015625,511.52299406159375,487.22076416015625,511.52299406159375,67542767
2025-02-25,475.0696105957031,481.14518291222055,466.8382122254679,468.21010696966334,56509529
2025-02-26,491.4344177246094,497.8039565385874,478.00937780081586,478.2053755725012,40489654
2025-02-27,485.4568786621094,501.723707988047,481.7331599789109,493.3943104921517,38902820
2025-02-28,468.99407958984375,487.80870062150194,466.446257914341,482.9090550551748,52160819
2025-03-03,473.50177001953125,487.0247801212341,470.1699870363006,473.89373569253956,32752021
2025-03-04,481.1451721191406,483.10503025404546,463.7024466805122,469.38602330971156,31124964
2025-03-05,495.3541564941406,498.78390831952044,488.00468829689817,491.9244046687608,35165757
2025-03-06,533.0814208984375,533.0814208984375,510.54305200015796,510.54305200015796,79683892
2025-03-07,522.7921752929688,536.0212181541779,518.3824943392324,528.1817853475354,46494425
2025-03-10,506.1333923339844,526.7119039293642,501.72371127783157,517.4025772552639,34415026
2025-03-11,507.11328125,509.5631038647343,490.45448746980674,491.43441651570043,33852768
2025-03-12,501.72369384765625,514.4627720117569,494.8641902208328,512.5029138326645,28031056
2025-03-13,497.3139953613281,505.64339232797107,489.1805961676896,502.70360516327355,27326941
2025-03-14,511.03302001953125,520.3423463669628,497.31401277068477,502.70362276130305,30711707
2025-03-17,513.9728393554688,523.7721308589096,511.52301647960854,521.3223079830493,22096160
2025-03-18,530.1416015625,532.5914241205522,522.7921338883433,527.6917790044478,33639833
2025-03-19,529.1616821289062,534.0613273338035,523.2821078830295,531.6115047313549,31604153
2025-03-20,509.0731506347656,530.1416255888512,507.6032570333178,529.6516610550352,49845030
2025-03-21,501.2337341308594,515.4427060661428,495.354159536949,507.6032732742623,42260479
2025-03-24,502.7036437988281,507.11332488478274,494.37424619202494,503.6835729290402,24598555
2025-03-25,491.9244079589844,505.15345080250285,490.9444788594645,502.70362805370314,27744935
2025-03-26,496.3341064453125,500.25382298189936,491.9244253416523,491.9244253416523,17310634
2025-03-27,498.7839050292969,505.6434086348078,491.92440142378587,498.7839050292969,17595617
2025-03-28,499.27386474609375,506.13336828529424,493.3942902839219,501.23372290015107,18594342
2025-03-31,487.0247802734375,497.3140361947073,484.6729563295886,494.86421335630973,28036973
2025-04-01,493.88427734375,501.2337457566034,489.9645608568948,490.9444899786086,19518013
2025-04-02,493.88427734375,498.78392295231896,489.1806295215492,494.8642064654638,14247546
2025-04-03,487.8086853027344,490.45450578748904,481.34117728233383,483.1050376687954,29219618
2025-04-07,426.6611022949219,453.1191866390887,422.34942045688473,432.9326422325269,123364114
2025-04-08,431.5607604980469,442.14401249642896,421.369504055394,431.95272614871385,65120104
2025-04-09,432.3447265625,438.02830332369064,410.59028879782187,417.44979242928906,66484213
2025-04-10,435.8724365234375,452.3352627725802,434.1085761669509,450.76737028622443,57799983
2025-04-11,434.50054931640625,443.5159088398571,423.3293637539127,431.1687964160222,46594597
2025-04-14,444.8878173828125,449.9834607333634,439.7921740322616,443.9078882696345,30346489
2025-04-15,446.84765625,455.27505223923606,442.5359743198282,455.27505223923606,20245398
2025-04-16,439.0082092285156,442.5359597479713,431.3647746905793,441.55603070951474,27322773
2025-04-17,448.8075256347656,452.72724201585527,440.77209509150674,441.3600585296827,24479822
2025-04-22,451.15936279296875,453.5111867099959,444.1038910418873,450.76739712430816,24043746
2025-04-23,464.6824035644531,469.7780170771986,461.9385840683006,466.4462640294297,27001392
2025-04-24,461.5466003417969,468.2101061766386,455.6670258151498,467.426174868444,18912016
2025-04-25,468.6020812988281,476.0495181170621,465.4662963926845,470.36594161787065,28746958
2025-04-28,468.6020812988281,472.7177653449478,465.2702986216526,472.7177653449478,13805160
2025-04-29,463.5064697265625,468.7980809475021,459.58675328067187,468.2101174996059,16367401
2025-04-30,467.6221923828125,467.6221923828125,459.978727232561,465.4663363367012,15312733
2025-05-02,478.0093994140625,479.9692575992863,467.81814283191125,468.60210404903836,13240838
2025-05-06,485.4568786621094,486.8287734451265,475.46161961007306,481.7331599789109,19813305
2025-05-07,479.9692687988281,499.2738843357592,479.77330091877064,498.78391977802045,25616342
2025-05-08,488.0046691894531,491.9243854078423,476.83348394805626,477.22544958888284,19815740
2025-05-09,484.67291259765625,493.39427513441217,482.1250910945994,489.9645234701213,13777285
2025-05-12,507.11328125,511.03299743357485,488.98459390096616,493.88423913043476,35846811
2025-05-13,495.8441162109375,509.56312337882906,495.35415166922706,509.56312337882906,23119901
2025-05-14,510.54302978515625,510.54302978515625,500.25377486626155,501.72366842610364,24294663
2025-05-15,509.5631408691406,521.3222902738131,504.6634952838604,520.8323257152852,32799956
2025-05-16,502.1495056152344,511.0458551241657,500.66678069707916,503.6322305333896,21334027
2025-05-19,508.08038330078125,511.0458330087625,496.7128260868533,502.14948388481884,22457714
2025-05-20,511.04583740234375,511.5400790245897,505.60917955763796,506.5976628021299,15792185
2025-05-21,514.5055541992188,518.4594873726998,509.56313773236747,513.0228292591634,18924042
2025-05-22,510.5516052246094,514.0112966443309,507.0919138048879,514.0112966443309,14281176
2025-05-23,512.0343017578125,514.5055097778792,506.5976441136658,512.0343017578125,16262610
2025-05-26,504.12646484375,511.0458476945466,502.149498314951,509.06888116574754,17286567
2025-05-27,506.1034240722656,508.5746321976185,501.1610078215599,502.6437326967716,14986877
2025-05-28,500.1725158691406,509.0688649656273,496.7128245538403,507.0918984997414,16813826
2025-05-29,504.6206970214844,506.10342189030365,497.7013143003279,502.1494889067857,19368449
2025-05-30,492.4623718261719,500.66677081152375,490.2876965893698,500.17252918189735,28284004
2025-06-02,492.6600341796875,493.4508388607571,483.9613938507206,487.3222307884526,13086586
2025-06-03,499.1840515136719,499.678293148834,495.2301184323755,498.1955682433478,14609189
2025-06-04,506.1034240722656,507.09190732240677,501.1610078215599,504.12645757198334,18378499
2025-06-05,509.0688781738281,511.54008632030303,503.1379786222884,511.54008632030303,19329282
2025-06-06,509.0688781738281,510.5516030617131,505.1149451394683,509.56311980312313,13137101
2025-06-09,512.0343017578125,514.9997513818925,506.5976441136658,514.0112681738658,18481403
2025-06-10,507.5861511230469,514.0112922765032,502.64373485115743,513.5170506493142,17039003
2025-06-11,512.0343017578125,512.0343017578125,508.57461052971917,511.0458185497858,14784979
2025-06-12,504.12646484375,512.034330958946,502.149498314951,512.034330958946,13368048
2025-06-13,504.12646484375,509.5631227979473,500.172531786152,504.62070647594976,19085310
2025-06-16,503.6322021484375,506.1034102060844,498.6897860331437,501.1609940907906,13784320
2025-06-17,507.5861511230469,508.08039275023583,500.66676834240167,508.08039275023583,11524031
2025-06-18,502.1495056152344,505.1149554515448,497.70133086076873,504.1264721727747,15187515
2025-06-19,492.2646484375,500.1725142758534,490.28768197791163,497.2070645864709,19387767
2025-06-20,499.67828369140625,499.67828369140625,490.2876928010633,498.6898004397912,20622275
2025-06-23,498.195556640625,498.195556640625,488.90382014920135,492.4623658727145,14252887
2025-06-24,503.6322021484375,505.1149269830256,498.19554442161433,502.14947731384933,17768858
2025-06-25,506.59765625,509.0688643292683,502.1494817073171,506.10341463414636,17592461
2025-06-26,507.0919189453125,507.0919189453125,501.6552609449241,506.1034356725146,15000643
2025-06-27,507.0919189453125,508.5746438545093,504.12646912691883,506.1034356725146,15181667
2025-06-30,497.2070617675781,505.60916917319327,497.2070617675781,503.1379611127182,18464531
2025-07-02,495.7243347167969,502.64371725521676,494.24160988713544,502.14947564532963,18203168
2025-07-03,495.2301025390625,497.7013106355648,488.11301115469007,494.2416193004616,18956331
2025-07-04,491.0784606933594,495.72434397955374,487.3222364544765,487.3222364544765,14658173
2025-07-07,496.2185974121094,496.2185974121094,488.3107313178925,489.4969232984711,11631687
2025-07-08,498.6897888183594,499.18403043264914,494.2416142897516,499.18403043264914,13172857
2025-07-09,491.8692626953125,498.1955493522773,489.29920025670094,498.1955493522773,17820435
2025-07-10,490.88079833984375,493.8462481524089,488.5084445230147,491.8692816106988,14032556
2025-07-11,490.88079833984375,499.18405178180313,490.88079833984375,491.2761856149627,19225560
2025-07-14,494.24163818359375,495.7243630981445,490.287705078125,491.27618835449215,11704663
2025-07-15,511.5400695800781,512.034311193199,494.2416131208484,496.71282118645263,27446891
2025-07-16,510.5516052246094,519.9421962209962,510.0573635932206,514.0112966443309,23250693
2025-07-17,511.04583740234375,513.5170455135736,505.11493793539194,513.5170455135736,13735794
2025-07-18,513.0228271484375,518.9537268842577,510.5516189251792,518.9537268842577,13781113
2025-07-21,515.4940185546875,516.4825018117435,508.57463575529573,516.4825018117435,13273287
2025-07-22,519.9421997070312,519.9421997070312,513.0228168211962,515.4940249947088,17600260
2025-07-23,545.6427612304688,545.6427612304688,520.9306796530019,523.8961294422979,46744850
2025-07-24,550.5851440429688,553.5505936518177,541.6887952164217,547.1254528326449,24180342
2025-07-25,544.1600341796875,548.6082088460065,539.7118595133685,545.6427590684605,19886923
2025-07-28,549.1024169921875,551.573624989452,540.206068202035,544.1600009976584,14661199
2025-07-29,548.6082153320312,550.090940238334,539.7118658942145,545.1485238839914,16847424
2025-07-30,542.6773071289062,549.5966899156136,536.2521659698208,543.6657903841501,19362555
2025-07-31,543.665771484375,552.5621204723011,538.7233553799716,540.7003218217329,20453269
2025-08-01,528.8385620117188,548.1139862345758,527.355837071499,545.1485363541362,21203861
2025-08-04,543.665771484375,545.1484963156961,526.8615567294034,529.8270063920455,17340007
2025-08-05,552.5621337890625,552.5621337890625,542.677301342031,548.1139591878983,17347823
2025-08-06,561.9526977539062,563.4354225500907,551.5736241806151,553.5505905755276,20737133
2025-08-07,560.4700317382812,565.4124482439098,554.0448902809641,564.4239649427841,16940382
2025-08-08,554.5391235351562,561.9527481813482,551.0794320336,560.4700232521097,13305719
2025-08-11,554.5391235351562,556.0218484643947,547.1254988889643,554.5391235351562,11790350
2025-08-12,553.056396484375,557.9988128962103,549.5967049960902,551.0794299196409,13827897
2025-08-13,579.2511596679688,579.2511596679688,559.4814955154783,561.4584619307274,37596415
2025-08-14,583.2051391601562,593.0899720272776,582.2166558734441,593.0899720272776,36339315
2025-08-15,585.1820678710938,589.6302423734923,577.7684437004295,580.2396517573176,22176876
2025-08-18,580.2396850585938,589.1360345739726,580.2396850585938,587.1590680149995,17590658
2025-08-19,585.6763305664062,590.1245052289358,576.2857396121769,581.2281559038765,16359474
2025-08-20,583.6993408203125,587.653273696318,578.7569247253056,582.2166159918104,15952765
2025-08-21,586.1705932617188,590.1245264371772,582.7109017331926,583.6993850270571,14290178
2025-08-22,593.0899658203125,599.5151071166993,588.6417910766602,592.1014825439453,19378950
2025-08-25,607.4229736328125,613.8481149324273,600.9978323331977,601.4920739716296,25694519
2025-08-26,602.4805297851562,610.8826372554989,602.4805297851562,604.9517378646689,20656474
2025-08-27,592.1014404296875,607.422930123611,588.1475076054492,605.9402053145217,21263402
2025-08-28,587.1590576171875,592.1014739270964,583.2051245692603,588.1475408791694,21712370
2025-08-29,589.6302490234375,598.0323565116172,587.1590409386788,588.641765789534,18234935
2025-09-01,598.0323486328125,602.9747647372159,594.5726573597301,598.0323486328125,15958837
2025-09-02,593.5841674804688,601.4920331588097,592.1014426657798,598.5265835294318,14808157
2025-09-03,591.6072387695312,605.9402462251005,589.1360305875365,599.5151049519143,15523985
2025-09-04,585.6763305664062,598.0323712956553,584.1936056788963,598.0323712956553,18003934
2025-09-05,598.526611328125,601.9863027230853,588.6417787710957,592.5957117939074,19047729
2025-09-08,610.388427734375,611.8711526600455,598.0323866871204,598.5266283290106,21815489
2025-09-09,619.7789916992188,620.7674749395684,610.3884009158973,612.8596090167713,19871460
2025-09-10,626.2041625976562,631.6408206786147,620.767504516698,622.7444710915919,19193376
2025-09-11,622.2501831054688,625.7098743538709,616.8135254294083,625.7098743538709,18191860
2025-09-12,636.0889892578125,641.525647285657,634.6062643411276,637.5717141744974,20780375
2025-09-15,636.0889892578125,641.0314056467621,630.158089591073,638.5601974522873,16371242
2025-09-16,637.5717163085938,642.0198910735375,633.12354154365,639.5486828707909,13339685
2025-09-17,653.8816528320312,655.8586192805029,637.5716796321393,639.0544044684931,22349048
2025-09-18,634.6062622070312,656.8471358825113,628.1811209230037,654.3759276963468,29989898
2025-09-19,635.1004638671875,639.5486383222884,630.6522894120866,639.5486383222884,20805608
2025-09-22,633.6177368164062,636.088944838311,626.6983543550726,634.6062200251681,12899662
2025-09-23,628.1810913085938,636.0889571315187,619.7789838717362,634.1119906757874,15293080
2025-09-24,641.0313720703125,643.5025801353485,620.7674659370182,626.2041236800972,18440788
2025-09-25,642.5140991210938,651.4104481858474,636.0889581298828,643.5025823505108,17384258
2025-09-26,636.5831909179688,645.479539859369,632.6292580551242,637.57167413368,19504951
2025-09-29,652.39892578125,656.847100275213,640.0428855202415,642.0198519620029,20489556
2025-09-30,655.3643798828125,658.8240711793281,649.9277221311452,650.4219637449331,20610633
2025-10-02,668.7089233398438,675.1340645101453,657.8356075131796,659.8125740271186,17137745
2025-10-03,665.7434692382812,672.1686103667873,662.2837778613934,669.2031606151692,7125093
2025-10-06,669.6973876953125,674.6398038406653,662.2837634772832,667.2261796226361,7828323
2025-10-08,667.2261962890625,672.1686125578703,661.7895383933738,672.1686125578703,10540730
2025-10-09,667.720458984375,673.1571170516053,657.8356261348654,667.2262173418995,14454705
2025-10-10,643.996826171875,661.2952827459468,640.0428932406586,661.2952827459468,19904705
2025-10-13,631.6408081054688,641.0313991492902,615.3308341872524,622.7444586955326,38012175
2025-10-14,613.8480834960938,636.5831976996527,609.894150591127,635.1004728602902,26797863
2025-10-15,619.7789916992188,625.7098911413166,613.3538506369462,617.3077835983447,18381023
2025-10-16,612.859619140625,621.7559684507308,608.411444485572,618.7905186806955,14285465
2025-10-17,600.997802734375,613.3538430866442,595.5611449793765,611.3768766302811,18654519
2025-10-20,620.2732543945312,625.2156707642088,614.3423547509182,616.813562935757,14963360
2025-10-21,623.2387084960938,636.5832327858594,622.7444668557321,635.5947495051361,14171988
2025-10-22,616.3193359375,621.7559940732759,609.3999528556035,618.7905441810345,9979448
2025-10-23,625.7098999023438,628.675349664914,610.882651089492,612.8596175978722,12419348
2025-10-24,630.1580810546875,634.1120141122856,626.2041479970895,631.6408059512868,11997034
2025-10-27,648.4450073242188,648.4450073242188,638.560174895496,641.5256246241128,16043970
2025-10-28,637.5717163085938,648.4450324006783,633.6177831841993,648.4450324006783,16295470
2025-10-30,643.5026245117188,656.3529073360695,637.5717247466338,649.4335242768037,21772780
2025-10-31,621.7559814453125,647.4565466560886,621.7559814453125,643.9968551854071,20578283
2025-11-03,620.7674560546875,626.6983553163565,615.3307983981575,623.2386640803829,11591004
2025-11-04,621.7559814453125,632.6292974960254,618.2962899746311,623.7329479999876,14972125
2025-11-05,621.7559814453125,624.7214312773251,605.9402490079118,613.8481152266122,13309811
2025-11-06,636.5831909179688,638.0659157415355,622.2501842901573,622.2501842901573,13081287
2025-11-07,626.6983642578125,635.5947132772451,621.2617065237147,630.6522971553381,13314360
2025-11-10,642.0198974609375,643.502622397337,633.6177894880076,633.6177894880076,14513815
2025-11-11,642.5140991210938,654.3758978740985,633.6177500563401,654.3758978740985,13087772
2025-11-12,649.4334716796875,650.916196500874,644.4910556090658,647.4565052514388,13658568
2025-11-13,648.4450073242188,652.3989402957079,637.5716916526236,642.0198662455489,17299913
2025-11-14,633.6177368164062,651.4104345741213,632.6292536076443,637.571669651454,19956444
2025-11-17,629.1696166992188,635.1005164638618,625.7099251698436,632.6293082285939,13794477
2025-11-18,616.3193359375,633.6177936422414,613.3538860452586,620.7675107758621,18818609
2025-11-19,615.330810546875,624.2271596150226,612.3653608574924,620.2732266958459,13959708
2025-11-20,613.8480834960938,623.2386741453898,608.4114257517643,619.284741240423,14015988
2025-11-21,602.9747924804688,607.9172088122758,599.020859415023,602.9747924804688,23732050
2025-11-24,617.3078002929688,620.273250094216,606.4344843550622,607.9172092556859,22376801
2025-11-25,617.802001953125,627.686833984375,613.3538275390625,625.709867578125,14877620
2025-11-26,612.3653564453125,622.7444302833686,610.8826316113045,621.2617054493606,14429595
2025-11-27,604.45751953125,613.3538689601646,601.9863113565515,610.8826607854661,15493209
2025-11-28,604.45751953125,609.8941775155866,601.4920697216119,604.45751953125,13216245
2025-12-01,612.3653564453125,615.8250477246645,605.9402154979445,606.4344571092804,12643338
2025-12-02,609.8941650390625,618.7905142859856,607.9171985397462,618.2962726611565,11460186
2025-12-03,603.9632568359375,608.905673012991,601.4920487474108,608.905673012991,11002158
2025-12-04,604.9517211914062,605.9402043959674,598.0323387594784,602.9747547822841,15329748
2025-12-05,602.9747924804688,603.9632757468302,597.0438928823002,598.0323761486616,14638391
2025-12-08,598.0323486328125,602.4805231267756,597.0438654119318,600.5035566850142,13421327
2025-12-09,595.5611572265625,602.9747815903786,589.1360161112552,602.4805399661242,17431321
2025-12-10,596.055419921875,596.055419921875,588.1475536542548,595.0669366384225,14750743
2025-12-11,594.5726928710938,604.95176731024,592.101484671297,601.986317470484,12480887
2025-12-12,608.9057006835938,608.9057006835938,594.5726931188013,600.9978344409496,17825495
2025-12-15,596.055419921875,601.4920779808639,595.0669366384225,599.0208697722326,15165502
2025-12-16,589.6302490234375,596.0553900438102,585.1820744708717,595.5611484268585,15987678
2025-12-17,598.0323486328125,599.0208318536932,587.6532748135654,590.124482865767,14824785
2025-12-18,598.0323486328125,599.0208318536932,592.1014493075285,594.0784157492898,10153604
2025-12-19,606.9287109375,610.3884022864922,600.0093282395155,602.9747779672232,17765762
2025-12-22,607.4229736328125,614.3423565708591,602.9747988869253,612.8596316555635,13868060
2025-12-23,595.06689453125,607.4229347000883,594.5726529244964,606.4344514865812,15623392
2025-12-24,595.5611572265625,595.5611572265625,595.5611572265625,595.5611572265625,0
2025-12-29,589.6302490234375,603.9632559150382,589.1360074064858,599.0208397455208,18502650
2025-12-30,593.0899658203125,594.0784490966797,587.1590661621094,591.6072409057617,13582535
2025-12-31,592.1014404296875,592.1014404296875,592.1014404296875,592.1014404296875,0
2026-01-02,615.8250732421875,617.3077981376342,593.5841998104873,593.5841998104873,16200058
2026-01-05,617.3078002929688,620.7674917277573,608.411450889227,616.8135586594276,19947025
2026-01-06,625.2156372070312,631.1465365323154,618.7904962713069,619.7789794921875,24168431
2026-01-07,617.3078002929688,622.2502166283808,607.9172092556859,620.273250094216,21378622
2026-01-08,608.9057006835938,613.8481170852463,602.9748010016107,611.37690888442,18742539
2026-01-09,603.9632568359375,609.8941562484017,602.9747736005269,608.905673012991,17813669
2026-01-12,615.8250732421875,620.2732479285276,606.4344822376919,608.9056903967697,27530129
2026-01-13,620.2732543945312,631.6408120447895,615.3308380248537,629.6638454969186,24212695
2026-01-14,625.7098999023438,631.1465578003894,618.7905171230129,626.6983831565339,28677291
2026-01-15,614.8366088867188,625.2156834740348,611.3769173576135,623.7329585329896,26194252
2026-01-16,610.388427734375,622.7444687816295,606.4344945992535,619.7790189302884,20616793
2026-01-19,602.9747924804688,607.4229671790952,601.4920675809266,606.4344839127338,13233330
2026-01-20,594.0784301757812,600.0093296450902,591.1129804411268,594.0784301757812,24332228
2026-01-21,595.5611572265625,599.0208485963434,591.1129826082728,591.1129826082728,16003431
2026-01-22,590.6187133789062,598.5265789973686,589.1359885754446,597.5380957950608,27168713
2026-01-23,588.1475219726562,595.0669045840992,588.1475219726562,590.6187300481716,19177660
2026-01-26,592.595703125,598.0323609518349,587.1590452981651,588.1475285394079,17439619
2026-01-27,600.0093383789062,603.4690297863629,591.6072306750831,593.089955563993,23887447
2026-01-28,613.8480834960938,615.8250499485771,603.4690096205559,605.9402176861602,25577066
2026-01-29,614.8366088867188,617.802058768809,605.4460175934329,607.4229841814931,22951530
2026-01-30,599.0208740234375,612.3653984447517,598.5266323782037,607.917223637647,21479886
2026-02-02,591.6072387695312,597.5381384063185,583.6993725871482,591.1129971331322,27926332
2026-02-03,574.3087768554688,594.572683784104,554.5391115592392,591.6072339896697,65128647
2026-02-04,551.5736694335938,567.8836435297484,551.5736694335938,565.4124353333614,60374834
2026-02-05,552.06787109375,555.0333207146654,534.7694149717436,543.6657638344897,79306977
2026-02-06,541.194580078125,551.0794125909674,536.7464054473459,539.7118552011985,35402860
2026-02-09,553.5505981445312,556.0218061719622,543.6657660348075,543.6657660348075,26375723
2026-02-10,544.654296875,559.481546336207,540.7003636853449,556.5160964439656,29211865
2026-02-11,541.6888427734375,544.1600509977688,536.7464263247747,536.7464263247747,23759058
2026-02-12,529.332763671875,534.7694213753209,524.3903475778332,530.8154885000876,39790780
2026-02-13,525.8731079101562,528.3443161240198,518.9537249113383,519.4479665541111,26900740
2026-02-16,528.3442993164062,528.3442993164062,528.3442993164062,528.3442993164062,0
2026-02-20,515.98828125,526.8615975215517,512.0343480603449,525.378872575431,21351884
2026-02-23,531.8040161132812,536.7464326199103,521.9191831000232,522.907666401349,22136687
2026-02-24,514.0112915039062,528.344298670842,510.0573584923377,528.344298670842,36134943
2026-02-25,516.4824829101562,522.9076238458807,515.9882412997159,516.4824829101562,22838866
2026-02-26,506.1034240722656,523.4018809497356,506.1034240722656,522.9076393246651,25547825
2026-02-27,512.0343017578125,524.3903418581458,504.6206776976125,504.6206776976125,32229030
2026-03-02,508.08038330078125,514.0112827167437,501.1610006488251,505.60917521079693,30816358
2026-03-03,504.6206970214844,519.4479457096769,504.6206970214844,512.0343213655807,27370602
2026-03-04,500.1725158691406,509.0688649656273,493.0554245255056,500.1725158691406,32965198
2026-03-05,496.2185974121094,509.56312144610035,495.7243557812208,503.6322218754377,23955443
2026-03-06,513.0228271484375,515.9882770163475,496.2186112302806,498.1955778088873,30359878
2026-03-09,510.0573425292969,511.5400673622309,496.7128190328909,496.7128190328909,31383491
2026-03-10,547.12548828125,549.5966964487353,518.9537151719173,518.9537151719173,57862244
2026-03-11,545.6427612304688,571.3433260710343,541.688828178074,571.3433260710343,47623240
2026-03-12,540.2061157226562,550.5851902241894,535.2636992933548,544.1600488660974,19663840
2026-03-13,541.194580078125,552.0678958422517,536.7464054473459,540.2060968268407,17183958
2026-03-16,552.06787109375,558.9872535425526,537.2406229891731,544.6542470414615,24217363
2026-03-17,543.665771484375,559.4815030184659,542.6772882634943,556.5160533558238,22872974
2026-03-18,544.1600341796875,545.6427590684605,536.2521681062316,540.2061011429595,21350876
2026-03-19,507.0919189453125,523.4018929464775,506.1034356725146,521.9191680372807,59432770
2026-03-20,502.1495056152344,513.022821681706,499.18405577892395,499.18405577892395,24924662
2026-03-23,492.6600341796875,500.17251273622117,489.4969059537514,492.0669382104138,35123702
2026-03-24,508.08038330078125,514.0112827167437,494.24161799686897,502.14948388481884,29358876
2026-03-25,499.67828369140625,515.4940157172471,496.2185923107536,513.0228075882094,37353909
2026-03-26,489.8923034667969,501.6552480781654,489.2992074851071,495.2301069697751,22623215
2026-03-27,487.7176208496094,492.4623584649601,481.9844301679391,485.54297583792356,20345920
2026-03-30,476.05352783203125,480.2051392829338,470.51801573138044,479.4143647683183,28410968
2026-03-31,478.4259033203125,486.33376949089615,474.47197023502065,478.82129059561856,25801397
2026-04-01,490.88079833984375,498.1955685109481,487.32225253154246,498.1955685109481,21275055
2026-04-02,483.5660095214844,490.2876834376516,479.4143678775424,490.2876834376516,17030828
2026-04-08,502.1495056152344,504.1264721727747,495.23012266384336,498.68981413953884,32856156
2026-04-09,502.64373779296875,508.5746373539477,497.20707986207134,500.6667712726424,20722763
2026-04-10,498.6897888183594,508.08037948986464,495.2300975183311,502.14948011838766,20671874
2026-04-13,484.3567810058594,497.20706295091276,482.1821058410201,492.6600340755941,21140848
2026-04-14,487.51995849609375,491.67157011054564,480.60057563922527,491.67157011054564,17833779
2026-04-15,493.2531433105469,504.1264590949477,491.6715640723201,494.24162656367423,20288791
2026-04-16,511.04583740234375,511.04583740234375,498.19555522394825,500.66676333517813,22559081
2026-04-17,504.6206970214844,511.04583811970116,500.17252241502666,506.10342189030365,13747249
2026-04-20,516.4824829101562,520.436415793679,498.689784934304,503.6322010387074,23428202
2026-04-21,513.0228271484375,519.4479685289093,509.5631356358758,516.9767603056509,13113816
2026-04-22,498.195556640625,508.5746307373047,496.2185901460193,507.58614749000185,23170931
2026-04-23,489.4969177246094,496.2185917617085,489.4969177246094,494.24162526066584,23497267
2026-04-24,487.7176208496094,489.29920005472627,481.3913341952559,481.3913341952559,18566187
2026-04-27,473.0881042480469,485.34529089736407,472.4950082463137,484.35680761651406,45048027
2026-04-28,468.3433532714844,476.0535407456486,466.5640954822776,470.51802849483926,25793090
2026-04-29,473.6811828613281,475.06505337049424,469.1341539031126,469.1341539031126,19321018
2026-04-30,462.4124450683594,469.33182771039367,457.8654463221998,468.54105318917834,38406905
2026-05-04,467.5525817871094,473.28577262629807,464.3894232899683,464.3894232899683,23758824
2026-05-05,466.7618103027344,466.95948885627837,460.2378147134768,463.5986517848776,13004679
2026-05-06,457.6677551269531,467.94797512681924,454.9000140306445,465.18023403051063,44367227
2026-05-07,471.9018859863281,475.46043163260157,466.76179131159006,466.76179131159006,40989511
2026-05-08,465.97100830078125,470.1226501088541,463.0055584853336,469.52955411254146,25207039
2026-05-11,459.0516052246094,465.7733092772349,458.2608307083542,459.6447011948578,27814648
2026-05-12,451.9345397949219,463.5986297127196,451.9345397949219,456.67924717969396,32469707
2026-05-13,457.2723693847656,460.4354977674243,448.77140718028596,450.74837373174097,26616535
2026-05-14,454.8999938964844,474.07656249929533,453.3184146974031,468.7387590977459,39339032
2026-05-15,456.3999938964844,462.6000061035156,454.20001220703125,459.0,26449868
2026-05-18,449.20001220703125,457.79998779296875,445.79998779296875,455.0,29497076
2026-05-19,460.0,468.79998779296875,448.6000061035156,449.20001220703125,33736701
2026-05-20,455.20001220703125,463.3999938964844,453.6000061035156,460.0,18927606
2026-05-21,439.0,460.0,438.3999938964844,460.0,39653795
2026-05-22,441.3999938964844,445.0,438.79998779296875,442.20001220703125,23998219
2026-05-26,439.0,441.0,432.0,438.0,32795639
2026-05-27,434.3999938964844,442.6000061035156,433.6000061035156,435.79998779296875,24863984
2026-05-28,425.0,432.79998779296875,420.3999938964844,431.0,42196103
2026-05-29,427.20001220703125,438.3999938964844,423.6000061035156,428.20001220703125,48005475
2026-06-01,436.0,442.0,430.0,432.3999938964844,35164391
2026-06-02,481.6000061035156,484.79998779296875,437.3999938964844,438.0,101874275
2026-06-03,466.3999938964844,484.0,461.6000061035156,484.0,49104320
2026-06-04,459.0,468.6000061035156,454.79998779296875,462.6000061035156,29053909
2026-06-05,453.20001220703125,466.20001220703125,452.20001220703125,461.6000061035156,31649780
2026-06-08,446.3999938964844,458.20001220703125,443.20001220703125,447.79998779296875,29019096
2026-06-09,453.20001220703125,468.3999938964844,443.20001220703125,443.79998779296875,37387399
2026-06-10,465.6000061035156,471.0,451.6000061035156,454.79998779296875,35788237
2026-06-11,457.20001220703125,475.6000061035156,455.0,469.79998779296875,28580619
2026-06-12,463.6000061035156,467.0,459.3999938964844,466.0,22334646
2026-06-15,459.6000061035156,476.79998779296875,457.79998779296875,475.0,19748938
2026-06-16,447.3999938964844,462.6000061035156,445.3999938964844,462.6000061035156,24323142
2026-06-17,445.3999938964844,454.0,445.3999938964844,445.6000061035156,16962334
2026-06-18,440.20001220703125,446.20001220703125,435.6000061035156,440.0,30119117
2026-06-22,433.0,439.0,428.3999938964844,439.0,31563111
2026-06-23,414.79998779296875,432.3999938964844,413.6000061035156,430.0,43435789
2026-06-24,428.79998779296875,439.79998779296875,412.6000061035156,414.0,39958288
2026-06-25,421.3999938964844,428.6000061035156,418.0,428.6000061035156,29472428
2026-06-26,411.79998779296875,421.20001220703125,411.0,418.0,31872909
2026-06-29,420.20001220703125,432.0,415.0,417.0,33066070
2026-06-30,429.79998779296875,435.6000061035156,418.3999938964844,421.20001220703125,38994409
2026-07-02,430.20001220703125,447.0,429.3999938964844,442.6000061035156,40905100
2026-07-03,431.20001220703125,445.79998779296875,431.20001220703125,433.0,24957296
2026-07-06,452.0,453.3999938964844,425.3999938964844,432.79998779296875,41502083
2026-07-07,461.20001220703125,479.79998779296875,457.0,459.0,55418434
2026-07-08,478.79998779296875,482.79998779296875,460.6000061035156,461.20001220703125,56278627
2026-07-09,469.6000061035156,485.0,467.20001220703125,479.0,42402152
2026-07-10,460.20001220703125,473.6000061035156,458.79998779296875,472.79998779296875,40440298
2026-07-13,457.6000061035156,473.79998779296875,456.20001220703125,463.20001220703125,24291842
2026-07-14,456.20001220703125,459.20001220703125,447.3999938964844,457.6000061035156,25540540
2026-07-15,474.0,476.3999938964844,455.3999938964844,467.6000061035156,33780856
2026-07-16,484.0,494.79998779296875,477.3999938964844,478.0,42851475
2026-07-17,461.6000061035156,488.79998779296875,458.0,488.79998779296875,36237657
2026-07-20,477.79998779296875,481.79998779296875,465.6000061035156,465.6000061035156,30822839
2026-07-21,474.0,482.6000061035156,472.79998779296875,478.20001220703125,21362780
2026-07-22,440.6000061035156,468.0,440.6000061035156,468.0,66379871
2026-07-23,445.20001220703125,450.79998779296875,439.0,440.0,22888528
2026-07-24,434.6000061035156,438.79998779296875,432.0,438.20001220703125,22959603
2026-07-27,443.0,446.3999938964844,435.3999938964844,438.79998779296875,14454552
2026-07-28,447.20001220703125,452.0,441.6000061035156,447.79998779296875,18143997
2026-07-29,466.3999938964844,469.3999938964844,450.0,453.0,36203193
2026-07-30,471.79998779296875,475.0,462.79998779296875,466.3999938964844,31791979
2026-07-31,475.20001220703125,479.79998779296875,462.0,470.0,31100240
2026-08-03,490.3999938964844,491.0,480.6000061035156,482.0,38649910
2026-08-04,487.6000061035156,494.79998779296875,480.79998779296875,491.0,24860019
2026-08-05,492.20001220703125,497.79998779296875,482.20001220703125,493.3999938964844,25662478
2026-08-06,479.20001220703125,491.0,479.0,491.0,21801977
2026-08-07,478.79998779296875,483.20001220703125,475.3999938964844,479.0,16319939
2026-08-10,481.3999938964844,483.6000061035156,476.3999938964844,479.0,15508724
2026-08-11,470.79998779296875,483.79998779296875,469.6000061035156,481.20001220703125,19558079
2026-08-12,461.6000061035156,467.20001220703125,456.20001220703125,464.6000061035156,27593015
2026-08-13,441.0,452.20001220703125,439.6000061035156,446.3999938964844,66424623
2026-08-14,440.0,445.0,436.0,436.0,30601060
2026-08-17,446.3999938964844,450.3999938964844,442.6000061035156,444.79998779296875,19842808
2026-08-18,442.3999938964844,446.20001220703125,437.6000061035156,444.20001220703125,23218078
2026-08-19,447.20001220703125,449.3999938964844,438.20001220703125,438.20001220703125,19773887
2026-08-20,451.3999938964844,457.3999938964844,448.79998779296875,454.6000061035156,19621298
2026-08-21,457.0,457.20001220703125,445.0,451.0,22326906
2026-08-24,440.0,451.3999938964844,438.3999938964844,450.0,29180102
2026-08-25,442.0,444.6000061035156,438.0,440.0,13032108
2026-08-26,445.3999938964844,450.0,443.20001220703125,445.0,14643242
2026-08-27,447.79998779296875,451.79998779296875,446.6000061035156,450.79998779296875,11487100
